entropy,true_label,prediction
0.2248115986585617,0.0,1
0.4750358462333679,0.0,1
0.15163332223892212,0.0,1
0.5054893493652344,0.0,1
0.8159920573234558,0.0,1
0.393507719039917,0.0,1
0.327915757894516,0.0,1
0.7253161668777466,0.0,1
0.23212185502052307,0.0,1
0.22344839572906494,0.0,1
0.9646016955375671,0.0,0
0.03924153372645378,0.0,1
0.45742568373680115,0.0,1
0.8396884202957153,0.0,1
0.1056629866361618,0.0,1
0.30912548303604126,0.0,1
1.6900246143341064,0.0,0
0.41527658700942993,0.0,1
0.4697275757789612,0.0,1
0.03255441039800644,0.0,1
0.8027845621109009,0.0,1
0.2680845856666565,0.0,1
0.1633072793483734,0.0,1
0.32722097635269165,0.0,1
0.2817590832710266,0.0,1
0.04780612140893936,0.0,1
1.1317274570465088,0.0,0
1.0906391143798828,0.0,0
0.3484206795692444,0.0,1
0.06470116972923279,0.0,1
0.0766855925321579,0.0,1
0.30491775274276733,0.0,1
0.3729356527328491,0.0,1
0.4905768036842346,0.0,1
1.0226763486862183,0.0,0
0.2671586871147156,0.0,1
0.6266738176345825,0.0,1
0.14533299207687378,0.0,1
0.5703731179237366,0.0,1
0.0785297304391861,0.0,1
0.16714878380298615,0.0,1
0.4465438425540924,0.0,1
0.02174338512122631,0.0,1
0.4670698642730713,0.0,1
0.5695604085922241,0.0,1
1.0156338214874268,0.0,0
1.2318912744522095,0.0,0
0.09957818686962128,0.0,1
0.8438806533813477,0.0,1
0.4346422255039215,0.0,1
1.8828918933868408,0.0,0
1.4209314584732056,0.0,0
0.6478327512741089,0.0,1
0.08135773241519928,0.0,1
1.462444543838501,0.0,0
0.11896128952503204,0.0,1
0.6573547124862671,0.0,1
0.20142999291419983,0.0,1
0.1399177461862564,0.0,1
1.6873146295547485,0.0,0
0.1430968940258026,0.0,1
0.3522845208644867,0.0,1
0.2898803949356079,0.0,1
0.38902032375335693,0.0,1
0.7676423788070679,0.0,1
0.19617703557014465,0.0,1
0.22199074923992157,0.0,1
0.16888052225112915,0.0,1
0.3697226941585541,0.0,1
1.365440011024475,0.0,0
0.19833312928676605,0.0,1
0.6635589599609375,0.0,1
0.16803677380084991,0.0,1
0.5448734760284424,0.0,1
0.42754706740379333,0.0,1
0.07787695527076721,0.0,1
0.12274203449487686,0.0,1
0.2843841016292572,0.0,1
0.14766359329223633,0.0,1
0.10929330438375473,0.0,1
0.7896865606307983,0.0,1
0.2739694118499756,0.0,1
0.4453502297401428,0.0,1
0.1319803148508072,0.0,1
0.3511914610862732,0.0,1
0.2832810580730438,0.0,1
0.07997468113899231,0.0,1
0.7170253396034241,0.0,1
0.06094047427177429,0.0,1
0.9873725175857544,0.0,0
0.031802814453840256,0.0,1
0.4460933804512024,0.0,1
0.8755636215209961,0.0,0
0.7759873270988464,0.0,1
0.3581557869911194,0.0,1
0.16605225205421448,0.0,1
1.2530208826065063,0.0,0
0.653632640838623,0.0,1
0.28659409284591675,0.0,1
0.37494176626205444,0.0,1
0.2567273676395416,0.0,1
1.1620662212371826,0.0,0
0.23032955825328827,0.0,1
0.431469202041626,0.0,1
0.7720719575881958,0.0,1
0.1053786501288414,0.0,1
0.32780593633651733,0.0,1
1.091439962387085,0.0,0
0.24636638164520264,0.0,1
0.7638760209083557,0.0,1
0.45684900879859924,0.0,1
1.1942838430404663,0.0,0
0.7906859517097473,0.0,1
0.6372036933898926,0.0,1
0.9107144474983215,0.0,0
0.09523193538188934,0.0,1
0.8969813585281372,0.0,0
0.291534960269928,0.0,1
0.47237762808799744,0.0,1
0.36666566133499146,0.0,1
0.5981744527816772,0.0,1
0.1970941722393036,0.0,1
0.2850155234336853,0.0,1
1.4654022455215454,0.0,0
1.0295742750167847,0.0,0
0.2318200320005417,0.0,1
0.5216603875160217,0.0,1
1.2508944272994995,0.0,0
0.19700321555137634,0.0,1
0.47891631722450256,0.0,1
0.8924533128738403,0.0,0
1.15451180934906,0.0,0
0.7579652070999146,0.0,1
0.9174765348434448,0.0,0
0.04096812754869461,0.0,1
0.5488783717155457,0.0,1
0.6752873659133911,0.0,1
0.2726718485355377,0.0,1
0.0575094148516655,0.0,1
0.8619972467422485,0.0,1
0.5783814191818237,0.0,1
0.19455960392951965,0.0,1
0.24968568980693817,0.0,1
0.2807193398475647,0.0,1
0.6842126250267029,0.0,1
0.3501929044723511,0.0,1
0.5055763721466064,0.0,1
1.2679837942123413,0.0,0
0.6626724004745483,0.0,1
0.7370980978012085,0.0,1
0.5689411759376526,0.0,1
0.17597836256027222,0.0,1
0.3674739897251129,0.0,1
0.14019736647605896,0.0,1
0.1276942789554596,0.0,1
0.5554072260856628,0.0,1
0.4972364008426666,0.0,1
0.7395995855331421,0.0,1
1.0403194427490234,0.0,0
1.5329349040985107,0.0,0
0.30000847578048706,0.0,1
0.9534822702407837,0.0,0
0.08472168445587158,0.0,1
0.33807653188705444,0.0,1
1.0362355709075928,0.0,0
0.29092973470687866,0.0,1
0.30606168508529663,0.0,1
0.2746591567993164,0.0,1
0.66856849193573,0.0,1
1.0297294855117798,0.0,0
0.3059055209159851,0.0,1
0.6027382612228394,0.0,1
0.11808298528194427,0.0,1
0.42397770285606384,0.0,1
0.34772923588752747,0.0,1
0.35433754324913025,0.0,1
1.0723553895950317,0.0,0
0.18700584769248962,0.0,1
0.5552308559417725,0.0,1
1.0900261402130127,0.0,0
0.9160344004631042,0.0,0
0.058141209185123444,0.0,1
0.19639773666858673,0.0,1
0.8561123609542847,0.0,1
0.45309895277023315,0.0,1
0.41871100664138794,0.0,1
1.0625791549682617,0.0,0
0.03341738134622574,0.0,1
0.8373227119445801,0.0,1
0.27826160192489624,0.0,1
0.22907738387584686,0.0,1
0.377740740776062,0.0,1
0.8032823801040649,0.0,1
0.5851423144340515,0.0,1
0.18364502489566803,0.0,1
0.2502925992012024,0.0,1
0.34319713711738586,0.0,1
1.3911783695220947,0.0,0
0.22594206035137177,0.0,1
0.20275136828422546,0.0,1
0.49488797783851624,0.0,1
1.0008084774017334,0.0,0
0.6878913044929504,0.0,1
0.31567683815956116,0.0,1
0.6558213233947754,0.0,1
0.4764445722103119,0.0,1
0.28690826892852783,0.0,1
0.22859127819538116,0.0,1
0.8683714866638184,0.0,1
0.18645769357681274,0.0,1
0.6312968134880066,0.0,1
0.3048520088195801,0.0,1
0.15549299120903015,0.0,1
0.7104383707046509,0.0,1
0.5975027680397034,0.0,1
0.2679535448551178,0.0,1
0.35081326961517334,0.0,1
0.18261463940143585,0.0,1
0.7107540965080261,0.0,1
0.6554890871047974,0.0,1
0.21243052184581757,0.0,1
0.38173264265060425,0.0,1
0.7579044103622437,0.0,1
0.7420628070831299,0.0,1
0.4006212651729584,0.0,1
1.4515482187271118,0.0,0
0.23994414508342743,0.0,1
0.04480557143688202,0.0,1
0.25102776288986206,0.0,1
0.2762613892555237,0.0,1
0.032354936003685,0.0,1
0.2629123032093048,0.0,1
1.5667171478271484,0.0,0
0.12114095687866211,0.0,1
0.5315530896186829,0.0,1
1.1854467391967773,0.0,0
0.03801458328962326,0.0,1
0.8410609364509583,0.0,1
0.5514498949050903,0.0,1
0.2797437012195587,0.0,1
0.2934158444404602,0.0,1
0.4747067093849182,0.0,1
0.3166329860687256,0.0,1
1.058598279953003,0.0,0
0.08629518747329712,0.0,1
0.2842283248901367,0.0,1
0.4950593411922455,0.0,1
0.9796208143234253,0.0,0
0.2559593915939331,0.0,1
0.25325849652290344,0.0,1
0.6987473368644714,0.0,1
0.21435530483722687,0.0,1
0.45246464014053345,0.0,1
0.4390779137611389,0.0,1
0.8848212361335754,0.0,0
0.9907013773918152,0.0,0
0.3809627294540405,0.0,1
0.09082731604576111,0.0,1
0.38357025384902954,0.0,1
0.3172188401222229,0.0,1
0.6293104887008667,0.0,1
0.16336606442928314,0.0,1
0.6771131157875061,0.0,1
0.17366951704025269,0.0,1
0.6470879316329956,0.0,1
0.8480531573295593,0.0,1
0.5231912136077881,0.0,1
0.22650928795337677,0.0,1
0.563133716583252,0.0,1
0.8520309329032898,0.0,1
0.12241572141647339,0.0,1
0.6191225647926331,0.0,1
0.30696946382522583,0.0,1
0.23884347081184387,0.0,1
1.2467628717422485,0.0,0
1.4113785028457642,0.0,0
0.08719269931316376,0.0,1
0.40284690260887146,0.0,1
0.16290822625160217,0.0,1
0.6248081922531128,0.0,1
0.4894760549068451,0.0,1
0.7550188302993774,0.0,1
1.5067065954208374,0.0,0
0.5771902799606323,0.0,1
0.6476840376853943,0.0,1
1.1172090768814087,0.0,0
1.478306770324707,0.0,0
1.0820410251617432,0.0,0
0.17592763900756836,0.0,1
0.9998725652694702,0.0,0
0.4909922480583191,0.0,1
0.08113991469144821,0.0,1
0.38839098811149597,0.0,1
0.9456227421760559,0.0,0
0.21336689591407776,0.0,1
0.11853709071874619,0.0,1
0.182647243142128,0.0,1
0.6903235912322998,0.0,1
1.049900770187378,0.0,0
0.10388269275426865,0.0,1
0.23620100319385529,0.0,1
0.23051214218139648,0.0,1
0.9923540353775024,0.0,0
0.42121872305870056,0.0,1
0.773474395275116,0.0,1
0.20423206686973572,0.0,1
0.8746692538261414,0.0,0
0.4773895740509033,0.0,1
0.16059735417366028,0.0,1
0.43634361028671265,0.0,1
0.09374728798866272,0.0,1
0.252265065908432,0.0,1
0.5858869552612305,0.0,1
0.2873888611793518,0.0,1
0.6943365931510925,0.0,1
0.668798565864563,0.0,1
0.03123421035706997,0.0,1
1.2103626728057861,0.0,0
0.13503055274486542,0.0,1
0.07155738770961761,0.0,1
0.15676020085811615,0.0,1
0.38910171389579773,0.0,1
0.4898032546043396,0.0,1
0.4525337219238281,0.0,1
0.78001469373703,0.0,1
0.09403570741415024,0.0,1
0.624825119972229,0.0,1
1.028725504875183,0.0,0
0.1439172774553299,0.0,1
0.15178652107715607,0.0,1
0.1612527221441269,0.0,1
0.25086677074432373,0.0,1
0.20535609126091003,0.0,1
0.49455857276916504,0.0,1
0.573762059211731,0.0,1
1.1785370111465454,0.0,0
0.3786970376968384,0.0,1
0.4815031886100769,0.0,1
1.42093825340271,0.0,0
1.0262937545776367,0.0,0
0.3243409991264343,0.0,1
0.22395217418670654,0.0,1
0.2766227126121521,0.0,1
0.30690431594848633,0.0,1
0.6918392181396484,0.0,1
0.8122488856315613,0.0,1
0.19390836358070374,0.0,1
0.2403544932603836,0.0,1
0.21016523241996765,0.0,1
1.1658397912979126,0.0,0
0.37912511825561523,0.0,1
0.2479056566953659,0.0,1
0.6144128441810608,0.0,1
0.8129712343215942,0.0,1
0.9232314825057983,0.0,0
0.26274317502975464,0.0,1
0.07142125070095062,0.0,1
0.3478861451148987,0.0,1
0.2501094341278076,0.0,1
0.19544382393360138,0.0,1
0.5682923197746277,0.0,1
0.43452414870262146,0.0,1
0.3325386643409729,0.0,1
0.5292348265647888,0.0,1
0.927380383014679,0.0,0
1.1608611345291138,0.0,0
0.41961684823036194,0.0,1
0.47537142038345337,0.0,1
0.276581346988678,0.0,1
0.3502456545829773,0.0,1
1.462618112564087,0.0,0
0.4826602339744568,0.0,1
1.1913573741912842,0.0,0
0.2133416384458542,0.0,1
0.1232125535607338,0.0,1
0.5678192973136902,0.0,1
0.0628441795706749,0.0,1
0.732736349105835,0.0,1
0.18906760215759277,0.0,1
0.3174644708633423,0.0,1
0.6190905570983887,0.0,1
0.3527582883834839,0.0,1
0.9734846353530884,0.0,0
0.13628843426704407,0.0,1
0.8441863059997559,0.0,1
0.19028273224830627,0.0,1
0.25747150182724,0.0,1
0.4280685484409332,0.0,1
0.4775817394256592,0.0,1
0.3724291920661926,0.0,1
1.0326364040374756,0.0,0
0.030064782127738,0.0,1
0.9354815483093262,0.0,0
1.100219964981079,0.0,0
1.0087722539901733,0.0,0
0.293477326631546,0.0,1
0.1640801578760147,0.0,1
0.7737313508987427,0.0,1
0.03584577143192291,0.0,1
0.7000700831413269,0.0,1
0.877511203289032,0.0,0
0.33874621987342834,0.0,1
0.3202356696128845,0.0,1
0.6203086376190186,0.0,1
0.8613192439079285,0.0,1
0.8522907495498657,0.0,1
0.5267839431762695,0.0,1
0.23468442261219025,0.0,1
0.07896267622709274,0.0,1
0.1693446934223175,0.0,1
0.989355742931366,0.0,0
1.0152958631515503,0.0,0
0.03383895009756088,0.0,1
0.18858258426189423,0.0,1
0.6909859776496887,0.0,1
0.33812281489372253,0.0,1
0.3161246180534363,0.0,1
0.1533946841955185,0.0,1
0.08996552228927612,0.0,1
0.20325128734111786,0.0,1
0.31461215019226074,0.0,1
1.2375731468200684,0.0,0
0.19105061888694763,0.0,1
0.29000550508499146,0.0,1
0.4616549015045166,0.0,1
0.2791319191455841,0.0,1
0.8674356341362,0.0,1
0.937809944152832,0.0,0
0.17081746459007263,0.0,1
0.557020902633667,0.0,1
0.955235481262207,0.0,0
1.0413439273834229,0.0,0
0.30814820528030396,0.0,1
1.159930944442749,0.0,0
0.24149255454540253,0.0,1
1.2511518001556396,0.0,0
0.705215334892273,0.0,1
1.0322322845458984,0.0,0
0.7494459748268127,0.0,1
0.3932904601097107,0.0,1
0.2596292495727539,0.0,1
1.224350929260254,0.0,0
0.8259347677230835,0.0,1
0.14068922400474548,0.0,1
1.3875882625579834,0.0,0
0.9682302474975586,0.0,0
1.0841443538665771,0.0,0
1.4673116207122803,0.0,0
0.09205322712659836,0.0,1
0.48119282722473145,0.0,1
0.36366531252861023,0.0,1
1.0178251266479492,0.0,0
0.7056421637535095,0.0,1
0.10986460745334625,0.0,1
1.047516942024231,0.0,0
0.6603478193283081,0.0,1
0.07136370986700058,0.0,1
0.34589698910713196,0.0,1
0.29364627599716187,0.0,1
0.2973669767379761,0.0,1
1.1250358819961548,0.0,0
0.07602189481258392,0.0,1
0.31546032428741455,0.0,1
0.0899091586470604,0.0,1
0.9668463468551636,0.0,0
0.21336884796619415,0.0,1
1.0787805318832397,0.0,0
0.6609686017036438,0.0,1
0.22761814296245575,0.0,1
0.276878297328949,0.0,1
1.37655770778656,0.0,0
0.6545584201812744,0.0,1
0.21650972962379456,0.0,1
1.2742650508880615,0.0,0
0.5301049947738647,0.0,1
0.12762565910816193,0.0,1
0.28969210386276245,0.0,1
0.2132948637008667,0.0,1
0.39885368943214417,0.0,1
0.14268679916858673,0.0,1
0.9685350656509399,0.0,0
0.2717769742012024,0.0,1
0.8993851542472839,0.0,0
0.04635461047291756,0.0,1
0.09195424616336823,0.0,1
0.33034205436706543,0.0,1
0.34023618698120117,0.0,1
0.35383760929107666,0.0,1
1.4530391693115234,0.0,0
0.1196393370628357,0.0,1
1.151186227798462,0.0,0
1.3879687786102295,0.0,0
0.8007458448410034,0.0,1
0.2396177351474762,0.0,1
0.24527335166931152,0.0,1
0.38501590490341187,0.0,1
0.3805451989173889,0.0,1
0.5863242149353027,0.0,1
0.5592758655548096,0.0,1
0.39892470836639404,0.0,1
0.13649959862232208,0.0,1
1.0897133350372314,0.0,0
0.37577491998672485,0.0,1
1.0702474117279053,0.0,0
0.1969950944185257,0.0,1
0.08997663110494614,0.0,1
0.25732696056365967,0.0,1
0.4969959259033203,0.0,1
0.9347550272941589,0.0,0
0.11078367382287979,0.0,1
1.396296739578247,0.0,0
0.1547732800245285,0.0,1
0.16637732088565826,0.0,1
0.05578158423304558,0.0,1
0.1404852569103241,0.0,1
0.6990562677383423,0.0,1
0.9363033175468445,0.0,0
0.27978700399398804,0.0,1
0.6233060359954834,0.0,1
0.33913367986679077,0.0,1
0.3220861554145813,0.0,1
0.3031619191169739,0.0,1
0.5075453519821167,0.0,1
0.41936731338500977,0.0,1
0.8226701021194458,0.0,1
0.09096779674291611,0.0,1
0.18786494433879852,0.0,1
0.4674321115016937,0.0,1
0.7820398211479187,0.0,1
0.27030012011528015,0.0,1
0.2960837483406067,0.0,1
0.6408734321594238,0.0,1
0.8154918551445007,0.0,1
0.38888323307037354,0.0,1
0.42061567306518555,0.0,1
0.6238734126091003,0.0,1
0.5281809568405151,0.0,1
0.891190230846405,0.0,0
0.23476704955101013,0.0,1
0.45822787284851074,0.0,1
0.2494082897901535,0.0,1
0.26305702328681946,0.0,1
1.4144147634506226,0.0,0
0.0444050095975399,0.0,1
0.4460136890411377,0.0,1
0.713046133518219,0.0,1
0.4730958938598633,0.0,1
0.6855231523513794,0.0,1
0.8079694509506226,0.0,1
0.9484050869941711,0.0,0
0.2716967463493347,0.0,1
1.3889250755310059,0.0,0
0.7644646167755127,0.0,1
0.18163789808750153,0.0,1
0.5021699666976929,0.0,1
1.081167221069336,0.0,0
1.691504716873169,0.0,0
0.41994667053222656,0.0,1
0.6705011129379272,0.0,1
0.11741163581609726,0.0,1
1.1591556072235107,0.0,0
0.8428345918655396,0.0,1
0.9006232023239136,0.0,0
0.3126523196697235,0.0,1
0.16487208008766174,0.0,1
0.3558809459209442,0.0,1
1.2395856380462646,0.0,0
0.03190847486257553,0.0,1
0.5527873635292053,0.0,1
0.34013015031814575,0.0,1
0.1791546791791916,0.0,1
1.6858364343643188,0.0,0
0.6031957864761353,0.0,1
0.17755842208862305,0.0,1
0.1558130383491516,0.0,1
0.8780201077461243,0.0,0
0.681910514831543,0.0,1
0.13211676478385925,0.0,1
0.41001349687576294,0.0,1
0.6854162812232971,0.0,1
0.3839589059352875,0.0,1
0.46410995721817017,0.0,1
0.4453190863132477,0.0,1
0.9567959904670715,0.0,0
0.837375283241272,0.0,1
0.8484393358230591,0.0,1
1.1019258499145508,0.0,0
0.21051938831806183,0.0,1
1.147765874862671,0.0,0
1.2324659824371338,0.0,0
0.5304607152938843,0.0,1
0.14149193465709686,0.0,1
0.9743332862854004,0.0,0
0.8563922643661499,0.0,1
0.0738379955291748,0.0,1
0.33950191736221313,0.0,1
0.1765313595533371,0.0,1
0.4683223366737366,0.0,1
1.0430151224136353,0.0,0
1.3572924137115479,0.0,0
0.4424070715904236,0.0,1
0.34847670793533325,0.0,1
1.190233826637268,0.0,0
0.9547718167304993,0.0,0
1.3550207614898682,0.0,0
0.13244090974330902,0.0,1
0.24944134056568146,0.0,1
0.9310402870178223,0.0,0
0.9937852621078491,0.0,0
0.022885404527187347,0.0,1
0.8147028088569641,0.0,1
1.268831729888916,0.0,0
0.44902950525283813,0.0,1
0.5738670229911804,0.0,1
0.7694945931434631,0.0,1
0.20948931574821472,0.0,1
0.9635456800460815,0.0,0
1.2744261026382446,0.0,0
0.912093997001648,0.0,0
0.8408575057983398,0.0,1
0.07399453222751617,0.0,1
0.3033217191696167,0.0,1
0.39847317337989807,0.0,1
0.31578752398490906,0.0,1
0.5168101191520691,0.0,1
0.27701637148857117,0.0,1
0.8497188687324524,0.0,1
0.20667067170143127,0.0,1
0.2442615032196045,0.0,1
0.7650631666183472,0.0,1
0.6174904704093933,0.0,1
0.25863325595855713,0.0,1
0.912427544593811,0.0,0
0.09361068904399872,0.0,1
1.0182377099990845,0.0,0
0.24614641070365906,0.0,1
0.2627841830253601,0.0,1
0.8332390785217285,0.0,1
0.5218828916549683,0.0,1
0.8189201354980469,0.0,1
0.7320356369018555,0.0,1
0.10226427018642426,0.0,1
1.2674624919891357,0.0,0
0.2857554256916046,0.0,1
0.5172399878501892,0.0,1
0.24405911564826965,0.0,1
1.134772539138794,0.0,0
0.8783818483352661,0.0,0
0.04689886420965195,0.0,1
1.11296808719635,0.0,0
0.32175755500793457,0.0,1
0.2818073630332947,0.0,1
0.9110826253890991,0.0,0
1.2744536399841309,0.0,0
0.18819883465766907,0.0,1
0.8834231495857239,0.0,0
1.2152206897735596,0.0,0
0.5975408554077148,0.0,1
0.9928984642028809,0.0,0
0.23455718159675598,0.0,1
0.13537797331809998,0.0,1
0.3810383081436157,0.0,1
0.4030028283596039,0.0,1
0.3322921693325043,0.0,1
0.103273905813694,0.0,1
0.1309860348701477,0.0,1
0.4518013894557953,0.0,1
0.12575092911720276,0.0,1
0.25804731249809265,0.0,1
0.1445886492729187,0.0,1
1.3927266597747803,0.0,0
0.42072755098342896,0.0,1
0.3386683762073517,0.0,1
1.099629282951355,0.0,0
0.1210908517241478,0.0,1
0.10886315256357193,0.0,1
0.8466140031814575,0.0,1
0.9446301460266113,0.0,0
1.1718274354934692,0.0,0
0.8426234126091003,0.0,1
0.14673402905464172,0.0,1
0.8654085993766785,0.0,1
0.3992130160331726,0.0,1
1.0615687370300293,0.0,0
0.3263523280620575,0.0,1
0.981685996055603,0.0,0
0.8592466115951538,0.0,1
0.4364449977874756,0.0,1
0.040936242789030075,0.0,1
0.44816818833351135,0.0,1
0.253970205783844,0.0,1
0.3189643323421478,0.0,1
1.9127819538116455,0.0,0
0.22662663459777832,0.0,1
0.8038773536682129,0.0,1
0.7197180986404419,0.0,1
0.05944395810365677,0.0,1
0.24352827668190002,0.0,1
0.576027512550354,0.0,1
0.4346637725830078,0.0,1
0.7150741815567017,0.0,1
0.8983597755432129,0.0,0
0.8178908228874207,0.0,1
0.31857478618621826,0.0,1
0.3330347537994385,0.0,1
0.3048257529735565,0.0,1
1.1734867095947266,0.0,0
0.6826980710029602,0.0,1
1.141493558883667,0.0,0
1.0935159921646118,0.0,0
0.9625159502029419,0.0,0
0.6328900456428528,0.0,1
0.21037521958351135,0.0,1
0.775755763053894,0.0,1
1.3343983888626099,0.0,0
0.07207963615655899,0.0,1
0.47553887963294983,0.0,1
0.07042159140110016,0.0,1
0.42290693521499634,0.0,1
0.424954891204834,0.0,1
0.8548122644424438,0.0,1
0.565618634223938,0.0,1
0.07669989764690399,0.0,1
0.47873443365097046,0.0,1
0.6594710946083069,0.0,1
0.21111297607421875,0.0,1
1.1661807298660278,0.0,0
1.4770424365997314,0.0,0
1.0478097200393677,0.0,0
0.1745593100786209,0.0,1
0.8391638994216919,0.0,1
0.21885254979133606,0.0,1
1.400816798210144,0.0,0
0.1714138388633728,0.0,1
0.13414688408374786,0.0,1
0.34609454870224,0.0,1
0.281425416469574,0.0,1
0.9362125396728516,0.0,0
0.278829962015152,0.0,1
0.11405336856842041,0.0,1
0.1637110412120819,0.0,1
0.881588339805603,0.0,0
0.3762952983379364,0.0,1
0.16539712250232697,0.0,1
1.0419597625732422,0.0,0
0.06822511553764343,0.0,1
1.14304518699646,0.0,0
0.051475364714860916,0.0,1
1.145411729812622,0.0,0
0.6276313066482544,0.0,1
0.21313557028770447,0.0,1
0.17752426862716675,0.0,1
0.35919222235679626,0.0,1
0.1848878711462021,0.0,1
0.9038591384887695,0.0,0
1.0796141624450684,0.0,0
0.050945281982421875,0.0,1
1.0351929664611816,0.0,0
0.5617271661758423,0.0,1
1.2961605787277222,0.0,0
1.7071386575698853,0.0,0
0.27755624055862427,0.0,1
0.2635839581489563,0.0,1
0.24170692265033722,0.0,1
0.27247464656829834,0.0,1
0.14199237525463104,0.0,1
0.25623270869255066,0.0,1
0.8329849243164062,0.0,1
0.5391297936439514,0.0,1
0.8755060434341431,0.0,0
0.7945336103439331,0.0,1
0.713642418384552,0.0,1
0.726294755935669,0.0,1
0.47435012459754944,0.0,1
0.09274455159902573,0.0,1
0.29467836022377014,0.0,1
0.8416398167610168,0.0,1
0.1883229911327362,0.0,1
0.34783658385276794,0.0,1
0.5668890476226807,0.0,1
0.18665660917758942,0.0,1
0.5519343614578247,0.0,1
0.37614619731903076,0.0,1
0.13672056794166565,0.0,1
0.38723328709602356,0.0,1
0.11549746990203857,0.0,1
0.2734099328517914,0.0,1
0.30209803581237793,0.0,1
0.6778374314308167,0.0,1
0.3947213590145111,0.0,1
1.2169537544250488,0.0,0
1.017103910446167,0.0,0
0.08172889798879623,0.0,1
0.545782744884491,0.0,1
0.1434258371591568,0.0,1
1.77553391456604,0.0,0
0.38573160767555237,0.0,1
0.530771017074585,0.0,1
0.9988055229187012,0.0,0
0.40222758054733276,0.0,1
0.20096103847026825,0.0,1
0.20294372737407684,0.0,1
1.2091970443725586,0.0,0
0.2192789614200592,0.0,1
0.19213037192821503,0.0,1
0.2124006450176239,0.0,1
0.10071871429681778,0.0,1
0.29356878995895386,0.0,1
0.07942309230566025,0.0,1
0.7949191331863403,0.0,1
0.18279895186424255,0.0,1
0.08690547943115234,0.0,1
1.123408317565918,0.0,0
0.3580729067325592,0.0,1
0.29589641094207764,0.0,1
0.4766274392604828,0.0,1
1.078977346420288,0.0,0
0.6335921287536621,0.0,1
0.4493010640144348,0.0,1
0.26072874665260315,0.0,1
0.5433964729309082,0.0,1
0.46194595098495483,0.0,1
0.8000588417053223,0.0,1
0.2868633568286896,0.0,1
0.33228379487991333,0.0,1
1.1264073848724365,0.0,0
0.3937634825706482,0.0,1
0.5283867120742798,0.0,1
1.0754330158233643,0.0,0
0.26798129081726074,0.0,1
0.8271192312240601,0.0,1
0.2790585160255432,0.0,1
0.28889891505241394,0.0,1
0.8916491270065308,0.0,0
0.1545596867799759,0.0,1
0.5796838998794556,0.0,1
0.38546475768089294,0.0,1
0.45886167883872986,0.0,1
0.22978901863098145,0.0,1
1.1154775619506836,0.0,0
1.126334547996521,0.0,0
0.48770570755004883,0.0,1
0.19082288444042206,0.0,1
0.924518883228302,0.0,0
0.12910674512386322,0.0,1
1.0418415069580078,0.0,0
0.06118060275912285,0.0,1
0.3789684474468231,0.0,1
0.8975009918212891,0.0,0
0.20917734503746033,0.0,1
0.19144997000694275,0.0,1
0.13285104930400848,0.0,1
1.6315195560455322,0.0,0
0.1279255598783493,0.0,1
0.6321101188659668,0.0,1
0.1777152121067047,0.0,1
0.20784378051757812,0.0,1
0.19342389702796936,0.0,1
0.5727412104606628,0.0,1
0.22703854739665985,0.0,1
0.7592042684555054,0.0,1
1.0172574520111084,0.0,0
0.14435850083827972,0.0,1
0.26130184531211853,0.0,1
0.2779309153556824,0.0,1
0.5274839401245117,0.0,1
0.7702617645263672,0.0,1
0.13263897597789764,0.0,1
1.0054905414581299,0.0,0
0.3735947012901306,0.0,1
0.4999081492424011,0.0,1
0.29964742064476013,0.0,1
0.8639222383499146,0.0,1
0.7601510286331177,0.0,1
0.6602779626846313,0.0,1
0.5123298168182373,0.0,1
0.1946127712726593,0.0,1
1.5834695100784302,0.0,0
0.3815540671348572,0.0,1
0.043861452490091324,0.0,1
0.8428674936294556,0.0,1
0.7708965539932251,0.0,1
0.9827778935432434,0.0,0
0.7573097944259644,0.0,1
0.29227304458618164,0.0,1
0.030012283474206924,0.0,1
0.1488310694694519,0.0,1
0.15645281970500946,0.0,1
0.610567033290863,0.0,1
1.1535844802856445,0.0,0
1.2904181480407715,0.0,0
0.24705445766448975,0.0,1
0.7531439661979675,0.0,1
1.4920095205307007,0.0,0
0.81773841381073,0.0,1
0.04924595355987549,0.0,1
0.6016005277633667,0.0,1
0.4005339741706848,0.0,1
0.028790706768631935,0.0,1
0.9726718664169312,0.0,0
0.4881116449832916,0.0,1
0.44026875495910645,0.0,1
0.5541459918022156,0.0,1
0.5754899978637695,0.0,1
0.7366880178451538,0.0,1
0.5629008412361145,0.0,1
0.24240267276763916,0.0,1
1.5073230266571045,0.0,0
0.4135854244232178,0.0,1
0.3600826859474182,0.0,1
0.049741532653570175,0.0,1
0.1742241233587265,0.0,1
0.22752876579761505,0.0,1
0.19474025070667267,0.0,1
0.2138952761888504,0.0,1
0.10690879821777344,0.0,1
0.5683075785636902,0.0,1
0.9724356532096863,0.0,0
0.6738032698631287,0.0,1
1.4369490146636963,0.0,0
0.17002694308757782,0.0,1
1.0256274938583374,0.0,0
0.9704307317733765,0.0,0
0.6335935592651367,0.0,1
0.7063300609588623,0.0,1
1.0705397129058838,0.0,0
0.24451005458831787,0.0,1
0.5497933626174927,0.0,1
1.0960017442703247,0.0,0
0.6417722702026367,0.0,1
0.10705886781215668,0.0,1
0.42442139983177185,0.0,1
0.7359009385108948,0.0,1
0.9159743189811707,0.0,0
0.38257861137390137,0.0,1
0.28839197754859924,0.0,1
1.290151834487915,0.0,0
0.19399085640907288,0.0,1
1.260183334350586,0.0,0
0.6619057059288025,0.0,1
1.0309947729110718,0.0,0
0.2559334635734558,0.0,1
0.19076427817344666,0.0,1
1.0319581031799316,0.0,0
0.7216180562973022,0.0,1
1.3786746263504028,0.0,0
0.3069641888141632,0.0,1
0.3431287407875061,0.0,1
0.36586278676986694,0.0,1
0.14255517721176147,0.0,1
0.8332562446594238,0.0,1
0.45952796936035156,0.0,1
0.17141811549663544,0.0,1
0.3547201156616211,0.0,1
0.34978771209716797,0.0,1
0.16227750480175018,0.0,1
0.40572589635849,0.0,1
0.6057710647583008,0.0,1
0.3693163990974426,0.0,1
0.567625880241394,0.0,1
0.7349815368652344,0.0,1
1.1877593994140625,0.0,0
0.16486133635044098,0.0,1
0.1398649960756302,0.0,1
0.5296140313148499,0.0,1
1.2294089794158936,0.0,0
0.38439613580703735,0.0,1
0.33199793100357056,0.0,1
0.7806220054626465,0.0,1
0.10480369627475739,0.0,1
0.9698917269706726,0.0,0
0.974517822265625,0.0,0
0.42315077781677246,0.0,1
1.8619003295898438,0.0,0
0.44044461846351624,0.0,1
0.24334576725959778,0.0,1
0.116024449467659,0.0,1
1.311047911643982,0.0,0
0.369343101978302,0.0,1
0.2411860227584839,0.0,1
0.32943299412727356,0.0,1
0.43150395154953003,0.0,1
1.2811188697814941,0.0,0
1.0808179378509521,0.0,0
0.18102271854877472,0.0,1
0.17485877871513367,0.0,1
0.5083171725273132,0.0,1
1.2113628387451172,0.0,0
0.49468812346458435,0.0,1
1.1520131826400757,0.0,0
1.0024842023849487,0.0,0
0.8963140249252319,0.0,0
0.5999285578727722,0.0,1
0.6752764582633972,0.0,1
0.11771199852228165,0.0,1
0.12508240342140198,0.0,1
0.33420559763908386,0.0,1
0.7531039118766785,0.0,1
0.45739859342575073,0.0,1
0.25659722089767456,0.0,1
0.6855725049972534,0.0,1
0.4806036353111267,0.0,1
1.5586774349212646,0.0,0
0.31922274827957153,0.0,1
0.17282679677009583,0.0,1
0.42528238892555237,0.0,1
0.41549625992774963,0.0,1
0.32433077692985535,0.0,1
0.9902108907699585,0.0,0
0.4610249102115631,0.0,1
0.5406049489974976,0.0,1
0.4753377437591553,0.0,1
0.14425358176231384,0.0,1
1.2375190258026123,0.0,0
0.4119923710823059,0.0,1
0.6301059126853943,0.0,1
0.4847562313079834,0.0,1
1.1705894470214844,0.0,0
0.6435624361038208,0.0,1
0.1562764048576355,0.0,1
1.159790277481079,0.0,0
0.7871813774108887,0.0,1
1.0399800539016724,0.0,0
0.46463972330093384,0.0,1
0.32945510745048523,0.0,1
1.2848708629608154,0.0,0
0.12943944334983826,0.0,1
0.5142297744750977,0.0,1
0.5311506986618042,0.0,1
0.6498430967330933,0.0,1
0.16729167103767395,0.0,1
0.7424641847610474,0.0,1
0.18189869821071625,0.0,1
0.9402679204940796,0.0,0
0.34816449880599976,0.0,1
0.1647171974182129,0.0,1
1.1270277500152588,0.0,0
1.3107860088348389,0.0,0
0.6230444312095642,0.0,1
0.2530848979949951,0.0,1
0.3067786991596222,0.0,1
1.3586394786834717,0.0,0
0.1994597166776657,0.0,1
0.3334940969944,0.0,1
0.5435618162155151,0.0,1
0.6096030473709106,0.0,1
0.21482308208942413,0.0,1
1.3573291301727295,0.0,0
1.1518921852111816,0.0,0
0.2524413466453552,0.0,1
0.5236635804176331,0.0,1
0.2947732210159302,0.0,1
0.08462633192539215,0.0,1
0.1208721175789833,0.0,1
0.5955994725227356,0.0,1
0.13912543654441833,0.0,1
0.07219178974628448,0.0,1
1.3632731437683105,0.0,0
0.6958869695663452,0.0,1
0.05101630836725235,0.0,1
0.960152268409729,0.0,0
0.4627388119697571,0.0,1
0.19088056683540344,0.0,1
1.088042974472046,0.0,0
0.2706250250339508,0.0,1
0.2824377715587616,0.0,1
0.2705055773258209,0.0,1
1.1790508031845093,0.0,0
1.1523876190185547,0.0,0
0.8914667963981628,0.0,0
0.09733543545007706,0.0,1
0.4596827030181885,0.0,1
0.7693384885787964,0.0,1
0.5728790760040283,0.0,1
1.3935999870300293,0.0,0
0.06493138521909714,0.0,1
0.7092187404632568,0.0,1
0.31382960081100464,0.0,1
0.30828577280044556,0.0,1
0.02071009948849678,0.0,1
0.20340478420257568,0.0,1
0.2978026270866394,0.0,1
1.1234705448150635,0.0,0
0.3432610332965851,0.0,1
0.1997968852519989,0.0,1
1.3042685985565186,0.0,0
1.2680718898773193,0.0,0
0.21617746353149414,0.0,1
0.38096168637275696,0.0,1
0.3580348491668701,0.0,1
0.23594510555267334,0.0,1
1.402284860610962,0.0,0
0.18555554747581482,0.0,1
1.21755051612854,0.0,0
0.582797646522522,0.0,1
0.14437949657440186,0.0,1
0.810498058795929,0.0,1
0.7529879808425903,0.0,1
0.15988534688949585,0.0,1
0.5626040697097778,0.0,1
0.3378955125808716,0.0,1
0.12583787739276886,0.0,1
0.8028103113174438,0.0,1
0.5093531608581543,0.0,1
0.5847298502922058,0.0,1
0.3269118666648865,0.0,1
0.19632098078727722,0.0,1
0.18866634368896484,0.0,1
0.35069161653518677,0.0,1
1.3327003717422485,0.0,0
0.36693739891052246,0.0,1
0.30125564336776733,0.0,1
0.24648413062095642,0.0,1
1.1284053325653076,0.0,0
0.875636875629425,0.0,0
0.1670176386833191,0.0,1
0.1921004354953766,0.0,1
0.9516341090202332,0.0,0
0.12818551063537598,0.0,1
0.6187740564346313,0.0,1
1.7327613830566406,0.0,0
0.12165157496929169,0.0,1
0.21829037368297577,0.0,1
0.8388543128967285,0.0,1
0.15754154324531555,0.0,1
0.7465444803237915,0.0,1
0.6438091993331909,0.0,1
0.23231241106987,0.0,1
0.29490146040916443,0.0,1
0.24489684402942657,0.0,1
0.17876945436000824,0.0,1
0.6338011026382446,0.0,1
1.0417637825012207,0.0,0
0.4370649456977844,0.0,1
0.2550998032093048,0.0,1
1.6526219844818115,0.0,0
0.8790356516838074,0.0,0
0.9108895063400269,0.0,0
0.997800350189209,0.0,0
0.6061069369316101,0.0,1
1.0442243814468384,0.0,0
0.5817583799362183,0.0,1
0.6589511632919312,0.0,1
0.15509000420570374,0.0,1
0.4700051248073578,0.0,1
0.6005139946937561,0.0,1
0.7183293104171753,0.0,1
0.14731451869010925,0.0,1
0.26870113611221313,0.0,1
0.6389731168746948,0.0,1
0.7048202753067017,0.0,1
0.3687132000923157,0.0,1
1.4660699367523193,0.0,0
1.0172595977783203,0.0,0
0.128129243850708,0.0,1
0.81322181224823,0.0,1
1.1392686367034912,0.0,0
0.8299304246902466,0.0,1
0.6818714737892151,0.0,1
1.3674873113632202,0.0,0
1.4675977230072021,0.0,0
0.907579243183136,0.0,0
1.2446919679641724,0.0,0
1.196421504020691,0.0,0
0.034303952008485794,0.0,1
0.07711626589298248,0.0,1
0.4849833846092224,0.0,1
1.4580199718475342,0.0,0
0.4378189146518707,0.0,1
0.24550139904022217,0.0,1
0.2701614797115326,0.0,1
0.4687578082084656,0.0,1
0.16673986613750458,0.0,1
0.5013202428817749,0.0,1
0.6810144186019897,0.0,1
1.0185219049453735,0.0,0
0.2897484004497528,0.0,1
1.2276332378387451,0.0,0
0.1565369963645935,0.0,1
0.04878539964556694,0.0,1
1.3960626125335693,0.0,0
0.27377253770828247,0.0,1
0.6798797845840454,0.0,1
0.3997809588909149,0.0,1
1.076759696006775,0.0,0
0.5270361304283142,0.0,1
0.06711318343877792,0.0,1
0.3845701217651367,0.0,1
0.9607248306274414,0.0,0
1.0149997472763062,0.0,0
0.4186745584011078,0.0,1
0.9568578600883484,0.0,0
0.25981584191322327,0.0,1
0.48693162202835083,0.0,1
0.8683779835700989,0.0,1
0.7117656469345093,0.0,1
0.10142181068658829,0.0,1
0.34425684809684753,0.0,1
0.6561225056648254,0.0,1
0.14308960735797882,0.0,1
0.3938466012477875,0.0,1
0.8257412910461426,0.0,1
0.25621432065963745,0.0,1
0.9937989115715027,0.0,0
0.3725526034832001,0.0,1
0.20540717244148254,0.0,1
0.23751702904701233,0.0,1
0.9411247372627258,0.0,0
0.3871261775493622,0.0,1
1.0806424617767334,0.0,0
0.5769311189651489,0.0,1
0.30621880292892456,0.0,1
1.1895687580108643,0.0,0
0.5302695035934448,0.0,1
1.8035815954208374,0.0,0
0.051359135657548904,0.0,1
1.0881339311599731,0.0,0
1.1530790328979492,0.0,0
0.24245207011699677,0.0,1
0.4173649251461029,0.0,1
1.3735789060592651,0.0,0
0.3149956464767456,0.0,1
0.8090013265609741,0.0,1
1.2104451656341553,0.0,0
0.06864462792873383,0.0,1
0.041596248745918274,0.0,1
0.48776882886886597,0.0,1
0.26597484946250916,0.0,1
0.38120511174201965,0.0,1
0.2136165350675583,0.0,1
0.2693321108818054,0.0,1
0.5481811761856079,0.0,1
0.11472189426422119,0.0,1
0.16905716061592102,0.0,1
1.1206104755401611,0.0,0
0.6289620995521545,0.0,1
0.3016568720340729,0.0,1
0.9869182705879211,0.0,0
1.0129523277282715,0.0,0
0.1762218326330185,0.0,1
0.17701537907123566,0.0,1
0.08676955848932266,0.0,1
0.09111706167459488,0.0,1
0.857872486114502,0.0,1
0.2419167309999466,0.0,1
0.7859894633293152,0.0,1
0.7529157996177673,0.0,1
0.16333238780498505,0.0,1
0.7000330686569214,0.0,1
0.1884656846523285,0.0,1
0.21085789799690247,0.0,1
0.28939124941825867,0.0,1
0.8928516507148743,0.0,0
0.3518506586551666,0.0,1
1.0508575439453125,0.0,0
0.7148858308792114,0.0,1
0.7792738080024719,0.0,1
0.6460646390914917,0.0,1
1.8774417638778687,0.0,0
0.983816921710968,0.0,0
0.3191104531288147,0.0,1
0.8596506118774414,0.0,1
1.0107622146606445,0.0,0
1.2577238082885742,0.0,0
0.10600724071264267,0.0,1
0.15697376430034637,0.0,1
1.4881423711776733,0.0,0
0.6480377912521362,0.0,1
1.1382672786712646,0.0,0
0.1790272295475006,0.0,1
0.3646727502346039,0.0,1
0.03206021338701248,0.0,1
0.23416230082511902,0.0,1
0.2128467559814453,0.0,1
0.05082494765520096,0.0,1
1.1535041332244873,0.0,0
0.23197293281555176,0.0,1
0.6684780716896057,0.0,1
0.13061338663101196,0.0,1
0.39508432149887085,0.0,1
0.9000988006591797,0.0,0
0.3944905400276184,0.0,1
0.23557662963867188,0.0,1
0.43811243772506714,0.0,1
0.2517295777797699,0.0,1
0.8824259042739868,0.0,0
0.5162619948387146,0.0,1
0.1737644374370575,0.0,1
0.20587225258350372,0.0,1
0.40245288610458374,0.0,1
0.6018635034561157,0.0,1
0.28490203619003296,0.0,1
0.2845763564109802,0.0,1
0.20835843682289124,0.0,1
1.3378466367721558,0.0,0
0.9644678831100464,0.0,0
0.3715750277042389,0.0,1
1.087076187133789,0.0,0
0.5315876007080078,0.0,1
0.33797091245651245,0.0,1
0.45772433280944824,0.0,1
0.14299775660037994,0.0,1
0.16479812562465668,0.0,1
0.9071978330612183,0.0,0
1.6960952281951904,0.0,0
0.1827627718448639,0.0,1
0.8101401329040527,0.0,1
0.7782496809959412,0.0,1
0.12393313646316528,0.0,1
0.7773596048355103,0.0,1
0.4736725389957428,0.0,1
1.2933857440948486,0.0,0
0.5782071948051453,0.0,1
0.2414259910583496,0.0,1
0.22453205287456512,0.0,1
0.6523070335388184,0.0,1
0.2600783109664917,0.0,1
0.14901289343833923,0.0,1
0.2720048129558563,0.0,1
0.04210376739501953,0.0,1
0.3015851378440857,0.0,1
0.4062350392341614,0.0,1
0.30181440711021423,0.0,1
0.5642808675765991,0.0,1
0.2524017095565796,0.0,1
0.22751875221729279,0.0,1
0.090312160551548,0.0,1
0.5240949392318726,0.0,1
0.8623685836791992,0.0,1
0.43065038323402405,0.0,1
0.09886281192302704,0.0,1
0.7084766030311584,0.0,1
0.33182474970817566,0.0,1
0.7015440464019775,0.0,1
1.074745535850525,0.0,0
0.6252301335334778,0.0,1
0.7217875719070435,0.0,1
0.6852821707725525,0.0,1
0.6088414788246155,0.0,1
0.2426818609237671,0.0,1
1.282012939453125,0.0,0
0.37368279695510864,0.0,1
0.20070023834705353,0.0,1
0.27457395195961,0.0,1
0.23024094104766846,0.0,1
0.2458636462688446,0.0,1
0.21410803496837616,0.0,1
0.5451568365097046,0.0,1
0.7067625522613525,0.0,1
0.4373881220817566,0.0,1
0.09968715906143188,0.0,1
0.9286831617355347,0.0,0
1.6065317392349243,0.0,0
0.8975302577018738,0.0,0
0.29252663254737854,0.0,1
0.030187765136361122,0.0,1
0.20582298934459686,0.0,1
0.059319473803043365,0.0,1
1.1412640810012817,0.0,0
0.7512620687484741,0.0,1
0.4157080054283142,0.0,1
0.4728003442287445,0.0,1
0.08320879936218262,0.0,1
0.520980179309845,0.0,1
0.2744445204734802,0.0,1
0.5088741779327393,0.0,1
0.38268256187438965,0.0,1
0.8258031010627747,0.0,1
0.16076400876045227,0.0,1
0.6297858953475952,0.0,1
0.19122394919395447,0.0,1
0.9509605169296265,0.0,0
0.29086512327194214,0.0,1
0.09623221307992935,0.0,1
0.5140425562858582,0.0,1
0.9290257692337036,0.0,0
0.6037836670875549,0.0,1
0.18006539344787598,0.0,1
0.8520591855049133,0.0,1
0.8245009183883667,0.0,1
0.4015200734138489,0.0,1
0.29444852471351624,0.0,1
0.33652549982070923,0.0,1
1.0733978748321533,0.0,0
1.6742814779281616,0.0,0
0.13199743628501892,0.0,1
0.2928180396556854,0.0,1
1.1528997421264648,0.0,0
0.5439407229423523,0.0,1
0.36064034700393677,0.0,1
0.32417985796928406,0.0,1
0.6485892534255981,0.0,1
0.8869292140007019,0.0,0
0.9902488589286804,0.0,0
0.12884576618671417,0.0,1
0.4836137890815735,0.0,1
0.6560872197151184,0.0,1
0.5256696343421936,0.0,1
0.11870809644460678,0.0,1
0.8450090289115906,0.0,1
0.25897300243377686,0.0,1
0.41039544343948364,0.0,1
0.10619385540485382,0.0,1
0.09114816039800644,0.0,1
0.49934157729148865,0.0,1
0.9338521957397461,0.0,0
0.32563716173171997,0.0,1
0.4064597487449646,0.0,1
0.19323061406612396,0.0,1
0.40961161255836487,0.0,1
0.22571416199207306,0.0,1
0.5502169728279114,0.0,1
0.467923641204834,0.0,1
1.3104007244110107,0.0,0
1.518127202987671,0.0,0
0.8361881971359253,0.0,1
0.18280331790447235,0.0,1
0.3471989035606384,0.0,1
0.12286826223134995,0.0,1
0.07979884743690491,0.0,1
0.5871703028678894,0.0,1
1.2931575775146484,0.0,0
0.29287731647491455,0.0,1
0.7664340138435364,0.0,1
1.1893117427825928,0.0,0
0.17070695757865906,0.0,1
0.6908387541770935,0.0,1
0.3283533453941345,0.0,1
0.476470947265625,0.0,1
0.9215728044509888,0.0,0
0.08516699075698853,0.0,1
0.8335379362106323,0.0,1
0.18422424793243408,0.0,1
0.27453863620758057,0.0,1
0.9470940828323364,0.0,0
0.16876372694969177,0.0,1
0.17777006328105927,0.0,1
1.3266956806182861,0.0,0
0.19766435027122498,0.0,1
0.29718244075775146,0.0,1
0.3259741961956024,0.0,1
0.9336161613464355,0.0,0
0.9808077812194824,0.0,0
0.10286899656057358,0.0,1
0.6207197904586792,0.0,1
1.2275866270065308,0.0,0
0.4854937493801117,0.0,1
0.5632742643356323,0.0,1
0.8505474925041199,0.0,1
0.126804381608963,0.0,1
0.1594025045633316,0.0,1
0.5089665055274963,0.0,1
0.27434858679771423,0.0,1
0.0697653740644455,0.0,1
1.049294114112854,0.0,0
0.1623978167772293,0.0,1
0.9865100979804993,0.0,0
0.31791651248931885,0.0,1
0.47646254301071167,0.0,1
0.4716532826423645,0.0,1
0.6413528323173523,0.0,1
0.100621797144413,0.0,1
1.0755822658538818,0.0,0
0.44377613067626953,0.0,1
0.042191989719867706,0.0,1
0.11009086668491364,0.0,1
0.5166506767272949,0.0,1
0.21305927634239197,0.0,1
0.9780761003494263,0.0,0
0.46463894844055176,0.0,1
0.5019157528877258,0.0,1
1.3449395895004272,0.0,0
0.4843903183937073,0.0,1
1.5381443500518799,0.0,0
0.6281477212905884,0.0,1
0.1732328236103058,0.0,1
1.0141364336013794,0.0,0
0.8506234884262085,0.0,1
1.1979894638061523,0.0,0
0.08026488125324249,0.0,1
0.3047507405281067,0.0,1
0.793892502784729,0.0,1
1.5134657621383667,0.0,0
1.6313689947128296,0.0,0
0.3083774745464325,0.0,1
0.15789201855659485,0.0,1
1.09225594997406,0.0,0
0.029590602964162827,0.0,1
0.06748365610837936,0.0,1
0.3788414001464844,0.0,1
1.417504906654358,0.0,0
0.3815735876560211,0.0,1
0.7171272039413452,0.0,1
0.9409039616584778,0.0,0
0.6351589560508728,0.0,1
0.668937087059021,0.0,1
0.8589612245559692,0.0,1
1.6031081676483154,0.0,0
1.1239478588104248,0.0,0
0.09290420264005661,0.0,1
0.861434817314148,0.0,1
0.6981822848320007,0.0,1
0.1550130546092987,0.0,1
0.6768879890441895,0.0,1
0.28986936807632446,0.0,1
0.8770720362663269,0.0,0
0.22018107771873474,0.0,1
0.249715656042099,0.0,1
0.6059950590133667,0.0,1
0.9797298312187195,0.0,0
0.06764794141054153,0.0,1
0.10157177597284317,0.0,1
0.6726185083389282,0.0,1
0.38785845041275024,0.0,1
0.11257173120975494,0.0,1
0.8454648852348328,0.0,1
0.5215917229652405,0.0,1
1.7104816436767578,0.0,0
1.0589814186096191,0.0,0
0.14082001149654388,0.0,1
0.19274422526359558,0.0,1
0.405769020318985,0.0,1
0.7641650438308716,0.0,1
0.16975580155849457,0.0,1
0.3778480589389801,0.0,1
0.03241293504834175,0.0,1
0.4084559381008148,0.0,1
0.1397451013326645,0.0,1
0.5069281458854675,0.0,1
0.2977989614009857,0.0,1
0.22297139465808868,0.0,1
0.03697388246655464,0.0,1
0.3242495357990265,0.0,1
1.496917963027954,0.0,0
0.24301917850971222,0.0,1
1.102684736251831,0.0,0
0.033953942358493805,0.0,1
0.35263925790786743,0.0,1
0.11901519447565079,0.0,1
1.0296623706817627,0.0,0
0.20130209624767303,0.0,1
0.8565055727958679,0.0,1
0.3413335382938385,0.0,1
0.0777871385216713,0.0,1
0.40712279081344604,0.0,1
0.3485282063484192,0.0,1
0.15792380273342133,0.0,1
0.2539002299308777,0.0,1
0.6993827819824219,0.0,1
0.3800497353076935,0.0,1
0.5609942674636841,0.0,1
0.5903650522232056,0.0,1
0.07742296159267426,0.0,1
0.6527527570724487,0.0,1
0.39094212651252747,0.0,1
1.4306336641311646,0.0,0
1.3123244047164917,0.0,0
1.124214768409729,0.0,0
1.26216459274292,0.0,0
0.18255092203617096,0.0,1
0.5366241931915283,0.0,1
0.2537802755832672,0.0,1
0.267259418964386,0.0,1
0.5426055788993835,0.0,1
0.6466047763824463,0.0,1
0.32528895139694214,0.0,1
0.15931342542171478,0.0,1
0.611273467540741,0.0,1
0.3820793032646179,0.0,1
0.2499445676803589,0.0,1
0.18091876804828644,0.0,1
0.6307910084724426,0.0,1
0.46297940611839294,0.0,1
0.25619029998779297,0.0,1
0.8578108549118042,0.0,1
0.3014739453792572,0.0,1
0.3102821409702301,0.0,1
0.29632896184921265,0.0,1
0.725892961025238,0.0,1
0.3976542055606842,0.0,1
0.7334951162338257,0.0,1
0.1697041392326355,0.0,1
0.6039595007896423,0.0,1
0.7620508670806885,0.0,1
0.331193745136261,0.0,1
0.7651402950286865,0.0,1
0.4928402900695801,0.0,1
0.16502279043197632,0.0,1
0.42135563492774963,0.0,1
0.4422438144683838,0.0,1
0.36284708976745605,0.0,1
0.5502660870552063,0.0,1
0.38236477971076965,0.0,1
0.428426593542099,0.0,1
1.3337795734405518,0.0,0
1.476888656616211,0.0,0
0.5022574663162231,0.0,1
0.12756556272506714,0.0,1
1.0519202947616577,0.0,0
0.3049405515193939,0.0,1
1.6516937017440796,0.0,0
0.6033087968826294,0.0,1
0.326703816652298,0.0,1
0.8707121014595032,0.0,1
0.7099205851554871,0.0,1
0.4374939799308777,0.0,1
1.0704094171524048,0.0,0
1.246403455734253,0.0,0
0.18603169918060303,0.0,1
0.02804935909807682,0.0,1
0.3614456057548523,0.0,1
0.31176719069480896,0.0,1
0.5112211108207703,0.0,1
0.614638090133667,0.0,1
0.36093881726264954,0.0,1
1.6915695667266846,0.0,0
0.8004151582717896,0.0,1
0.3781241774559021,0.0,1
0.9635336995124817,0.0,0
0.75902259349823,0.0,1
0.9382733106613159,0.0,0
0.23782046139240265,0.0,1
0.7075074911117554,0.0,1
0.1644314080476761,0.0,1
0.4181500971317291,0.0,1
0.19128209352493286,0.0,1
0.23154132068157196,0.0,1
1.318820595741272,0.0,0
0.5265202522277832,0.0,1
1.4081695079803467,0.0,0
0.3312876224517822,0.0,1
0.5648201704025269,0.0,1
0.340212345123291,0.0,1
0.5296021699905396,0.0,1
0.17733773589134216,0.0,1
0.523823618888855,0.0,1
0.9049056172370911,0.0,0
0.7491554021835327,0.0,1
1.4083374738693237,0.0,0
0.6421944499015808,0.0,1
0.15441319346427917,0.0,1
0.8778204917907715,0.0,0
1.184295892715454,0.0,0
0.15837396681308746,0.0,1
0.13142463564872742,0.0,1
0.8902595639228821,0.0,0
0.42528098821640015,0.0,1
0.8743871450424194,0.0,0
1.310413122177124,0.0,0
0.3383702337741852,0.0,1
0.14218658208847046,0.0,1
0.2829344868659973,0.0,1
0.6689593195915222,0.0,1
0.09073906391859055,0.0,1
0.33670419454574585,0.0,1
0.3000514507293701,0.0,1
0.3046199083328247,0.0,1
0.5881734490394592,0.0,1
0.18520286679267883,0.0,1
0.2521655261516571,0.0,1
0.5412145853042603,0.0,1
0.7448381185531616,0.0,1
0.11329984664916992,0.0,1
0.11161502450704575,0.0,1
0.7544825673103333,0.0,1
1.113651990890503,0.0,0
0.19716443121433258,0.0,1
0.08564241230487823,0.0,1
1.0045197010040283,0.0,0
1.2301194667816162,0.0,0
0.0587969645857811,0.0,1
0.6473112106323242,0.0,1
1.0262407064437866,0.0,0
1.004494547843933,0.0,0
0.04844681918621063,0.0,1
0.840582549571991,0.0,1
1.0482871532440186,0.0,0
1.0371272563934326,0.0,0
1.5302412509918213,0.0,0
0.2112746238708496,0.0,1
0.15376542508602142,0.0,1
1.1453313827514648,0.0,0
0.2797047793865204,0.0,1
1.2813255786895752,0.0,0
0.179561048746109,0.0,1
0.6344415545463562,0.0,1
0.0874367281794548,0.0,1
0.14698900282382965,0.0,1
0.4190747141838074,0.0,1
0.4606653153896332,0.0,1
0.16777749359607697,0.0,1
0.5210820436477661,0.0,1
0.20310258865356445,0.0,1
0.4536852240562439,0.0,1
1.210984468460083,0.0,0
0.14702901244163513,0.0,1
0.12480837106704712,0.0,1
0.27250200510025024,0.0,1
0.14401210844516754,0.0,1
0.45966678857803345,0.0,1
0.9467527270317078,0.0,0
0.11989263445138931,0.0,1
0.24066321551799774,0.0,1
0.6408851742744446,0.0,1
1.1307799816131592,0.0,0
0.7683209180831909,0.0,1
0.8151192665100098,0.0,1
1.7103992700576782,0.0,0
0.435188353061676,0.0,1
0.303454726934433,0.0,1
0.18240214884281158,0.0,1
0.4567781090736389,0.0,1
0.38971757888793945,0.0,1
0.3170996308326721,0.0,1
0.2054004967212677,0.0,1
0.5514193177223206,0.0,1
0.23854601383209229,0.0,1
0.4274331033229828,0.0,1
0.1099017858505249,0.0,1
0.12686264514923096,0.0,1
0.40312638878822327,0.0,1
0.11113674938678741,0.0,1
0.2987627387046814,0.0,1
0.1644812971353531,0.0,1
0.5990460515022278,0.0,1
0.20849204063415527,0.0,1
0.17842531204223633,0.0,1
0.08259154856204987,0.0,1
0.4028218388557434,0.0,1
0.17647704482078552,0.0,1
0.4650346338748932,0.0,1
0.47962260246276855,0.0,1
0.41777268052101135,0.0,1
0.22837623953819275,0.0,1
0.6362152099609375,0.0,1
0.17586345970630646,0.0,1
0.45011764764785767,0.0,1
0.6214547157287598,0.0,1
0.3994743824005127,0.0,1
0.8576467633247375,0.0,1
1.0093591213226318,0.0,0
0.20921239256858826,0.0,1
1.0603951215744019,0.0,0
0.5256078243255615,0.0,1
0.151077538728714,0.0,1
0.4225728511810303,0.0,1
0.5794277787208557,0.0,1
0.3331381678581238,0.0,1
0.27459022402763367,0.0,1
0.2052772343158722,0.0,1
0.5226961374282837,0.0,1
0.22594109177589417,0.0,1
1.1405678987503052,0.0,0
0.2740556597709656,0.0,1
0.15817199647426605,0.0,1
0.18778546154499054,0.0,1
0.7476445436477661,0.0,1
0.13575099408626556,0.0,1
0.48359641432762146,0.0,1
0.41762465238571167,0.0,1
0.2649233937263489,0.0,1
0.2891925573348999,0.0,1
0.32534781098365784,0.0,1
0.2181830108165741,0.0,1
0.6654506921768188,0.0,1
0.3599671721458435,0.0,1
0.9858530163764954,0.0,0
0.6684736609458923,0.0,1
1.3593496084213257,0.0,0
0.6272161602973938,0.0,1
0.41665762662887573,0.0,1
0.9674690961837769,0.0,0
1.332053542137146,0.0,0
0.26673516631126404,0.0,1
0.34761783480644226,0.0,1
0.24537046253681183,0.0,1
0.558222770690918,0.0,1
0.6714831590652466,0.0,1
0.5882368087768555,0.0,1
0.6158522367477417,0.0,1
0.50228351354599,0.0,1
0.2582549452781677,0.0,1
0.9658757448196411,0.0,0
0.38415855169296265,0.0,1
0.521639347076416,0.0,1
0.06640194356441498,0.0,1
0.43749505281448364,0.0,1
0.7746168971061707,0.0,1
0.4661886692047119,0.0,1
0.4054306447505951,0.0,1
0.09510380029678345,0.0,1
0.17673330008983612,0.0,1
0.4021189212799072,0.0,1
0.43087834119796753,0.0,1
0.833465576171875,0.0,1
0.034592799842357635,0.0,1
0.18206444382667542,0.0,1
0.11709101498126984,0.0,1
0.17968830466270447,0.0,1
0.36644989252090454,0.0,1
0.629518449306488,0.0,1
1.2885421514511108,0.0,0
0.38923487067222595,0.0,1
0.5941856503486633,0.0,1
0.18110448122024536,0.0,1
1.1625287532806396,0.0,0
0.5061315298080444,0.0,1
0.30274733901023865,0.0,1
0.73851078748703,0.0,1
0.1490616351366043,0.0,1
0.12967494130134583,0.0,1
0.6345593333244324,0.0,1
0.5478264093399048,0.0,1
0.1811407506465912,0.0,1
0.09584882855415344,0.0,1
0.8015257120132446,0.0,1
0.7112208604812622,0.0,1
1.4020286798477173,0.0,0
0.16639630496501923,0.0,1
0.19567129015922546,0.0,1
0.23871436715126038,0.0,1
1.0210765600204468,0.0,0
0.49433469772338867,0.0,1
0.16634981334209442,0.0,1
1.5968424081802368,0.0,0
0.3664934039115906,0.0,1
0.4626590609550476,0.0,1
0.08246809244155884,0.0,1
0.05004636570811272,0.0,1
1.0045053958892822,0.0,0
0.932651698589325,0.0,0
0.085800901055336,0.0,1
0.3838765621185303,0.0,1
0.22795334458351135,0.0,1
0.09269661456346512,0.0,1
0.25531238317489624,0.0,1
0.08088816702365875,0.0,1
0.5473204851150513,0.0,1
0.4043439030647278,0.0,1
0.9654821157455444,0.0,0
0.41184014081954956,0.0,1
0.5899499654769897,0.0,1
0.4953238368034363,0.0,1
0.4870370030403137,0.0,1
0.3705448508262634,0.0,1
0.5216308832168579,0.0,1
1.2886536121368408,0.0,0
0.3242764472961426,0.0,1
0.678568959236145,0.0,1
0.7696198225021362,0.0,1
0.8377367258071899,0.0,1
1.4717727899551392,0.0,0
0.9392075538635254,0.0,0
0.056687433272600174,0.0,1
0.12892447412014008,0.0,1
0.10224032402038574,0.0,1
0.26894327998161316,0.0,1
1.037940502166748,0.0,0
1.2776414155960083,0.0,0
0.9510704278945923,0.0,0
1.159470796585083,0.0,0
1.1664139032363892,0.0,0
0.23194055259227753,0.0,1
0.9698559641838074,0.0,0
0.9604714512825012,0.0,0
0.7871273159980774,0.0,1
1.2128574848175049,0.0,0
0.1577407717704773,0.0,1
0.9554256200790405,0.0,0
0.9358261227607727,0.0,0
0.9736989736557007,0.0,0
0.10102933645248413,0.0,1
0.23638395965099335,0.0,1
0.5773848295211792,0.0,1
0.7483002543449402,0.0,1
0.33333873748779297,0.0,1
0.22057104110717773,0.0,1
0.20137810707092285,0.0,1
0.0761890858411789,0.0,1
1.737267255783081,0.0,0
0.4770154356956482,0.0,1
0.6974688768386841,0.0,1
1.03313410282135,0.0,0
0.13912925124168396,0.0,1
0.18477223813533783,0.0,1
0.14343027770519257,0.0,1
1.8638098239898682,0.0,0
0.3880932033061981,0.0,1
0.5125949382781982,0.0,1
0.9278843998908997,0.0,0
0.14264258742332458,0.0,1
0.7358770966529846,0.0,1
0.585276186466217,0.0,1
0.09701447933912277,0.0,1
0.2926029860973358,0.0,1
0.6942816376686096,0.0,1
0.28586602210998535,0.0,1
0.2696981430053711,0.0,1
0.027399608865380287,0.0,1
0.30263566970825195,0.0,1
0.16304633021354675,0.0,1
0.9962531328201294,0.0,0
0.15872417390346527,0.0,1
0.11448955535888672,0.0,1
0.2935945987701416,0.0,1
0.6379855871200562,0.0,1
1.118874192237854,0.0,0
0.03539232909679413,0.0,1
0.5508081316947937,0.0,1
0.25295373797416687,0.0,1
0.5826358795166016,0.0,1
0.2407335788011551,0.0,1
0.15804244577884674,0.0,1
0.2538018524646759,0.0,1
0.38296228647232056,0.0,1
0.9261060953140259,0.0,0
0.19845208525657654,0.0,1
0.1428232491016388,0.0,1
0.7819666862487793,0.0,1
0.13193216919898987,0.0,1
0.29819798469543457,0.0,1
0.7419639825820923,0.0,1
0.3181253671646118,0.0,1
0.5997990369796753,0.0,1
1.1155328750610352,0.0,0
0.1386338472366333,0.0,1
0.7421577572822571,0.0,1
0.8759992718696594,0.0,0
0.27268850803375244,0.0,1
0.734656810760498,0.0,1
1.4538131952285767,0.0,0
0.4851601719856262,0.0,1
0.3955689072608948,0.0,1
0.1674019992351532,0.0,1
1.0093327760696411,0.0,0
0.3502195477485657,0.0,1
0.9810250997543335,0.0,0
0.2773512303829193,0.0,1
0.22971472144126892,0.0,1
1.2015327215194702,0.0,0
0.5693527460098267,0.0,1
0.12343858182430267,0.0,1
0.21717390418052673,0.0,1
0.7399345636367798,0.0,1
0.12051810324192047,0.0,1
0.06698300689458847,0.0,1
0.1905873566865921,0.0,1
0.6258479356765747,0.0,1
0.6957734227180481,0.0,1
0.8350657224655151,0.0,1
0.23736651241779327,0.0,1
0.13060328364372253,0.0,1
0.12834715843200684,0.0,1
0.3202812671661377,0.0,1
0.3079306483268738,0.0,1
0.11611946672201157,0.0,1
0.19643732905387878,0.0,1
0.7858995199203491,0.0,1
0.8190950155258179,0.0,1
0.12663330137729645,0.0,1
0.1862219274044037,0.0,1
0.41759976744651794,0.0,1
1.0706274509429932,0.0,0
0.13390550017356873,0.0,1
0.0686759278178215,0.0,1
0.07175374776124954,0.0,1
0.3617522120475769,0.0,1
0.06710401922464371,0.0,1
0.18252280354499817,0.0,1
0.5559966564178467,0.0,1
1.0475409030914307,0.0,0
0.38967183232307434,0.0,1
0.40283894538879395,0.0,1
0.34112316370010376,0.0,1
0.2055671662092209,0.0,1
0.7154189348220825,0.0,1
0.2865380644798279,0.0,1
0.8265538215637207,0.0,1
0.4257541298866272,0.0,1
1.2701828479766846,0.0,0
0.22675848007202148,0.0,1
0.24490606784820557,0.0,1
0.8117081522941589,0.0,1
0.8303844332695007,0.0,1
1.3027012348175049,0.0,0
0.4093884527683258,0.0,1
0.3020878732204437,0.0,1
1.52398681640625,0.0,0
0.6185686588287354,0.0,1
0.17647144198417664,0.0,1
0.44109416007995605,0.0,1
0.15529802441596985,0.0,1
0.5549982786178589,0.0,1
0.33094677329063416,0.0,1
0.2901429533958435,0.0,1
0.1359574794769287,0.0,1
0.18029269576072693,0.0,1
0.7813392281532288,0.0,1
0.7416480779647827,0.0,1
0.7559213638305664,0.0,1
0.19538024067878723,0.0,1
0.369875431060791,0.0,1
0.539176344871521,0.0,1
0.38353946805000305,0.0,1
0.27450597286224365,0.0,1
1.016068458557129,0.0,0
0.8862605094909668,0.0,0
0.36109527945518494,0.0,1
0.028234515339136124,0.0,1
0.3177199065685272,0.0,1
1.1342804431915283,0.0,0
0.9325156211853027,0.0,0
0.22168870270252228,0.0,1
0.26609092950820923,0.0,1
1.16286039352417,0.0,0
0.7305187582969666,0.0,1
0.6381975412368774,0.0,1
0.9581812620162964,0.0,0
0.4971957206726074,0.0,1
0.700379490852356,0.0,1
0.3682093024253845,0.0,1
1.0541324615478516,0.0,0
0.3923274278640747,0.0,1
0.6386931538581848,0.0,1
0.2787936329841614,0.0,1
0.7941511869430542,0.0,1
1.3119920492172241,0.0,0
0.9345309138298035,0.0,0
0.8932756185531616,0.0,0
1.1674087047576904,0.0,0
0.9671481847763062,0.0,0
0.18072745203971863,0.0,1
0.8080501556396484,0.0,1
0.7643166184425354,0.0,1
1.145416021347046,0.0,0
0.21686556935310364,0.0,1
0.19841432571411133,0.0,1
0.9900621175765991,0.0,0
0.2539306581020355,0.0,1
1.67483651638031,0.0,0
0.46316447854042053,0.0,1
0.10397311300039291,0.0,1
0.34276634454727173,0.0,1
0.2718253433704376,0.0,1
0.5213232040405273,0.0,1
0.8633936047554016,0.0,1
0.6176160573959351,0.0,1
0.21634218096733093,0.0,1
0.633041501045227,0.0,1
1.1861319541931152,0.0,0
1.1603748798370361,0.0,0
0.2159874439239502,0.0,1
0.8917489051818848,0.0,0
0.06595364958047867,0.0,1
0.6614067554473877,0.0,1
0.4517078399658203,0.0,1
0.304178923368454,0.0,1
0.2504156529903412,0.0,1
0.16975757479667664,0.0,1
0.6536177396774292,0.0,1
1.5587892532348633,0.0,0
0.6237089037895203,0.0,1
1.1135061979293823,0.0,0
0.43459194898605347,0.0,1
0.5946340560913086,0.0,1
0.9067598581314087,0.0,0
0.1349051296710968,0.0,1
0.8915940523147583,0.0,0
0.9098270535469055,0.0,0
0.3370109796524048,0.0,1
0.7772935628890991,0.0,1
0.5922454595565796,0.0,1
0.75685715675354,0.0,1
0.4438052773475647,0.0,1
0.7407020330429077,0.0,1
1.1744669675827026,0.0,0
0.15620702505111694,0.0,1
0.9824023246765137,0.0,0
1.4279168844223022,0.0,0
0.25108450651168823,0.0,1
0.07563695311546326,0.0,1
0.3688526153564453,0.0,1
1.5842230319976807,0.0,0
0.058815766125917435,0.0,1
0.8930219411849976,0.0,0
0.64640873670578,0.0,1
0.9396427273750305,0.0,0
0.7864025831222534,0.0,1
1.5785014629364014,0.0,0
0.8415977358818054,0.0,1
1.140221357345581,0.0,0
1.0891618728637695,0.0,0
0.2314106523990631,0.0,1
0.28627219796180725,0.0,1
0.13819199800491333,0.0,1
0.5387836694717407,0.0,1
0.5755570530891418,0.0,1
0.4586394727230072,0.0,1
0.7315268516540527,0.0,1
0.29263514280319214,0.0,1
0.10871265083551407,0.0,1
0.5598042011260986,0.0,1
0.35848599672317505,0.0,1
0.14535066485404968,0.0,1
1.166213035583496,0.0,0
1.249101161956787,0.0,0
1.0600908994674683,0.0,0
0.3558160662651062,0.0,1
0.20941214263439178,0.0,1
0.22120165824890137,0.0,1
0.5577071905136108,0.0,1
1.0629055500030518,0.0,0
0.3875090181827545,0.0,1
0.9338912963867188,0.0,0
0.7279669642448425,0.0,1
0.03733808547258377,0.0,1
0.3226645588874817,0.0,1
0.11002834141254425,0.0,1
0.34284141659736633,0.0,1
0.13383880257606506,0.0,1
0.9625728726387024,0.0,0
0.2640264332294464,0.0,1
0.6239372491836548,0.0,1
1.4951798915863037,0.0,0
0.9445088505744934,0.0,0
1.3382923603057861,0.0,0
0.8461546897888184,0.0,1
0.3210640549659729,0.0,1
0.5651616454124451,0.0,1
1.3238309621810913,0.0,0
0.24565231800079346,0.0,1
1.450908899307251,0.0,0
0.11047030985355377,0.0,1
0.03303921967744827,0.0,1
0.37486234307289124,0.0,1
0.42080336809158325,0.0,1
0.6431450843811035,0.0,1
1.3536217212677002,0.0,0
0.37828177213668823,0.0,1
0.16480976343154907,0.0,1
0.1966181993484497,0.0,1
0.05399806424975395,0.0,1
0.5840848684310913,0.0,1
0.28865599632263184,0.0,1
0.12255921214818954,0.0,1
0.41098731756210327,0.0,1
0.7786933779716492,0.0,1
0.30108457803726196,0.0,1
0.4325711727142334,0.0,1
0.7266584634780884,0.0,1
0.1751403510570526,0.0,1
0.743149995803833,0.0,1
1.0812005996704102,0.0,0
1.0684477090835571,0.0,0
0.43112462759017944,0.0,1
1.032753586769104,0.0,0
0.22627051174640656,0.0,1
0.1650640070438385,0.0,1
0.10215874016284943,0.0,1
0.6087497472763062,0.0,1
0.546177089214325,0.0,1
0.3983420729637146,0.0,1
0.9782593846321106,0.0,0
0.36113837361335754,0.0,1
1.112122654914856,0.0,0
0.23239600658416748,0.0,1
0.13219837844371796,0.0,1
0.07844743877649307,0.0,1
0.37824076414108276,0.0,1
0.3322252631187439,0.0,1
1.0685665607452393,0.0,0
0.1815001219511032,0.0,1
0.314403235912323,0.0,1
0.8778502345085144,0.0,0
0.029143720865249634,0.0,1
0.975882351398468,0.0,0
1.0317795276641846,0.0,0
0.44563373923301697,0.0,1
0.12088976055383682,0.0,1
1.0477511882781982,0.0,0
0.10314325988292694,0.0,1
1.0002583265304565,0.0,0
0.1534881740808487,0.0,1
0.31571194529533386,0.0,1
0.3316677212715149,0.0,1
0.05000706762075424,0.0,1
0.8480798006057739,0.0,1
0.4285823702812195,0.0,1
0.6351305842399597,0.0,1
0.3704373836517334,0.0,1
0.7598469257354736,0.0,1
0.49680885672569275,0.0,1
0.16468891501426697,0.0,1
0.12131259590387344,0.0,1
0.570502519607544,0.0,1
0.21917256712913513,0.0,1
1.0009065866470337,0.0,0
1.237390160560608,0.0,0
0.4969078004360199,0.0,1
0.4181053638458252,0.0,1
0.650675892829895,0.0,1
0.9994875192642212,0.0,0
1.5937929153442383,0.0,0
0.38917943835258484,0.0,1
0.17715305089950562,0.0,1
0.39654046297073364,0.0,1
0.10451239347457886,0.0,1
1.2616403102874756,0.0,0
0.6825774312019348,0.0,1
0.37570059299468994,0.0,1
0.28424665331840515,0.0,1
0.24838300049304962,0.0,1
0.5769460201263428,0.0,1
0.6332864165306091,0.0,1
0.3209225833415985,0.0,1
0.22433829307556152,0.0,1
0.3700297474861145,0.0,1
0.07256893068552017,0.0,1
0.6913970112800598,0.0,1
1.1929080486297607,0.0,0
0.8939806222915649,0.0,0
0.17675361037254333,0.0,1
0.09987257421016693,0.0,1
0.08444191515445709,0.0,1
0.5919138789176941,0.0,1
0.05051133781671524,0.0,1
0.2062455117702484,0.0,1
0.3210720419883728,0.0,1
0.10176761448383331,0.0,1
1.6662031412124634,0.0,0
0.5998285412788391,0.0,1
0.5232020616531372,0.0,1
0.9876793026924133,0.0,0
0.5648974776268005,0.0,1
0.10023681819438934,0.0,1
0.4420837461948395,0.0,1
0.1627897024154663,0.0,1
1.0262457132339478,0.0,0
0.709554135799408,0.0,1
0.7322633862495422,0.0,1
0.8446310758590698,0.0,1
0.04293102025985718,0.0,1
0.5698281526565552,0.0,1
0.44839897751808167,0.0,1
0.7002555131912231,0.0,1
0.1657826006412506,0.0,1
0.5775497555732727,0.0,1
0.1062103882431984,0.0,1
0.0954587534070015,0.0,1
0.4227536618709564,0.0,1
0.7074888944625854,0.0,1
0.16845738887786865,0.0,1
0.3188084661960602,0.0,1
1.0426803827285767,0.0,0
0.33987993001937866,0.0,1
0.5100671648979187,0.0,1
0.5048815608024597,0.0,1
0.39426857233047485,0.0,1
0.06789912283420563,0.0,1
0.7770123481750488,0.0,1
1.0385067462921143,0.0,0
0.08491671085357666,0.0,1
0.06930668652057648,0.0,1
0.12672235071659088,0.0,1
0.3027045428752899,0.0,1
0.47519397735595703,0.0,1
0.31858327984809875,0.0,1
0.1701127588748932,0.0,1
0.5182642936706543,0.0,1
0.33198413252830505,0.0,1
0.1905963122844696,0.0,1
1.4285553693771362,0.0,0
0.10851015150547028,0.0,1
0.09736986458301544,0.0,1
0.6636549234390259,0.0,1
0.4945301413536072,0.0,1
1.2105258703231812,0.0,0
0.2826175093650818,0.0,1
0.10523633658885956,0.0,1
1.445947527885437,0.0,0
1.3842122554779053,0.0,0
1.204120397567749,0.0,0
0.761903703212738,0.0,1
0.35935598611831665,0.0,1
0.1453246921300888,0.0,1
0.2101229727268219,0.0,1
0.7781773209571838,0.0,1
0.10759252309799194,0.0,1
0.3079174757003784,0.0,1
0.3074033260345459,0.0,1
0.17834286391735077,0.0,1
0.8140084147453308,0.0,1
0.7956334352493286,0.0,1
1.0261313915252686,0.0,0
0.13281385600566864,0.0,1
1.4488903284072876,0.0,0
1.2389360666275024,0.0,0
0.8857709169387817,0.0,0
0.1797970086336136,0.0,1
0.052429962903261185,0.0,1
0.9871532320976257,0.0,0
0.5063156485557556,0.0,1
0.4077962338924408,0.0,1
0.3668975532054901,0.0,1
0.20133116841316223,0.0,1
0.33461299538612366,0.0,1
0.22145763039588928,0.0,1
0.11863668262958527,0.0,1
0.22375254333019257,0.0,1
0.2395211160182953,0.0,1
0.362721711397171,0.0,1
1.3837096691131592,0.0,0
1.3002889156341553,0.0,0
0.9005643725395203,0.0,0
0.30513995885849,0.0,1
1.0841853618621826,0.0,0
0.07563818991184235,0.0,1
0.3304118514060974,0.0,1
1.1442127227783203,0.0,0
0.6600938439369202,0.0,1
1.234791874885559,0.0,0
0.6013404726982117,0.0,1
0.34561410546302795,0.0,1
0.32084304094314575,0.0,1
0.7064172029495239,0.0,1
1.1195049285888672,0.0,0
1.2545126676559448,0.0,0
0.9556783437728882,0.0,0
0.2796267867088318,0.0,1
0.15311460196971893,0.0,1
0.29724255204200745,0.0,1
0.7120027542114258,0.0,1
0.2897121012210846,0.0,1
0.31661686301231384,0.0,1
0.25399941205978394,0.0,1
0.5087774395942688,0.0,1
0.5773316621780396,0.0,1
0.3431159555912018,0.0,1
0.529536247253418,0.0,1
0.1526535153388977,0.0,1
0.24390344321727753,0.0,1
0.45010629296302795,0.0,1
0.15215007960796356,0.0,1
0.8109097480773926,0.0,1
0.23929445445537567,0.0,1
0.33941900730133057,0.0,1
0.029686516150832176,0.0,1
0.2836138606071472,0.0,1
0.4442817270755768,0.0,1
0.04026239365339279,0.0,1
0.5192165970802307,0.0,1
1.0858460664749146,0.0,0
0.9884824752807617,0.0,0
0.47464799880981445,0.0,1
1.0194168090820312,0.0,0
0.33789128065109253,0.0,1
0.5053071975708008,0.0,1
1.23039972782135,0.0,0
0.6090748906135559,0.0,1
0.6101741790771484,0.0,1
0.7578521966934204,0.0,1
0.24978038668632507,0.0,1
0.520318329334259,0.0,1
0.3903132975101471,0.0,1
0.07277719676494598,0.0,1
0.34286490082740784,0.0,1
0.6392844915390015,0.0,1
1.4844698905944824,0.0,0
0.4523841440677643,0.0,1
1.004186749458313,0.0,0
0.4760316014289856,0.0,1
1.1944245100021362,0.0,0
0.3391720652580261,0.0,1
0.7768065333366394,0.0,1
0.4014521539211273,0.0,1
1.0435618162155151,0.0,0
0.972850501537323,0.0,0
0.08314261585474014,0.0,1
0.19265136122703552,0.0,1
0.6479042768478394,0.0,1
0.6462026834487915,0.0,1
0.20515935122966766,0.0,1
0.789766252040863,0.0,1
0.3195968270301819,0.0,1
0.667327344417572,0.0,1
1.1089322566986084,0.0,0
0.7232074737548828,0.0,1
0.297700971364975,0.0,1
0.8702581524848938,0.0,1
0.08040191233158112,0.0,1
0.2079169750213623,0.0,1
0.30113258957862854,0.0,1
1.4898749589920044,0.0,0
0.6009789705276489,0.0,1
0.8796179890632629,0.0,0
0.1615338921546936,0.0,1
1.0295871496200562,0.0,0
0.7854094505310059,0.0,1
0.8431393504142761,0.0,1
0.18860770761966705,0.0,1
0.662156879901886,0.0,1
0.46415385603904724,0.0,1
0.812226414680481,0.0,1
1.2315725088119507,0.0,0
0.31443142890930176,0.0,1
0.40700140595436096,0.0,1
1.091275691986084,0.0,0
0.7490235567092896,0.0,1
0.4955711364746094,0.0,1
0.43243923783302307,0.0,1
0.08509378135204315,0.0,1
0.04085615277290344,0.0,1
0.027542436495423317,0.0,1
0.25390249490737915,0.0,1
0.449225515127182,0.0,1
0.07390139251947403,0.0,1
0.6738089323043823,0.0,1
1.4059127569198608,0.0,0
0.14088614284992218,0.0,1
1.1661088466644287,0.0,0
0.8318499326705933,0.0,1
0.6804627180099487,0.0,1
0.0871674194931984,0.0,1
0.675317108631134,0.0,1
0.2636508345603943,0.0,1
0.25274428725242615,0.0,1
1.1270663738250732,0.0,0
0.40295544266700745,0.0,1
1.215834379196167,0.0,0
0.8157328367233276,0.0,1
0.6797715425491333,0.0,1
0.6099136471748352,0.0,1
0.7498089075088501,0.0,1
0.042807675898075104,0.0,1
0.4601055681705475,0.0,1
0.6844953298568726,0.0,1
0.03938567265868187,0.0,1
0.17509695887565613,0.0,1
0.995223879814148,0.0,0
0.3959667980670929,0.0,1
0.2190174162387848,0.0,1
0.1926131695508957,0.0,1
0.04200024902820587,0.0,1
0.5473566651344299,0.0,1
1.4395111799240112,0.0,0
1.5748841762542725,0.0,0
1.4030250310897827,0.0,0
0.13594698905944824,0.0,1
0.21946604549884796,0.0,1
0.4969189763069153,0.0,1
0.8989654779434204,0.0,0
0.24127431213855743,0.0,1
0.2621215283870697,0.0,1
0.0703950896859169,0.0,1
0.16410601139068604,0.0,1
0.7147703170776367,0.0,1
1.0519613027572632,0.0,0
1.4623695611953735,0.0,0
0.352311909198761,0.0,1
0.3893063962459564,0.0,1
0.1510719358921051,0.0,1
0.48159605264663696,0.0,1
0.07698039710521698,0.0,1
0.15420475602149963,0.0,1
0.22500845789909363,0.0,1
0.2386351376771927,0.0,1
0.16598264873027802,0.0,1
0.3494585156440735,0.0,1
0.1161823496222496,0.0,1
0.6020057201385498,0.0,1
0.2970867455005646,0.0,1
0.6958626508712769,0.0,1
0.19793090224266052,0.0,1
0.16289712488651276,0.0,1
0.11644178628921509,0.0,1
0.527916669845581,0.0,1
0.18418031930923462,0.0,1
0.17239327728748322,0.0,1
0.842879593372345,0.0,1
0.3419618010520935,0.0,1
0.46085962653160095,0.0,1
0.5676358938217163,0.0,1
1.237265706062317,0.0,0
0.7919343113899231,0.0,1
1.4012657403945923,0.0,0
0.11430716514587402,0.0,1
0.8849058151245117,0.0,0
0.6383882761001587,0.0,1
1.5221493244171143,0.0,0
0.7086168527603149,0.0,1
0.2540891766548157,0.0,1
0.8962024450302124,0.0,0
0.9197243452072144,0.0,0
0.15132537484169006,0.0,1
0.07175695896148682,0.0,1
0.4689391553401947,0.0,1
0.31706592440605164,0.0,1
0.21298305690288544,0.0,1
0.44009724259376526,0.0,1
1.208428144454956,0.0,0
0.3092697858810425,0.0,1
0.5276806950569153,0.0,1
0.021592309698462486,0.0,1
0.16778060793876648,0.0,1
0.2634184956550598,0.0,1
1.1440494060516357,0.0,0
0.2180846929550171,0.0,1
1.45122230052948,0.0,0
0.06461329013109207,0.0,1
0.3393673300743103,0.0,1
0.15982267260551453,0.0,1
0.09552615880966187,0.0,1
0.42204123735427856,0.0,1
0.08140003681182861,0.0,1
1.4905612468719482,0.0,0
0.22636988759040833,0.0,1
0.3234415650367737,0.0,1
0.3067951798439026,0.0,1
0.6810923218727112,0.0,1
0.5118566751480103,0.0,1
0.12890590727329254,0.0,1
0.5737999081611633,0.0,1
1.0164825916290283,0.0,0
0.11107200384140015,0.0,1
1.2184468507766724,0.0,0
0.9419034719467163,0.0,0
0.8684905171394348,0.0,1
1.3233299255371094,0.0,0
0.17489051818847656,0.0,1
1.3302841186523438,0.0,0
0.11411301046609879,0.0,1
0.1570233702659607,0.0,1
0.6362332701683044,0.0,1
0.40588822960853577,0.0,1
0.4788041114807129,0.0,1
0.33344030380249023,0.0,1
0.2368517369031906,0.0,1
0.23993031680583954,0.0,1
0.7641936540603638,0.0,1
0.21546778082847595,0.0,1
0.5184321999549866,0.0,1
0.8836768865585327,0.0,0
1.1356929540634155,0.0,0
0.19559893012046814,0.0,1
0.7371824383735657,0.0,1
0.9287458658218384,0.0,0
0.6167675852775574,0.0,1
0.2818632125854492,0.0,1
0.741555392742157,0.0,1
0.9654991030693054,0.0,0
0.843683123588562,0.0,1
0.3221645653247833,0.0,1
0.3894544243812561,0.0,1
0.03369877487421036,0.0,1
0.2708287239074707,0.0,1
0.643688440322876,0.0,1
0.6714687943458557,0.0,1
0.46048039197921753,0.0,1
0.10381336510181427,0.0,1
0.7953190803527832,0.0,1
0.6960524916648865,0.0,1
0.6569176912307739,0.0,1
0.21859534084796906,0.0,1
0.04874983802437782,0.0,1
0.12637324631214142,0.0,1
0.3330078423023224,0.0,1
0.9396907687187195,0.0,0
1.4672616720199585,0.0,0
1.051458716392517,0.0,0
0.20269528031349182,0.0,1
0.42001694440841675,0.0,1
0.5868028402328491,0.0,1
0.1743350774049759,0.0,1
0.24174490571022034,0.0,1
0.2843818962574005,0.0,1
0.41660434007644653,0.0,1
0.4147847294807434,0.0,1
0.032768987119197845,0.0,1
1.1265456676483154,0.0,0
1.229223608970642,0.0,0
1.1035022735595703,0.0,0
0.34754160046577454,0.0,1
0.27255845069885254,0.0,1
1.3115148544311523,0.0,0
0.3335489332675934,0.0,1
0.4162316918373108,0.0,1
0.650046706199646,0.0,1
0.9528509378433228,0.0,0
0.9396704435348511,0.0,0
1.0988900661468506,0.0,0
0.23001761734485626,0.0,1
1.2841041088104248,0.0,0
0.5466321110725403,0.0,1
0.7741352319717407,0.0,1
0.5487797856330872,0.0,1
0.12664707005023956,0.0,1
0.9400924444198608,0.0,0
0.6039961576461792,0.0,1
0.18401023745536804,0.0,1
0.46346983313560486,0.0,1
0.43028169870376587,0.0,1
1.04323148727417,0.0,0
0.07823103666305542,0.0,1
1.0630244016647339,0.0,0
0.1981997936964035,0.0,1
1.0602195262908936,0.0,0
0.2842581868171692,0.0,1
0.19347715377807617,0.0,1
0.2734769582748413,0.0,1
0.039824001491069794,0.0,1
0.6406692266464233,0.0,1
0.2007025182247162,0.0,1
1.2857774496078491,0.0,0
0.2982981503009796,0.0,1
0.2251473218202591,0.0,1
1.4220281839370728,0.0,0
0.14433011412620544,0.0,1
0.6404266357421875,0.0,1
1.2095789909362793,0.0,0
0.7701932191848755,0.0,1
1.019377589225769,0.0,0
0.7191883325576782,0.0,1
0.6656360626220703,0.0,1
0.333150178194046,0.0,1
0.9005588293075562,0.0,0
0.01991577073931694,0.0,1
1.5466868877410889,0.0,0
0.12498895823955536,0.0,1
0.593662679195404,0.0,1
1.0407425165176392,0.0,0
0.12855562567710876,0.0,1
0.6424105763435364,0.0,1
0.17452065646648407,0.0,1
1.090664267539978,0.0,0
0.5171509981155396,0.0,1
0.8170874714851379,0.0,1
0.7532981634140015,0.0,1
0.3726937472820282,0.0,1
0.08065508306026459,0.0,1
0.035561610013246536,0.0,1
0.2017616331577301,0.0,1
0.33670905232429504,0.0,1
0.4530058801174164,0.0,1
0.2731618285179138,0.0,1
0.3205792009830475,0.0,1
1.5946513414382935,0.0,0
0.1726139634847641,0.0,1
1.1707093715667725,0.0,0
0.5413162708282471,0.0,1
0.08702938258647919,0.0,1
0.14397205412387848,0.0,1
1.4588884115219116,0.0,0
0.6425895094871521,0.0,1
1.1132023334503174,0.0,0
0.981109619140625,0.0,0
1.0804523229599,0.0,0
0.24279077351093292,0.0,1
0.211354061961174,0.0,1
0.1737222969532013,0.0,1
0.4626041054725647,0.0,1
0.4671926498413086,0.0,1
0.7638156414031982,0.0,1
0.31278979778289795,0.0,1
0.9652225375175476,0.0,0
0.09984303265810013,0.0,1
1.6142091751098633,0.0,0
0.8500987887382507,0.0,1
0.23763616383075714,0.0,1
0.42690953612327576,0.0,1
0.045138753950595856,0.0,1
0.3061271011829376,0.0,1
0.5456973910331726,0.0,1
0.3139204680919647,0.0,1
1.3101065158843994,0.0,0
0.3096315264701843,0.0,1
0.10348989814519882,0.0,1
0.3357332646846771,0.0,1
0.6124135851860046,0.0,1
0.08777721226215363,0.0,1
0.20211729407310486,0.0,1
1.5294766426086426,0.0,0
0.3495996296405792,0.0,1
0.23888161778450012,0.0,1
0.11457739770412445,0.0,1
1.2497408390045166,0.0,0
0.6435503959655762,0.0,1
0.6540418267250061,0.0,1
0.7213672995567322,0.0,1
0.16522154211997986,0.0,1
0.6812219023704529,0.0,1
0.6279735565185547,0.0,1
0.1161155104637146,0.0,1
0.01941523887217045,0.0,1
0.626298725605011,0.0,1
0.23478801548480988,0.0,1
0.4447711110115051,0.0,1
1.546766996383667,0.0,0
0.07920058816671371,0.0,1
0.16528362035751343,0.0,1
0.28589826822280884,0.0,1
0.19764955341815948,0.0,1
0.3053063154220581,0.0,1
0.2620902359485626,0.0,1
0.3765726685523987,0.0,1
0.41863197088241577,0.0,1
0.2031375616788864,0.0,1
0.20668688416481018,0.0,1
0.43239960074424744,0.0,1
0.07959354668855667,0.0,1
0.36201319098472595,0.0,1
0.5626868009567261,0.0,1
0.5037745237350464,0.0,1
0.1916077882051468,0.0,1
0.1281377226114273,0.0,1
0.9532533884048462,0.0,0
1.071789264678955,0.0,0
0.04601233825087547,0.0,1
0.18656201660633087,0.0,1
0.4686034619808197,0.0,1
0.46853384375572205,0.0,1
0.18033204972743988,0.0,1
0.8865159749984741,0.0,0
0.3962782621383667,0.0,1
0.46813303232192993,0.0,1
0.4934656023979187,0.0,1
0.4213615953922272,0.0,1
0.6991182565689087,0.0,1
0.4547789692878723,0.0,1
0.49184226989746094,0.0,1
1.5897141695022583,0.0,0
0.2786218822002411,0.0,1
0.5360523462295532,0.0,1
1.1906176805496216,0.0,0
0.8891056776046753,0.0,0
0.6861900687217712,0.0,1
0.9815338850021362,0.0,0
0.6530762910842896,0.0,1
0.2887687683105469,0.0,1
0.8203037977218628,0.0,1
0.25046423077583313,0.0,1
1.1290322542190552,0.0,0
0.5772177577018738,0.0,1
0.9112102389335632,0.0,0
0.5304454565048218,0.0,1
0.6123493313789368,0.0,1
1.0667067766189575,0.0,0
0.16334614157676697,0.0,1
0.3652556240558624,0.0,1
0.09838766604661942,0.0,1
0.3631773591041565,0.0,1
0.24316182732582092,0.0,1
1.1400755643844604,0.0,0
0.28796547651290894,0.0,1
0.7591245174407959,0.0,1
0.2926885187625885,0.0,1
0.7531523108482361,0.0,1
0.565053403377533,0.0,1
0.11964643001556396,0.0,1
0.4037064015865326,0.0,1
0.1867857277393341,0.0,1
0.18667837977409363,0.0,1
0.8364836573600769,0.0,1
0.5724272727966309,0.0,1
1.1278927326202393,0.0,0
0.20676016807556152,0.0,1
0.9198834300041199,0.0,0
0.29576215147972107,0.0,1
0.1657678186893463,0.0,1
0.07824455201625824,0.0,1
0.2892676591873169,0.0,1
0.9002355337142944,0.0,0
0.8253283500671387,0.0,1
0.48070698976516724,0.0,1
0.8055602312088013,0.0,1
0.7366186380386353,0.0,1
0.6007989645004272,0.0,1
0.267765611410141,0.0,1
0.9770943522453308,0.0,0
1.4583241939544678,0.0,0
0.6540894508361816,0.0,1
0.2678850591182709,0.0,1
0.21209987998008728,0.0,1
0.2608811557292938,0.0,1
0.240707129240036,0.0,1
0.8792190551757812,0.0,0
0.5315855741500854,0.0,1
0.4407024383544922,0.0,1
0.9894975423812866,0.0,0
0.9151222109794617,0.0,0
0.5292725563049316,0.0,1
0.3548261225223541,0.0,1
0.25764554738998413,0.0,1
0.36708399653434753,0.0,1
0.9700808525085449,0.0,0
0.19892075657844543,0.0,1
0.3961558938026428,0.0,1
0.939698338508606,0.0,0
0.7663639783859253,0.0,1
0.17420147359371185,0.0,1
0.03764123469591141,0.0,1
0.5490239262580872,0.0,1
0.47626596689224243,0.0,1
0.24755243957042694,0.0,1
0.21540279686450958,0.0,1
0.796021044254303,0.0,1
0.29007965326309204,0.0,1
0.6440343260765076,0.0,1
1.3030259609222412,0.0,0
0.6623131036758423,0.0,1
0.07692207396030426,0.0,1
0.2633834481239319,0.0,1
0.19814585149288177,0.0,1
0.8600179553031921,0.0,1
0.7654163241386414,0.0,1
0.2733365297317505,0.0,1
1.7343895435333252,0.0,0
0.6856318712234497,0.0,1
1.1015435457229614,0.0,0
0.4594340920448303,0.0,1
0.34103304147720337,0.0,1
0.5488386154174805,0.0,1
0.40986496210098267,0.0,1
0.12997576594352722,0.0,1
0.9876243472099304,0.0,0
0.15277880430221558,0.0,1
0.22803068161010742,0.0,1
0.7227113842964172,0.0,1
0.29186397790908813,0.0,1
0.2673398554325104,0.0,1
0.17129001021385193,0.0,1
0.0955185741186142,0.0,1
0.402545303106308,0.0,1
0.9480400085449219,0.0,0
0.5429664850234985,0.0,1
0.114578977227211,0.0,1
0.24349088966846466,0.0,1
0.4586571156978607,0.0,1
0.3065258860588074,0.0,1
0.19832412898540497,0.0,1
0.23453190922737122,0.0,1
0.5674494504928589,0.0,1
1.2927775382995605,0.0,0
0.426210880279541,0.0,1
0.0831252783536911,0.0,1
0.058650463819503784,0.0,1
0.5920791625976562,0.0,1
0.6140825152397156,0.0,1
0.5253243446350098,0.0,1
0.03726106137037277,0.0,1
0.8301725387573242,0.0,1
0.3022962212562561,0.0,1
0.7171609401702881,0.0,1
0.20836281776428223,0.0,1
0.6888129115104675,0.0,1
0.2853083908557892,0.0,1
0.07884407043457031,0.0,1
0.7988438606262207,0.0,1
0.5004547238349915,0.0,1
0.4149612486362457,0.0,1
0.49497872591018677,0.0,1
0.8522570729255676,0.0,1
0.5023558139801025,0.0,1
0.21244101226329803,0.0,1
0.5320300459861755,0.0,1
0.729404628276825,0.0,1
0.8900569677352905,0.0,0
0.31795042753219604,0.0,1
0.17681804299354553,0.0,1
0.715215802192688,0.0,1
0.20904000103473663,0.0,1
0.31677573919296265,0.0,1
0.5173036456108093,0.0,1
0.1502426564693451,0.0,1
0.12534663081169128,0.0,1
0.059518761932849884,0.0,1
0.5599740743637085,0.0,1
1.4102697372436523,0.0,0
0.7849871516227722,0.0,1
0.1394699513912201,0.0,1
0.3681776523590088,0.0,1
1.3255164623260498,0.0,0
0.6776427030563354,0.0,1
0.21583004295825958,0.0,1
0.06319030374288559,0.0,1
1.40277898311615,0.0,0
0.2700254023075104,0.0,1
0.46572571992874146,0.0,1
0.43374037742614746,0.0,1
1.3136818408966064,0.0,0
0.730579674243927,0.0,1
0.17649520933628082,0.0,1
0.6948655247688293,0.0,1
1.0055721998214722,0.0,0
0.8680699467658997,0.0,1
0.3202965557575226,0.0,1
0.38879817724227905,0.0,1
0.6059852838516235,0.0,1
0.33652904629707336,0.0,1
0.15828850865364075,0.0,1
0.13007311522960663,0.0,1
0.7783355116844177,0.0,1
0.6010801196098328,0.0,1
0.3837127387523651,0.0,1
0.5252982378005981,0.0,1
0.32727712392807007,0.0,1
0.357763409614563,0.0,1
0.623359739780426,0.0,1
0.22143054008483887,0.0,1
0.47991934418678284,0.0,1
1.4647918939590454,0.0,0
0.21103696525096893,0.0,1
0.31803035736083984,0.0,1
0.16829660534858704,0.0,1
0.33182960748672485,0.0,1
0.4120585322380066,0.0,1
0.3409561514854431,0.0,1
0.131515771150589,0.0,1
1.1607716083526611,0.0,0
0.7448395490646362,0.0,1
1.3997619152069092,0.0,0
0.5349448323249817,0.0,1
0.08690398931503296,0.0,1
0.7051288485527039,0.0,1
0.11264948546886444,0.0,1
0.886738657951355,0.0,0
0.5051156282424927,0.0,1
0.4297167658805847,0.0,1
0.3527320921421051,0.0,1
0.8472875356674194,0.0,1
0.9059721827507019,0.0,0
1.2187143564224243,0.0,0
1.1968530416488647,0.0,0
0.05187919735908508,0.0,1
0.18131759762763977,0.0,1
1.0559266805648804,0.0,0
0.23714976012706757,0.0,1
0.7332118153572083,0.0,1
0.32173362374305725,0.0,1
0.6023301482200623,0.0,1
0.687635064125061,0.0,1
0.3825262188911438,0.0,1
0.684829831123352,0.0,1
0.4634941518306732,0.0,1
0.2545793950557709,0.0,1
0.6015661954879761,0.0,1
0.7281543612480164,0.0,1
0.5273646116256714,0.0,1
0.44680920243263245,0.0,1
0.5395294427871704,0.0,1
0.9905244708061218,0.0,0
0.5377913117408752,0.0,1
0.14174368977546692,0.0,1
0.5817111730575562,0.0,1
0.07611038535833359,0.0,1
0.6372460722923279,0.0,1
0.6080511808395386,0.0,1
0.9339202642440796,0.0,0
0.7487848401069641,0.0,1
0.2917497158050537,0.0,1
0.22656914591789246,0.0,1
0.9973421096801758,0.0,0
0.6120662689208984,0.0,1
0.16230003535747528,0.0,1
0.20329424738883972,0.0,1
0.7339667081832886,0.0,1
0.07813960313796997,0.0,1
1.2223924398422241,0.0,0
0.18272987008094788,0.0,1
0.5363510251045227,0.0,1
0.31663739681243896,0.0,1
0.965520977973938,0.0,0
0.20130543410778046,0.0,1
0.32207316160202026,0.0,1
0.23809556663036346,0.0,1
0.2002701461315155,0.0,1
1.079326868057251,0.0,0
0.30256542563438416,0.0,1
0.3871094584465027,0.0,1
0.3702127933502197,0.0,1
1.739912986755371,0.0,0
0.1613006889820099,0.0,1
0.6227340698242188,0.0,1
0.3156178295612335,0.0,1
0.5920608639717102,0.0,1
0.6396712064743042,0.0,1
0.7330884337425232,0.0,1
1.3360586166381836,0.0,0
0.6393660306930542,0.0,1
1.1186323165893555,0.0,0
0.5404964685440063,0.0,1
0.16004455089569092,0.0,1
0.499223530292511,0.0,1
0.4561424255371094,0.0,1
0.9856308698654175,0.0,0
0.1326272040605545,0.0,1
0.2466498613357544,0.0,1
0.6001561284065247,0.0,1
0.6349451541900635,0.0,1
0.18839767575263977,0.0,1
1.0094077587127686,0.0,0
0.2776763141155243,0.0,1
0.5489880442619324,0.0,1
0.9018725156784058,0.0,0
0.7463093996047974,0.0,1
0.7886143922805786,0.0,1
1.3621861934661865,0.0,0
0.4881972372531891,0.0,1
1.081735372543335,0.0,0
0.4156017303466797,0.0,1
0.29000788927078247,0.0,1
0.6295401453971863,0.0,1
1.6328344345092773,0.0,0
0.12390406429767609,0.0,1
0.24847511947155,0.0,1
0.22265879809856415,0.0,1
0.8156574368476868,0.0,1
0.6210685968399048,0.0,1
0.8927907943725586,0.0,0
0.4471605718135834,0.0,1
0.45122796297073364,0.0,1
0.17040331661701202,0.0,1
0.05283532291650772,0.0,1
0.35753554105758667,0.0,1
1.2079099416732788,0.0,0
1.409364104270935,0.0,0
0.7382520437240601,0.0,1
0.619167149066925,0.0,1
0.20476898550987244,0.0,1
0.10743437707424164,0.0,1
0.04202369600534439,0.0,1
1.6706008911132812,0.0,0
1.2179428339004517,0.0,0
1.4226644039154053,0.0,0
0.16863147914409637,0.0,1
0.33973976969718933,0.0,1
0.3440890908241272,0.0,1
0.17934587597846985,0.0,1
1.4143511056900024,0.0,0
0.48176345229148865,0.0,1
0.7419392466545105,0.0,1
0.2873103618621826,0.0,1
0.4964672923088074,0.0,1
0.6355716586112976,0.0,1
0.3036258816719055,0.0,1
0.39671042561531067,0.0,1
1.2292885780334473,0.0,0
0.224080890417099,0.0,1
0.23904173076152802,0.0,1
0.7177709341049194,0.0,1
0.6851169466972351,0.0,1
0.4032247066497803,0.0,1
0.2156384438276291,0.0,1
0.2050335705280304,0.0,1
0.20505404472351074,0.0,1
0.3069820702075958,0.0,1
1.1295392513275146,0.0,0
0.2382761538028717,0.0,1
0.5121727585792542,0.0,1
0.7769508957862854,0.0,1
0.7519007921218872,0.0,1
0.4911819398403168,0.0,1
0.10054285824298859,0.0,1
0.4822390079498291,0.0,1
0.7420178055763245,0.0,1
0.15053966641426086,0.0,1
0.8519382476806641,0.0,1
0.0872209221124649,0.0,1
0.3250994086265564,0.0,1
0.29587322473526,0.0,1
0.5997826457023621,0.0,1
0.6861364841461182,0.0,1
0.3349432647228241,0.0,1
0.12284202873706818,0.0,1
0.27530375123023987,0.0,1
0.5641571283340454,0.0,1
0.3480825424194336,0.0,1
0.336364209651947,0.0,1
0.2744010090827942,0.0,1
0.9968950152397156,0.0,0
0.4559541344642639,0.0,1
0.8009398579597473,0.0,1
0.5419114232063293,0.0,1
0.6886566877365112,0.0,1
0.16927075386047363,0.0,1
0.3448675572872162,0.0,1
0.6266271471977234,0.0,1
0.15594008564949036,0.0,1
0.26438698172569275,0.0,1
0.24412067234516144,0.0,1
0.3336929678916931,0.0,1
0.2732931971549988,0.0,1
0.5405743718147278,0.0,1
0.263207346200943,0.0,1
0.39240771532058716,0.0,1
0.2497103214263916,0.0,1
0.9940667152404785,0.0,0
0.03230931609869003,0.0,1
0.0827745795249939,0.0,1
0.16583004593849182,0.0,1
1.3019580841064453,0.0,0
0.15017367899417877,0.0,1
0.5036103129386902,0.0,1
0.3943716585636139,0.0,1
0.2559265196323395,0.0,1
0.4526291489601135,0.0,1
0.40258997678756714,0.0,1
0.3780573010444641,0.0,1
0.24913696944713593,0.0,1
0.6869234442710876,0.0,1
0.2939920723438263,0.0,1
1.5344665050506592,0.0,0
0.09300940483808517,0.0,1
0.3284209966659546,0.0,1
0.09328421205282211,0.0,1
0.3642638921737671,0.0,1
0.7478860020637512,0.0,1
0.38489386439323425,0.0,1
0.381346195936203,0.0,1
0.2237822562456131,0.0,1
0.18627800047397614,0.0,1
0.23365645110607147,0.0,1
0.3097291588783264,0.0,1
1.1056029796600342,0.0,0
0.9997931718826294,0.0,0
0.6141330003738403,0.0,1
0.1014057844877243,0.0,1
0.45319947600364685,0.0,1
0.7138437628746033,0.0,1
0.15260890126228333,0.0,1
0.6598100066184998,0.0,1
0.5664218664169312,0.0,1
0.6534087061882019,0.0,1
0.15676268935203552,0.0,1
0.3076706528663635,0.0,1
0.10882370173931122,0.0,1
0.7685579061508179,0.0,1
0.8637472987174988,0.0,1
0.4552164673805237,0.0,1
0.15682010352611542,0.0,1
0.3134273588657379,0.0,1
0.7626451253890991,0.0,1
0.5928949117660522,0.0,1
0.1746612787246704,0.0,1
0.7293052673339844,0.0,1
0.5809667706489563,0.0,1
0.032064951956272125,0.0,1
0.5758971571922302,0.0,1
0.39582815766334534,0.0,1
0.9279767274856567,0.0,0
0.6768571734428406,0.0,1
0.5023203492164612,0.0,1
1.1012316942214966,0.0,0
0.43223896622657776,0.0,1
0.22718355059623718,0.0,1
1.0666861534118652,0.0,0
0.1439109891653061,0.0,1
0.03526223823428154,0.0,1
1.221642017364502,0.0,0
0.1998492181301117,0.0,1
0.0319218710064888,0.0,1
0.22082138061523438,0.0,1
0.27367737889289856,0.0,1
1.1250487565994263,0.0,0
0.28284865617752075,0.0,1
1.0185431241989136,0.0,0
0.21793434023857117,0.0,1
0.0828344076871872,0.0,1
0.42016667127609253,0.0,1
0.8247946500778198,0.0,1
0.17144791781902313,0.0,1
0.724273145198822,0.0,1
0.9814127683639526,0.0,0
1.0911681652069092,0.0,0
0.8980730175971985,0.0,0
0.033928100019693375,0.0,1
1.654627799987793,0.0,0
0.897624135017395,0.0,0
0.30098801851272583,0.0,1
1.1859138011932373,0.0,0
0.3812972605228424,0.0,1
0.7917520403862,0.0,1
0.5199154615402222,0.0,1
0.7752577662467957,0.0,1
0.0669051855802536,0.0,1
1.4479330778121948,0.0,0
0.2545267939567566,0.0,1
0.06238862872123718,0.0,1
0.2488827258348465,0.0,1
0.8990609049797058,0.0,0
0.7337028980255127,0.0,1
0.7240245342254639,0.0,1
0.4339156150817871,0.0,1
0.37118998169898987,0.0,1
0.902530312538147,0.0,0
0.35339370369911194,0.0,1
1.0854960680007935,0.0,0
0.08361610025167465,0.0,1
1.102176547050476,0.0,0
0.1965980976819992,0.0,1
1.210696816444397,0.0,0
1.1392741203308105,0.0,0
0.5141178369522095,0.0,1
0.3253956437110901,0.0,1
0.2419448345899582,0.0,1
0.33601412177085876,0.0,1
1.2796038389205933,0.0,0
0.10769136995077133,0.0,1
0.278530478477478,0.0,1
0.344007670879364,0.0,1
0.49348145723342896,0.0,1
0.3916848301887512,0.0,1
0.21194641292095184,0.0,1
0.3612622618675232,0.0,1
0.39203688502311707,0.0,1
0.7687033414840698,0.0,1
0.5660072565078735,0.0,1
0.06429574638605118,0.0,1
0.4160812497138977,0.0,1
0.32509732246398926,0.0,1
0.44714561104774475,0.0,1
0.6821574568748474,0.0,1
1.115028977394104,0.0,0
0.3553996682167053,0.0,1
0.7965600490570068,0.0,1
0.08290351927280426,0.0,1
0.08829065412282944,0.0,1
1.4221018552780151,0.0,0
1.2473862171173096,0.0,0
0.7522971034049988,0.0,1
0.09298278391361237,0.0,1
0.3303687274456024,0.0,1
0.2208450734615326,0.0,1
0.037851691246032715,0.0,1
0.24371123313903809,0.0,1
0.6337287425994873,0.0,1
1.6596529483795166,0.0,0
0.3720237612724304,0.0,1
1.4013200998306274,0.0,0
0.16051065921783447,0.0,1
0.5008395910263062,0.0,1
0.0700172632932663,0.0,1
0.14526543021202087,0.0,1
0.9502424001693726,0.0,0
1.3587654829025269,0.0,0
0.2642396092414856,0.0,1
0.502984881401062,0.0,1
0.8127468824386597,0.0,1
0.7973268032073975,0.0,1
0.27550798654556274,0.0,1
0.8865076899528503,0.0,0
0.5802999138832092,0.0,1
1.1958730220794678,0.0,0
1.230005145072937,0.0,0
0.0832289531826973,0.0,1
0.20191149413585663,0.0,1
0.42646461725234985,0.0,1
0.6341997385025024,0.0,1
0.5629922151565552,0.0,1
0.31793126463890076,0.0,1
0.2039220631122589,0.0,1
0.19858039915561676,0.0,1
0.4308496415615082,0.0,1
0.3746052384376526,0.0,1
0.19516876339912415,0.0,1
0.24591557681560516,0.0,1
0.2634383738040924,0.0,1
0.4204169809818268,0.0,1
1.1430413722991943,0.0,0
0.35340383648872375,0.0,1
1.6380304098129272,0.0,0
0.21680955588817596,0.0,1
0.4790707230567932,0.0,1
1.3122857809066772,0.0,0
0.30979326367378235,0.0,1
0.23657596111297607,0.0,1
0.9515585899353027,0.0,0
0.5703310966491699,0.0,1
0.207584947347641,0.0,1
1.5763643980026245,0.0,0
0.133387953042984,0.0,1
0.2854945957660675,0.0,1
0.9724062085151672,0.0,0
0.20063218474388123,0.0,1
1.0648193359375,0.0,0
0.8168948292732239,0.0,1
0.19731739163398743,0.0,1
0.13662812113761902,0.0,1
0.3442142605781555,0.0,1
0.4831918776035309,0.0,1
0.8093711733818054,0.0,1
0.5571991801261902,0.0,1
0.5779035091400146,0.0,1
0.9559935331344604,0.0,0
0.26052987575531006,0.0,1
0.40221866965293884,0.0,1
0.823226809501648,0.0,1
0.2045036256313324,0.0,1
0.09749327600002289,0.0,1
0.9201214909553528,0.0,0
0.7953168749809265,0.0,1
0.5640021562576294,0.0,1
0.16646526753902435,0.0,1
0.21491651237010956,0.0,1
1.2321836948394775,0.0,0
0.9724093675613403,0.0,0
0.1756097972393036,0.0,1
0.3096921741962433,0.0,1
0.05751167610287666,0.0,1
0.3836875557899475,0.0,1
0.8209320306777954,0.0,1
0.3577612042427063,0.0,1
1.206786870956421,0.0,0
0.9091712236404419,0.0,0
0.6831973791122437,0.0,1
0.10404205322265625,0.0,1
0.3978925347328186,0.0,1
0.589272677898407,0.0,1
0.24167318642139435,0.0,1
0.30447229743003845,0.0,1
0.517137885093689,0.0,1
0.05810869485139847,0.0,1
1.1725265979766846,0.0,0
0.8565794825553894,0.0,1
0.3538188338279724,0.0,1
1.2931642532348633,0.0,0
0.3715803325176239,0.0,1
1.0675814151763916,0.0,0
0.6333295106887817,0.0,1
0.9325292706489563,0.0,0
0.22180721163749695,0.0,1
0.3039804697036743,0.0,1
0.23912791907787323,0.0,1
0.03309589624404907,0.0,1
1.233694076538086,0.0,0
0.17656806111335754,0.0,1
0.23275844752788544,0.0,1
0.26685163378715515,0.0,1
1.080748200416565,0.0,0
0.16040298342704773,0.0,1
0.12226223945617676,0.0,1
0.06924121826887131,0.0,1
1.1940484046936035,0.0,0
0.11905622482299805,0.0,1
0.25276944041252136,0.0,1
1.0448353290557861,0.0,0
0.9986380338668823,0.0,0
0.39841634035110474,0.0,1
0.9568356275558472,0.0,0
0.2755067050457001,0.0,1
0.1772531121969223,0.0,1
0.21778592467308044,0.0,1
0.5640064477920532,0.0,1
0.16914474964141846,0.0,1
0.1909380704164505,0.0,1
0.04117722064256668,0.0,1
0.12374226748943329,0.0,1
0.9759284853935242,0.0,0
0.3719939887523651,0.0,1
0.23000431060791016,0.0,1
0.7536318302154541,0.0,1
0.24240784347057343,0.0,1
0.653704822063446,0.0,1
0.5644937753677368,0.0,1
0.5704980492591858,0.0,1
0.8693434596061707,0.0,1
1.6370811462402344,0.0,0
0.04849684610962868,0.0,1
0.13935677707195282,0.0,1
0.4482651650905609,0.0,1
0.24938146770000458,0.0,1
0.8207612037658691,0.0,1
0.3866977095603943,0.0,1
0.6072840690612793,0.0,1
0.7048662900924683,0.0,1
0.8414031863212585,0.0,1
0.2635897696018219,0.0,1
0.89354407787323,0.0,0
0.2126593142747879,0.0,1
0.18355102837085724,0.0,1
0.42738357186317444,0.0,1
0.5147297978401184,0.0,1
0.28454771637916565,0.0,1
0.30679839849472046,0.0,1
1.0449455976486206,0.0,0
0.6525501012802124,0.0,1
0.2181588113307953,0.0,1
0.22983551025390625,0.0,1
0.30542227625846863,0.0,1
1.2437808513641357,0.0,0
0.10747518390417099,0.0,1
0.18936225771903992,0.0,1
0.821660041809082,0.0,1
0.03616073355078697,0.0,1
0.19951362907886505,0.0,1
0.15750055015087128,0.0,1
0.055063314735889435,0.0,1
0.22425761818885803,0.0,1
0.5431243181228638,0.0,1
0.49538522958755493,0.0,1
1.084389567375183,0.0,0
0.41516929864883423,0.0,1
0.15162287652492523,0.0,1
0.2361568659543991,0.0,1
0.03390184044837952,0.0,1
0.3018985390663147,0.0,1
0.7929920554161072,0.0,1
1.1586825847625732,0.0,0
0.24421676993370056,0.0,1
0.08462180197238922,0.0,1
0.7057154774665833,0.0,1
0.2799738645553589,0.0,1
0.09599851071834564,0.0,1
0.11731021106243134,0.0,1
0.1693473756313324,0.0,1
0.1155426949262619,0.0,1
0.8894153833389282,0.0,0
0.3247830867767334,0.0,1
0.27645623683929443,0.0,1
0.4269050061702728,0.0,1
0.211777001619339,0.0,1
0.34513795375823975,0.0,1
0.25062084197998047,0.0,1
1.145082950592041,0.0,0
0.28755897283554077,0.0,1
1.4430559873580933,0.0,0
0.09415143728256226,0.0,1
0.38224539160728455,0.0,1
0.15115520358085632,0.0,1
0.6409050226211548,0.0,1
0.8244708180427551,0.0,1
1.0409841537475586,0.0,0
0.7938839793205261,0.0,1
0.1835186779499054,0.0,1
0.428309828042984,0.0,1
0.17652472853660583,0.0,1
0.903370201587677,0.0,0
0.48074597120285034,0.0,1
0.5042698979377747,0.0,1
0.37347012758255005,0.0,1
1.5129181146621704,0.0,0
0.23706233501434326,0.0,1
1.1633901596069336,0.0,0
0.9760071039199829,0.0,0
0.9793707132339478,0.0,0
0.9906303286552429,0.0,0
0.34941431879997253,0.0,1
1.1855278015136719,0.0,0
0.37859147787094116,0.0,1
0.8099886775016785,0.0,1
0.33888891339302063,0.0,1
1.024449110031128,0.0,0
1.223766565322876,0.0,0
0.8541585803031921,0.0,1
0.3187636137008667,0.0,1
0.12137573957443237,0.0,1
0.2900834083557129,0.0,1
0.2500268816947937,0.0,1
0.9722067713737488,0.0,0
0.18296661972999573,0.0,1
0.836367130279541,0.0,1
0.14119084179401398,0.0,1
0.3566761314868927,0.0,1
0.26971638202667236,0.0,1
0.48089781403541565,0.0,1
0.10082478821277618,0.0,1
0.11233188211917877,0.0,1
0.39266306161880493,0.0,1
0.4748147130012512,0.0,1
0.0388050451874733,0.0,1
0.05925924330949783,0.0,1
1.086887240409851,0.0,0
0.15963204205036163,0.0,1
0.48206624388694763,0.0,1
1.0709165334701538,0.0,0
1.003915548324585,0.0,0
0.14187318086624146,0.0,1
1.1343486309051514,0.0,0
0.5504506230354309,0.0,1
0.058850616216659546,0.0,1
0.8236905336380005,0.0,1
0.23606543242931366,0.0,1
0.5865497589111328,0.0,1
0.5373836755752563,0.0,1
0.8915216326713562,0.0,0
0.3954707384109497,0.0,1
1.167230486869812,0.0,0
0.8830372095108032,0.0,0
0.63430255651474,0.0,1
0.5400636792182922,0.0,1
1.2250124216079712,0.0,0
0.19214452803134918,0.0,1
0.3580949306488037,0.0,1
0.30018150806427,0.0,1
0.3388299345970154,0.0,1
0.3002499043941498,0.0,1
0.08475567400455475,0.0,1
0.1354500651359558,0.0,1
0.6219635009765625,0.0,1
0.18571898341178894,0.0,1
0.1239696592092514,0.0,1
0.3083384335041046,0.0,1
0.4426341652870178,0.0,1
0.628960907459259,0.0,1
0.4094633162021637,0.0,1
0.19982746243476868,0.0,1
0.8546489477157593,0.0,1
0.8585122227668762,0.0,1
0.4712664484977722,0.0,1
0.7258831262588501,0.0,1
1.1553096771240234,0.0,0
0.7974501848220825,0.0,1
0.398429811000824,0.0,1
0.12803086638450623,0.0,1
0.8231552243232727,0.0,1
0.20311585068702698,0.0,1
0.043314021080732346,0.0,1
0.39272189140319824,0.0,1
0.10793392360210419,0.0,1
0.15971305966377258,0.0,1
0.8662725687026978,0.0,1
0.06267130374908447,0.0,1
0.41455569863319397,0.0,1
1.1564260721206665,0.0,0
0.7016611695289612,0.0,1
0.12545177340507507,0.0,1
0.4336246848106384,0.0,1
0.21056072413921356,0.0,1
0.10531248897314072,0.0,1
0.21922293305397034,0.0,1
0.14279362559318542,0.0,1
0.1256830394268036,0.0,1
0.2774525284767151,0.0,1
0.3829977810382843,0.0,1
0.22745685279369354,0.0,1
0.6613989472389221,0.0,1
1.0842363834381104,0.0,0
0.1317300647497177,0.0,1
0.5024794936180115,0.0,1
0.8488628268241882,0.0,1
0.3935413956642151,0.0,1
0.45128217339515686,0.0,1
0.37664875388145447,0.0,1
0.7218592762947083,0.0,1
0.21538671851158142,0.0,1
0.06049349159002304,0.0,1
1.0045173168182373,0.0,0
0.3101203143596649,0.0,1
0.5843026041984558,0.0,1
1.2103655338287354,0.0,0
0.5618196129798889,0.0,1
0.37587231397628784,0.0,1
0.28835421800613403,0.0,1
0.34730011224746704,0.0,1
0.49034857749938965,0.0,1
0.18169419467449188,0.0,1
1.2575300931930542,0.0,0
1.3685129880905151,0.0,0
0.4127383828163147,0.0,1
0.15650933980941772,0.0,1
0.6381603479385376,0.0,1
0.25034359097480774,0.0,1
0.8724488019943237,0.0,1
1.7385523319244385,0.0,0
0.6517098546028137,0.0,1
0.1487307846546173,0.0,1
0.917508602142334,0.0,0
0.6787822842597961,0.0,1
0.9163926839828491,0.0,0
0.5874786972999573,0.0,1
0.3450281023979187,0.0,1
0.13505858182907104,0.0,1
0.787840723991394,0.0,1
0.2803036570549011,0.0,1
0.6548017263412476,0.0,1
0.08918940275907516,0.0,1
0.9527245759963989,0.0,0
1.0347048044204712,0.0,0
0.09235469996929169,0.0,1
0.5001339316368103,0.0,1
1.2235708236694336,0.0,0
1.1042850017547607,0.0,0
0.8895245790481567,0.0,0
0.08672598004341125,0.0,1
0.691044270992279,0.0,1
1.0461251735687256,0.0,0
0.5600268244743347,0.0,1
0.5087853670120239,0.0,1
0.14934566617012024,0.0,1
0.2364533245563507,0.0,1
0.06371494382619858,0.0,1
0.22025957703590393,0.0,1
1.0028754472732544,0.0,0
0.12258646637201309,0.0,1
1.0987577438354492,0.0,0
0.554651141166687,0.0,1
0.35896867513656616,0.0,1
0.7075492143630981,0.0,1
0.06564760953187943,0.0,1
0.1801464557647705,0.0,1
0.3620113730430603,0.0,1
0.37270504236221313,0.0,1
0.4844895005226135,0.0,1
0.5351006388664246,0.0,1
0.2310343086719513,0.0,1
1.0448033809661865,0.0,0
0.5809565782546997,0.0,1
0.6242868900299072,0.0,1
0.23867003619670868,0.0,1
0.5460258722305298,0.0,1
1.3827130794525146,0.0,0
0.04418783262372017,0.0,1
1.1722482442855835,0.0,0
0.9852274656295776,0.0,0
0.41994529962539673,0.0,1
0.18341685831546783,0.0,1
0.3584845960140228,0.0,1
0.7070547342300415,0.0,1
0.23230977356433868,0.0,1
0.27003610134124756,0.0,1
0.27714306116104126,0.0,1
0.41413721442222595,0.0,1
0.23270627856254578,0.0,1
0.39054054021835327,0.0,1
0.41918516159057617,0.0,1
0.9413036108016968,0.0,0
0.22497054934501648,0.0,1
0.09578411281108856,0.0,1
0.3671168088912964,0.0,1
0.7986117601394653,0.0,1
1.196243166923523,0.0,0
0.1768079549074173,0.0,1
0.1828925907611847,0.0,1
0.378334105014801,0.0,1
1.1215298175811768,0.0,0
0.11107450723648071,0.0,1
0.8490713238716125,0.0,1
0.23769478499889374,0.0,1
0.9302334785461426,0.0,0
0.2460295706987381,0.0,1
0.7597904205322266,0.0,1
0.07076828181743622,0.0,1
0.025075793266296387,0.0,1
0.18508169054985046,0.0,1
0.3584502637386322,0.0,1
1.493818998336792,0.0,0
0.769689679145813,0.0,1
0.5374791026115417,0.0,1
0.3484347462654114,0.0,1
1.7122201919555664,0.0,0
0.47384220361709595,0.0,1
0.1596490442752838,0.0,1
0.1389855593442917,0.0,1
0.28638559579849243,0.0,1
0.33114078640937805,0.0,1
1.6638952493667603,0.0,0
0.2685179114341736,0.0,1
0.15717583894729614,0.0,1
0.18027479946613312,0.0,1
0.92579185962677,0.0,0
0.3162788450717926,0.0,1
0.19682541489601135,0.0,1
0.543757438659668,0.0,1
1.163882851600647,0.0,0
0.09320058673620224,0.0,1
0.6301190853118896,0.0,1
0.28906553983688354,0.0,1
0.2143898755311966,0.0,1
0.4451795518398285,0.0,1
0.7518065571784973,0.0,1
0.230963796377182,0.0,1
0.1273718625307083,0.0,1
1.1505922079086304,0.0,0
0.5519948601722717,0.0,1
1.13741934299469,0.0,0
0.4447329044342041,0.0,1
0.46268320083618164,0.0,1
0.8129046559333801,0.0,1
0.2341771125793457,0.0,1
0.7729640007019043,0.0,1
0.8523915410041809,0.0,1
0.45228689908981323,0.0,1
1.148313283920288,0.0,0
0.6735259294509888,0.0,1
0.21367451548576355,0.0,1
0.48682332038879395,0.0,1
1.1930493116378784,0.0,0
0.8275882601737976,0.0,1
0.231914684176445,0.0,1
0.2498728334903717,0.0,1
0.5858108401298523,0.0,1
0.8150985836982727,0.0,1
0.3421122133731842,0.0,1
0.4037676751613617,0.0,1
0.5114052295684814,0.0,1
0.49699538946151733,0.0,1
0.5638159513473511,0.0,1
0.4213334023952484,0.0,1
1.0494384765625,0.0,0
1.1327354907989502,0.0,0
0.3814355432987213,0.0,1
0.13015727698802948,0.0,1
0.3938595950603485,0.0,1
0.5896430015563965,0.0,1
0.17970265448093414,0.0,1
0.3108268082141876,0.0,1
0.7823837995529175,0.0,1
0.14927589893341064,0.0,1
0.5763710141181946,0.0,1
0.2975832223892212,0.0,1
0.7289732098579407,0.0,1
0.33019155263900757,0.0,1
0.38903313875198364,0.0,1
0.9315279126167297,0.0,0
0.3298422694206238,0.0,1
0.10356619209051132,0.0,1
0.20672626793384552,0.0,1
0.9323925971984863,0.0,0
0.5249134302139282,0.0,1
0.6507266759872437,0.0,1
0.6651694774627686,0.0,1
0.40020543336868286,0.0,1
0.11046186834573746,0.0,1
0.4644593596458435,0.0,1
0.2574286460876465,0.0,1
0.35376864671707153,0.0,1
0.3414929509162903,0.0,1
0.8786032795906067,0.0,0
1.0149132013320923,0.0,0
0.5618541240692139,0.0,1
0.44911789894104004,0.0,1
0.3783506751060486,0.0,1
0.48133984208106995,0.0,1
0.15958142280578613,0.0,1
1.4319034814834595,0.0,0
0.12138799577951431,0.0,1
1.4474347829818726,0.0,0
0.11488310247659683,0.0,1
0.5988627076148987,0.0,1
0.5585157871246338,0.0,1
1.1465744972229004,0.0,0
0.07384241372346878,0.0,1
0.5613454580307007,0.0,1
0.4054989814758301,0.0,1
0.5446415543556213,0.0,1
0.43683189153671265,0.0,1
0.056055955588817596,0.0,1
0.15380623936653137,0.0,1
0.32199710607528687,0.0,1
0.45710164308547974,0.0,1
0.7638304829597473,0.0,1
0.8695748448371887,0.0,1
1.0074679851531982,0.0,0
0.7169156074523926,0.0,1
0.49004048109054565,0.0,1
1.117956519126892,0.0,0
0.2818833291530609,0.0,1
0.7630683779716492,0.0,1
1.2459659576416016,0.0,0
0.1681654006242752,0.0,1
0.19822411239147186,0.0,1
0.18685853481292725,0.0,1
0.6859460473060608,0.0,1
0.9900234937667847,0.0,0
0.5060354471206665,0.0,1
0.8826541900634766,0.0,0
0.14060841500759125,0.0,1
0.14231142401695251,0.0,1
0.47967052459716797,0.0,1
1.4488909244537354,0.0,0
0.17238092422485352,0.0,1
0.4822961688041687,0.0,1
0.17955219745635986,0.0,1
0.19661331176757812,0.0,1
0.9250307083129883,0.0,0
0.25186899304389954,0.0,1
0.09940313547849655,0.0,1
0.822518527507782,0.0,1
0.049213141202926636,0.0,1
0.17869147658348083,0.0,1
0.3602670729160309,0.0,1
0.19366469979286194,0.0,1
0.1796068698167801,0.0,1
0.40823692083358765,0.0,1
0.7307267189025879,0.0,1
0.9246422052383423,0.0,0
0.8908014297485352,0.0,0
0.6741463541984558,0.0,1
0.37691086530685425,0.0,1
1.2337862253189087,0.0,0
0.24217097461223602,0.0,1
0.637973427772522,0.0,1
0.2705908417701721,0.0,1
0.2934682071208954,0.0,1
0.16204169392585754,0.0,1
0.45037856698036194,0.0,1
1.2010949850082397,0.0,0
0.5708209872245789,0.0,1
0.5633690357208252,0.0,1
0.6370279788970947,0.0,1
0.3032144010066986,0.0,1
0.4968661367893219,0.0,1
0.17497465014457703,0.0,1
0.5340415835380554,0.0,1
1.083325743675232,0.0,0
0.5221266746520996,0.0,1
0.40615183115005493,0.0,1
0.8860217928886414,0.0,0
0.6385830640792847,0.0,1
0.5969898700714111,0.0,1
0.7732997536659241,0.0,1
0.2287188321352005,0.0,1
0.34299153089523315,0.0,1
0.6581912040710449,0.0,1
1.2360990047454834,0.0,0
0.2855662405490875,0.0,1
0.5,0.0,1
1.5969947576522827,0.0,0
0.9625905752182007,0.0,0
0.133265882730484,0.0,1
0.6213603019714355,0.0,1
0.1381864845752716,0.0,1
0.3290117681026459,0.0,1
1.1929912567138672,0.0,0
0.5641546249389648,0.0,1
0.1102336198091507,0.0,1
1.243844747543335,0.0,0
0.4541715979576111,0.0,1
1.768122673034668,0.0,0
0.5395597815513611,0.0,1
0.6875183582305908,0.0,1
0.5307294130325317,0.0,1
0.2293233573436737,0.0,1
0.7816320061683655,0.0,1
0.051831912249326706,0.0,1
1.2293949127197266,0.0,0
0.028487470000982285,0.0,1
0.48325127363204956,0.0,1
0.2617955207824707,0.0,1
0.08258488774299622,0.0,1
0.5148302316665649,0.0,1
0.7918769121170044,0.0,1
1.1920396089553833,0.0,0
0.609136164188385,0.0,1
0.15909543633460999,0.0,1
1.2984036207199097,0.0,0
0.8224998712539673,0.0,1
0.7124637365341187,0.0,1
0.1809944212436676,0.0,1
0.0719853863120079,0.0,1
0.47187405824661255,0.0,1
0.09585196524858475,0.0,1
1.2546417713165283,0.0,0
0.08561105281114578,0.0,1
0.609372615814209,0.0,1
1.2712945938110352,0.0,0
0.8021411895751953,0.0,1
0.1760871410369873,0.0,1
0.390055775642395,0.0,1
0.36679625511169434,0.0,1
0.8292003870010376,0.0,1
0.23561625182628632,0.0,1
1.1050134897232056,0.0,0
0.3793697953224182,0.0,1
0.41461285948753357,0.0,1
0.6737274527549744,0.0,1
0.5645673871040344,0.0,1
0.07100419700145721,0.0,1
0.3202870190143585,0.0,1
0.10299067199230194,0.0,1
0.07677538692951202,0.0,1
0.5338922739028931,0.0,1
0.5683610439300537,0.0,1
0.19388625025749207,0.0,1
0.5979310274124146,0.0,1
0.34490206837654114,0.0,1
0.28659969568252563,0.0,1
0.26857227087020874,0.0,1
0.4152320325374603,0.0,1
0.40697550773620605,0.0,1
1.0979441404342651,0.0,0
0.9542403221130371,0.0,0
0.27906373143196106,0.0,1
0.3745053708553314,0.0,1
0.2982218563556671,0.0,1
0.2671561539173126,0.0,1
0.4978712499141693,0.0,1
0.8164401054382324,0.0,1
0.371108740568161,0.0,1
0.9390012621879578,0.0,0
0.7938202619552612,0.0,1
0.41911306977272034,0.0,1
0.7735222578048706,0.0,1
0.7601599097251892,0.0,1
0.09828881919384003,0.0,1
0.1142631322145462,0.0,1
0.163222998380661,0.0,1
0.9326068758964539,0.0,0
0.4919893145561218,0.0,1
0.7091897130012512,0.0,1
0.19937071204185486,0.0,1
1.2300188541412354,0.0,0
0.615329384803772,0.0,1
0.10288484394550323,0.0,1
0.9455618858337402,0.0,0
0.35922834277153015,0.0,1
0.2573184669017792,0.0,1
0.23283600807189941,0.0,1
0.7888659238815308,0.0,1
0.4085202217102051,0.0,1
0.2552582621574402,0.0,1
0.3252156674861908,0.0,1
0.4730868339538574,0.0,1
1.3409671783447266,0.0,0
1.190962314605713,0.0,0
0.8338327407836914,0.0,1
0.9702739715576172,0.0,0
0.9054403305053711,0.0,0
0.10182113945484161,0.0,1
0.7420105934143066,0.0,1
1.2936686277389526,0.0,0
0.8425542116165161,0.0,1
1.1518933773040771,0.0,0
0.6016842126846313,0.0,1
0.4989347457885742,0.0,1
0.9899505376815796,0.0,0
0.11836212873458862,0.0,1
0.7923543453216553,0.0,1
0.27729332447052,0.0,1
0.10466121137142181,0.0,1
1.10286545753479,0.0,0
0.572044849395752,0.0,1
0.4464227557182312,0.0,1
0.1746472716331482,0.0,1
1.139773964881897,0.0,0
0.29398390650749207,0.0,1
0.042510025203228,0.0,1
1.2970592975616455,0.0,0
0.8571020364761353,0.0,1
0.6831183433532715,0.0,1
1.730563759803772,0.0,0
0.10893591493368149,0.0,1
0.19249218702316284,0.0,1
0.12747077643871307,0.0,1
0.36470481753349304,0.0,1
0.4947776794433594,0.0,1
0.8240032196044922,0.0,1
0.08962960541248322,0.0,1
1.1373798847198486,0.0,0
1.1536848545074463,0.0,0
0.9525285959243774,0.0,0
0.3332632780075073,0.0,1
0.34004098176956177,0.0,1
0.3928999900817871,0.0,1
1.2806556224822998,0.0,0
0.0813387781381607,0.0,1
0.7972097396850586,0.0,1
0.6138601899147034,0.0,1
0.21875441074371338,0.0,1
1.068112850189209,0.0,0
1.2108938694000244,0.0,0
0.23336760699748993,0.0,1
0.8665794134140015,0.0,1
1.1361792087554932,0.0,0
0.4189754128456116,0.0,1
0.5649390816688538,0.0,1
0.8155645132064819,0.0,1
0.24050083756446838,0.0,1
1.1275781393051147,0.0,0
0.11149226129055023,0.0,1
1.1100165843963623,0.0,0
1.4755737781524658,0.0,0
1.3098973035812378,0.0,0
0.5813533067703247,0.0,1
0.45987120270729065,0.0,1
0.5750707983970642,0.0,1
0.08578996360301971,0.0,1
0.7150076031684875,0.0,1
0.3128933012485504,0.0,1
0.03821199759840965,0.0,1
0.3833116590976715,0.0,1
0.37739112973213196,0.0,1
1.0767803192138672,0.0,0
1.426357388496399,0.0,0
0.22859065234661102,0.0,1
0.3774010241031647,0.0,1
0.9229249954223633,0.0,0
0.18368278443813324,0.0,1
0.08498502522706985,0.0,1
1.0693042278289795,0.0,0
0.24716058373451233,0.0,1
0.4809853434562683,0.0,1
0.5409325361251831,0.0,1
0.7327173352241516,0.0,1
0.2185049057006836,0.0,1
1.4364073276519775,0.0,0
1.0782482624053955,0.0,0
1.1928879022598267,0.0,0
0.16992369294166565,0.0,1
0.1472918689250946,0.0,1
0.38284918665885925,0.0,1
0.7535205483436584,0.0,1
0.1176886111497879,0.0,1
0.15854661166667938,0.0,1
0.5067181587219238,0.0,1
0.4715889096260071,0.0,1
0.6510063409805298,0.0,1
0.38028088212013245,0.0,1
0.6169062256813049,0.0,1
0.20240703225135803,0.0,1
1.083296537399292,0.0,0
0.3479136824607849,0.0,1
0.507287859916687,0.0,1
0.6493238806724548,0.0,1
0.501979649066925,0.0,1
0.5844544172286987,0.0,1
0.3437289595603943,0.0,1
0.5406540632247925,0.0,1
0.3798387944698334,0.0,1
0.7434324026107788,0.0,1
1.0296218395233154,0.0,0
0.5098455548286438,0.0,1
0.9332401156425476,0.0,0
0.372123658657074,0.0,1
0.36747846007347107,0.0,1
0.43238967657089233,0.0,1
0.2822866439819336,0.0,1
0.09332779794931412,0.0,1
0.19384655356407166,0.0,1
0.5682260394096375,0.0,1
0.8500128984451294,0.0,1
0.29372090101242065,0.0,1
0.5840337872505188,0.0,1
0.5737573504447937,0.0,1
1.2873376607894897,0.0,0
0.4400184750556946,0.0,1
0.1241622194647789,0.0,1
0.3410637378692627,0.0,1
0.832419216632843,0.0,1
0.47320741415023804,0.0,1
0.5279144048690796,0.0,1
0.5496366024017334,0.0,1
0.2618911564350128,0.0,1
0.25559040904045105,0.0,1
0.7686899304389954,0.0,1
0.13168200850486755,0.0,1
0.26667317748069763,0.0,1
0.3419751226902008,0.0,1
0.5884771943092346,0.0,1
0.5365627408027649,0.0,1
0.2857411503791809,0.0,1
0.20276057720184326,0.0,1
0.2558307647705078,0.0,1
0.25551027059555054,0.0,1
0.05777903273701668,0.0,1
0.16875700652599335,0.0,1
0.1029059886932373,0.0,1
0.6001470685005188,0.0,1
0.4791639447212219,0.0,1
0.1684650033712387,0.0,1
0.6235988140106201,0.0,1
0.7244137525558472,0.0,1
0.5649138689041138,0.0,1
1.33297598361969,0.0,0
0.237295463681221,0.0,1
0.25266215205192566,0.0,1
0.2945117950439453,0.0,1
0.2364576756954193,0.0,1
1.000806212425232,0.0,0
0.36566177010536194,0.0,1
0.21741202473640442,0.0,1
0.16344515979290009,0.0,1
0.17169131338596344,0.0,1
0.9714547395706177,0.0,0
0.28620511293411255,0.0,1
0.9768155217170715,0.0,0
0.1878223717212677,0.0,1
0.3072497546672821,0.0,1
0.3428514003753662,0.0,1
0.7727340459823608,0.0,1
0.14603866636753082,0.0,1
1.1993868350982666,0.0,0
0.8766549825668335,0.0,0
0.899462103843689,0.0,0
0.02814801037311554,0.0,1
0.21075353026390076,0.0,1
0.38235074281692505,0.0,1
0.1750052273273468,0.0,1
0.556867241859436,0.0,1
1.0891385078430176,0.0,0
0.7808914184570312,0.0,1
0.08086712658405304,0.0,1
0.31659838557243347,0.0,1
1.7265684604644775,0.0,0
0.219784215092659,0.0,1
1.8127495050430298,0.0,0
0.07949499040842056,0.0,1
0.5692813396453857,0.0,1
0.8187907934188843,0.0,1
1.3345263004302979,0.0,0
0.07293644547462463,0.0,1
1.3889166116714478,0.0,0
0.8903025388717651,0.0,0
0.14261294901371002,0.0,1
0.03306211158633232,0.0,1
0.10240507125854492,0.0,1
1.2603790760040283,0.0,0
1.1001133918762207,0.0,0
1.2193470001220703,0.0,0
0.9922369122505188,0.0,0
0.3959764838218689,0.0,1
0.6330661177635193,0.0,1
0.5690462589263916,0.0,1
0.08188527822494507,0.0,1
0.10151630640029907,0.0,1
0.5124695897102356,0.0,1
0.2603931427001953,0.0,1
0.08343929052352905,0.0,1
0.7437459230422974,0.0,1
0.37552639842033386,0.0,1
0.14126603305339813,0.0,1
0.701574444770813,0.0,1
0.40060487389564514,0.0,1
0.21645545959472656,0.0,1
0.5545499920845032,0.0,1
0.31572967767715454,0.0,1
1.134734869003296,0.0,0
1.2834855318069458,0.0,0
1.2027724981307983,0.0,0
0.6619568467140198,0.0,1
0.705654501914978,0.0,1
0.3007185459136963,0.0,1
0.3797052204608917,0.0,1
0.2237439602613449,0.0,1
0.4323062300682068,0.0,1
0.24179121851921082,0.0,1
0.3494184911251068,0.0,1
0.030871693044900894,0.0,1
1.3902015686035156,0.0,0
1.071386694908142,0.0,0
1.1795531511306763,0.0,0
0.10552449524402618,0.0,1
0.6190966963768005,0.0,1
0.49924176931381226,0.0,1
0.5618897676467896,0.0,1
0.8446233868598938,0.0,1
1.0565598011016846,0.0,0
0.23249764740467072,0.0,1
0.454295814037323,0.0,1
1.336737036705017,0.0,0
0.6274489164352417,0.0,1
0.46344971656799316,0.0,1
0.8431795239448547,0.0,1
0.2062862366437912,0.0,1
0.3635500967502594,0.0,1
0.2175627052783966,0.0,1
0.04827119782567024,0.0,1
0.08361615985631943,0.0,1
0.5431696772575378,0.0,1
0.6651493310928345,0.0,1
0.7348414659500122,0.0,1
0.3190648555755615,0.0,1
1.4718247652053833,0.0,0
0.44576120376586914,0.0,1
0.38994914293289185,0.0,1
0.20858395099639893,0.0,1
0.2884913980960846,0.0,1
1.4594029188156128,0.0,0
1.6861085891723633,0.0,0
0.1601918637752533,0.0,1
0.6346648931503296,0.0,1
0.1718536764383316,0.0,1
0.19907620549201965,0.0,1
0.43834930658340454,0.0,1
0.8747247457504272,0.0,0
0.04278221353888512,0.0,1
0.3420719802379608,0.0,1
0.6414077281951904,0.0,1
0.1108597069978714,0.0,1
0.8131458163261414,0.0,1
0.1070149689912796,0.0,1
0.5186394453048706,0.0,1
1.326997995376587,0.0,0
1.1103097200393677,0.0,0
0.7276670336723328,0.0,1
0.6593747138977051,0.0,1
0.041838228702545166,0.0,1
1.285426378250122,0.0,0
0.4870893955230713,0.0,1
0.23470506072044373,0.0,1
0.33810681104660034,0.0,1
0.583655059337616,0.0,1
0.2937299609184265,0.0,1
0.9106378555297852,0.0,0
0.2759708762168884,0.0,1
1.0824991464614868,0.0,0
1.219785213470459,0.0,0
0.32085543870925903,0.0,1
0.5028640031814575,0.0,1
0.27966365218162537,0.0,1
0.06555576622486115,0.0,1
0.19790080189704895,0.0,1
1.2643040418624878,0.0,0
0.31706753373146057,0.0,1
0.8388565182685852,0.0,1
0.2147432565689087,0.0,1
0.047489408403635025,0.0,1
0.950588583946228,0.0,0
1.1677805185317993,0.0,0
1.1270525455474854,0.0,0
0.39672377705574036,0.0,1
0.3790026605129242,0.0,1
0.4527619481086731,0.0,1
0.4201385974884033,0.0,1
0.2775530219078064,0.0,1
0.08317957073450089,0.0,1
0.1731410026550293,0.0,1
1.0968596935272217,0.0,0
0.3069501519203186,0.0,1
0.2340407818555832,0.0,1
0.42227450013160706,0.0,1
0.08595442771911621,0.0,1
0.2833884060382843,0.0,1
0.16555488109588623,0.0,1
0.9566894769668579,0.0,0
1.6964037418365479,0.0,0
0.3532792925834656,0.0,1
0.44240307807922363,0.0,1
0.6632080078125,0.0,1
0.3435010313987732,0.0,1
0.19503021240234375,0.0,1
0.766654372215271,0.0,1
0.9906622171401978,0.0,0
0.33483922481536865,0.0,1
0.28830090165138245,0.0,1
0.3576762080192566,0.0,1
1.4571683406829834,0.0,0
0.2698490023612976,0.0,1
0.26040351390838623,0.0,1
1.3524792194366455,0.0,0
0.10098780691623688,0.0,1
0.2759741544723511,0.0,1
0.8770753145217896,0.0,0
0.7253698706626892,0.0,1
0.911578357219696,0.0,0
0.12632910907268524,0.0,1
1.1878551244735718,0.0,0
0.19236651062965393,0.0,1
0.9154092073440552,0.0,0
0.4406677782535553,0.0,1
1.0687859058380127,0.0,0
0.5032057166099548,0.0,1
0.14898942410945892,0.0,1
0.2577663064002991,0.0,1
0.2810773551464081,0.0,1
0.7406563758850098,0.0,1
0.22765043377876282,0.0,1
1.2232739925384521,0.0,0
0.9647889137268066,0.0,0
0.3463215231895447,0.0,1
0.5193357467651367,0.0,1
0.9830150604248047,0.0,0
0.27508071064949036,0.0,1
0.21283380687236786,0.0,1
0.3842432498931885,0.0,1
0.21418802440166473,0.0,1
1.1566886901855469,0.0,0
0.2834296226501465,0.0,1
0.5105708241462708,0.0,1
0.5420400500297546,0.0,1
0.1017182320356369,0.0,1
1.1265032291412354,0.0,0
0.37684473395347595,0.0,1
0.41367143392562866,0.0,1
0.2042458951473236,0.0,1
0.08791030943393707,0.0,1
0.536522626876831,0.0,1
0.40214237570762634,0.0,1
0.32992956042289734,0.0,1
0.08167388290166855,0.0,1
0.7462765574455261,0.0,1
0.2665322422981262,0.0,1
0.1774226427078247,0.0,1
0.3386659026145935,0.0,1
0.7714226245880127,0.0,1
0.2726503610610962,0.0,1
0.16232134401798248,0.0,1
1.325503945350647,0.0,0
0.11370401084423065,0.0,1
0.29998910427093506,0.0,1
0.502369225025177,0.0,1
0.48438796401023865,0.0,1
1.206200361251831,0.0,0
0.2974405288696289,0.0,1
1.0754705667495728,0.0,0
1.4043248891830444,0.0,0
1.1940302848815918,0.0,0
0.8675500154495239,0.0,1
1.3742070198059082,0.0,0
0.15772078931331635,0.0,1
0.8569586873054504,0.0,1
1.084012508392334,0.0,0
0.4701130986213684,0.0,1
0.22287745773792267,0.0,1
0.5067117214202881,0.0,1
0.3877921402454376,0.0,1
1.0495065450668335,0.0,0
0.4969552159309387,0.0,1
0.38209792971611023,0.0,1
0.44097939133644104,0.0,1
1.1392481327056885,0.0,0
0.14599835872650146,0.0,1
0.2290455549955368,0.0,1
0.5043947100639343,0.0,1
0.15488965809345245,0.0,1
0.6067473292350769,0.0,1
0.7662967443466187,0.0,1
0.29132768511772156,0.0,1
0.1161947026848793,0.0,1
0.3186500072479248,0.0,1
0.0655023455619812,0.0,1
0.08933945745229721,0.0,1
0.3291691541671753,0.0,1
0.09063903987407684,0.0,1
0.7033891081809998,0.0,1
0.24023202061653137,0.0,1
1.046583652496338,0.0,0
0.6560758352279663,0.0,1
0.6010082364082336,0.0,1
0.7316452264785767,0.0,1
0.8271375894546509,0.0,1
1.166266918182373,0.0,0
0.4799519181251526,0.0,1
0.0873134508728981,0.0,1
0.49998727440834045,0.0,1
0.0829046294093132,0.0,1
0.13640551269054413,0.0,1
0.08443871885538101,0.0,1
0.6339518427848816,0.0,1
1.2100023031234741,0.0,0
0.34680142998695374,0.0,1
1.6270160675048828,0.0,0
0.6739215850830078,0.0,1
0.11838112771511078,0.0,1
0.29139000177383423,0.0,1
0.47534817457199097,0.0,1
1.6210237741470337,0.0,0
0.1067407876253128,0.0,1
0.12062195688486099,0.0,1
0.6730954647064209,0.0,1
1.6745758056640625,0.0,0
0.768823504447937,0.0,1
0.018193066120147705,0.0,1
0.7250642776489258,0.0,1
0.16663828492164612,0.0,1
0.06270082294940948,0.0,1
0.5592599511146545,0.0,1
0.7945379614830017,0.0,1
0.542498767375946,0.0,1
0.7080899477005005,0.0,1
0.47704753279685974,0.0,1
0.36315926909446716,0.0,1
0.2741314768791199,0.0,1
0.12073010206222534,0.0,1
0.2941203713417053,0.0,1
0.4901927411556244,0.0,1
0.9743016362190247,0.0,0
0.5284064412117004,0.0,1
0.3321647047996521,0.0,1
0.7492429614067078,0.0,1
0.8546236157417297,0.0,1
1.472023606300354,0.0,0
1.02590811252594,0.0,0
0.2675940990447998,0.0,1
0.16029030084609985,0.0,1
0.7880265712738037,0.0,1
1.3789899349212646,0.0,0
1.1303622722625732,0.0,0
1.1333346366882324,0.0,0
0.655088484287262,0.0,1
0.17146024107933044,0.0,1
1.396949052810669,0.0,0
1.173957347869873,0.0,0
0.40475955605506897,0.0,1
0.2271023690700531,0.0,1
0.10964089632034302,0.0,1
1.6042836904525757,0.0,0
1.5244791507720947,0.0,0
0.23431038856506348,0.0,1
1.0082519054412842,0.0,0
0.23650924861431122,0.0,1
0.20918838679790497,0.0,1
0.5578951835632324,0.0,1
0.148210808634758,0.0,1
0.35119712352752686,0.0,1
0.8653777241706848,0.0,1
0.6069210171699524,0.0,1
0.4801728129386902,0.0,1
0.327900230884552,0.0,1
0.2621091902256012,0.0,1
0.28384360671043396,0.0,1
0.6425045132637024,0.0,1
0.6528056859970093,0.0,1
0.1559145748615265,0.0,1
0.23587246239185333,0.0,1
1.1535277366638184,0.0,0
0.8907331228256226,0.0,0
0.6365610361099243,0.0,1
0.6095844507217407,0.0,1
0.700218141078949,0.0,1
0.28405362367630005,0.0,1
0.14921414852142334,0.0,1
0.8006941676139832,0.0,1
1.6767305135726929,0.0,0
0.16784128546714783,0.0,1
1.0577882528305054,0.0,0
0.8218572735786438,0.0,1
0.21015436947345734,0.0,1
1.272142767906189,0.0,0
1.0625333786010742,0.0,0
0.60491544008255,0.0,1
0.18261201679706573,0.0,1
0.4490370750427246,0.0,1
0.8811937570571899,0.0,0
0.14773191511631012,0.0,1
0.47545376420021057,0.0,1
1.3576867580413818,0.0,0
0.4961640238761902,0.0,1
1.4428106546401978,0.0,0
1.0843932628631592,0.0,0
0.7889736294746399,0.0,1
0.5273823738098145,0.0,1
0.24785752594470978,0.0,1
0.34014102816581726,0.0,1
0.03503868356347084,0.0,1
0.4823741912841797,0.0,1
0.5681227445602417,0.0,1
1.211116909980774,0.0,0
1.2526355981826782,0.0,0
0.04541385546326637,0.0,1
0.10151173174381256,0.0,1
0.08226297795772552,0.0,1
0.10723713785409927,0.0,1
1.3800628185272217,0.0,0
0.3245653808116913,0.0,1
0.14009109139442444,0.0,1
1.0716595649719238,0.0,0
0.17713318765163422,0.0,1
1.1965625286102295,0.0,0
0.5039572715759277,0.0,1
0.799789547920227,0.0,1
0.03298921138048172,0.0,1
0.7044445872306824,0.0,1
0.9909106492996216,0.0,0
0.4010452330112457,0.0,1
0.356697678565979,0.0,1
0.24609532952308655,0.0,1
0.1634701043367386,0.0,1
0.11664965003728867,0.0,1
0.8588703274726868,0.0,1
0.5221653580665588,0.0,1
1.744437575340271,0.0,0
0.20565959811210632,0.0,1
1.1974272727966309,0.0,0
0.9357086420059204,0.0,0
1.0937855243682861,0.0,0
0.041854433715343475,0.0,1
0.42396044731140137,0.0,1
1.1986807584762573,0.0,0
0.5236020684242249,0.0,1
1.7216253280639648,0.0,0
0.7260662317276001,0.0,1
0.03041752614080906,0.0,1
0.21074040234088898,0.0,1
1.3554677963256836,0.0,0
0.3298984169960022,0.0,1
0.8206882476806641,0.0,1
0.1253431737422943,0.0,1
1.161964774131775,0.0,0
0.08837772905826569,0.0,1
0.8772746324539185,0.0,0
0.7571573257446289,0.0,1
1.2203727960586548,0.0,0
0.22615806758403778,0.0,1
0.6729124188423157,0.0,1
0.17284220457077026,0.0,1
0.37944144010543823,0.0,1
0.4424542486667633,0.0,1
0.09210003912448883,0.0,1
0.4909871220588684,0.0,1
1.089963436126709,0.0,0
0.5156711339950562,0.0,1
0.6645047068595886,0.0,1
0.24965032935142517,0.0,1
0.25310835242271423,0.0,1
0.4000989496707916,0.0,1
0.43784958124160767,0.0,1
0.5846596956253052,0.0,1
0.15640482306480408,0.0,1
0.7366564869880676,0.0,1
0.8405115008354187,0.0,1
0.5170009732246399,0.0,1
0.3037547767162323,0.0,1
0.6538641452789307,0.0,1
0.40988460183143616,0.0,1
0.2405538558959961,0.0,1
0.05861809849739075,0.0,1
0.0699370726943016,0.0,1
0.8155462145805359,0.0,1
0.6766566038131714,0.0,1
0.9729305505752563,0.0,0
0.11502319574356079,0.0,1
0.5149456262588501,0.0,1
0.8466892242431641,0.0,1
0.7271479964256287,0.0,1
1.113574743270874,0.0,0
0.5647011995315552,0.0,1
0.605836808681488,0.0,1
1.0346038341522217,0.0,0
0.8572916984558105,0.0,1
1.0972598791122437,0.0,0
0.18308337032794952,0.0,1
0.5725797414779663,0.0,1
0.5200730562210083,0.0,1
0.25067490339279175,0.0,1
0.6835727095603943,0.0,1
0.16747868061065674,0.0,1
1.3065669536590576,0.0,0
0.5049839019775391,0.0,1
1.0462172031402588,0.0,0
0.3592727482318878,0.0,1
0.271056592464447,0.0,1
0.3754115104675293,0.0,1
0.8076432943344116,0.0,1
0.7124927043914795,0.0,1
0.231268048286438,0.0,1
0.5790243148803711,0.0,1
0.2052602469921112,0.0,1
0.36772093176841736,0.0,1
0.22675275802612305,0.0,1
0.41206732392311096,0.0,1
1.3962242603302002,0.0,0
0.2445007562637329,0.0,1
0.20323514938354492,0.0,1
0.19828562438488007,0.0,1
0.9935901761054993,0.0,0
0.4898900091648102,0.0,1
0.38283663988113403,0.0,1
0.5382806062698364,0.0,1
0.915335476398468,0.0,0
0.31918156147003174,0.0,1
0.7365802526473999,0.0,1
1.0225508213043213,0.0,0
1.240837812423706,0.0,0
0.6289874911308289,0.0,1
0.30288928747177124,0.0,1
0.2229018658399582,0.0,1
0.981626033782959,0.0,0
0.9273455739021301,0.0,0
0.473257452249527,0.0,1
0.08976493775844574,0.0,1
0.78499436378479,0.0,1
0.20411241054534912,0.0,1
1.261269450187683,0.0,0
0.6122092008590698,0.0,1
0.28073522448539734,0.0,1
0.278758704662323,0.0,1
0.22154493629932404,0.0,1
0.25596126914024353,0.0,1
0.7648332118988037,0.0,1
1.2233879566192627,0.0,0
0.7751624584197998,0.0,1
0.7968147993087769,0.0,1
1.2170569896697998,0.0,0
0.09746264666318893,0.0,1
1.1034575700759888,0.0,0
0.16679903864860535,0.0,1
0.78511643409729,0.0,1
0.8959029912948608,0.0,0
0.5183510780334473,0.0,1
1.3220840692520142,0.0,0
0.8341663479804993,0.0,1
0.10355915129184723,0.0,1
0.38405823707580566,0.0,1
0.37073662877082825,0.0,1
0.03697114437818527,0.0,1
1.0459641218185425,0.0,0
0.18492797017097473,0.0,1
0.44945138692855835,0.0,1
1.1007088422775269,0.0,0
0.09882126748561859,0.0,1
1.122077226638794,0.0,0
0.158583864569664,0.0,1
0.23458480834960938,0.0,1
0.6457933783531189,0.0,1
1.1581178903579712,0.0,0
0.23053109645843506,0.0,1
0.23878557980060577,0.0,1
0.5076353549957275,0.0,1
0.15006253123283386,0.0,1
1.0032778978347778,0.0,0
1.034837007522583,0.0,0
0.5808922648429871,0.0,1
0.1769651472568512,0.0,1
0.7483766674995422,0.0,1
0.7167239785194397,0.0,1
1.1060307025909424,0.0,0
0.14661964774131775,0.0,1
0.3789699077606201,0.0,1
0.7326682806015015,0.0,1
0.34730595350265503,0.0,1
0.9429338574409485,0.0,0
0.6310526132583618,0.0,1
0.23118212819099426,0.0,1
0.4148796498775482,0.0,1
0.1815461665391922,0.0,1
0.21754463016986847,0.0,1
1.3028510808944702,0.0,0
0.5113396644592285,0.0,1
0.06595079600811005,0.0,1
0.08854720741510391,0.0,1
0.8884971737861633,0.0,0
0.5794023275375366,0.0,1
0.2761736512184143,0.0,1
1.0983778238296509,0.0,0
0.8325389623641968,0.0,1
1.7736583948135376,0.0,0
0.21305248141288757,0.0,1
0.19850608706474304,0.0,1
0.15433979034423828,0.0,1
0.1721510887145996,0.0,1
0.030467327684164047,0.0,1
0.8749680519104004,0.0,0
0.3442280888557434,0.0,1
0.30499476194381714,0.0,1
0.6275814175605774,0.0,1
0.2155316323041916,0.0,1
0.07805165648460388,0.0,1
0.13369187712669373,0.0,1
0.7271436452865601,0.0,1
0.36415284872055054,0.0,1
1.0358635187149048,0.0,0
0.4102800786495209,0.0,1
1.128110408782959,0.0,0
0.2539324164390564,0.0,1
0.6261268854141235,0.0,1
0.38104158639907837,0.0,1
0.15837332606315613,0.0,1
0.5166293382644653,0.0,1
0.1636902242898941,0.0,1
0.2828446328639984,0.0,1
0.3972598910331726,0.0,1
0.41830968856811523,0.0,1
0.6253259778022766,0.0,1
0.14415837824344635,0.0,1
0.7872461080551147,0.0,1
0.26980137825012207,0.0,1
0.0510055311024189,0.0,1
0.5840268731117249,0.0,1
0.3087417185306549,0.0,1
0.8988465070724487,0.0,0
0.5567713975906372,0.0,1
0.771762490272522,0.0,1
0.25561225414276123,0.0,1
0.39835992455482483,0.0,1
0.2416612207889557,0.0,1
0.9426876902580261,0.0,0
0.14446209371089935,0.0,1
0.33519312739372253,0.0,1
0.755073606967926,0.0,1
0.3435398042201996,0.0,1
0.8752092123031616,0.0,0
0.52222740650177,0.0,1
0.743651270866394,0.0,1
1.0197852849960327,0.0,0
0.11807360500097275,0.0,1
0.40292853116989136,0.0,1
1.2580763101577759,0.0,0
0.7734781503677368,0.0,1
0.6989747285842896,0.0,1
1.610711693763733,0.0,0
0.37705349922180176,0.0,1
0.3627035915851593,0.0,1
0.3741335868835449,0.0,1
0.8236747980117798,0.0,1
0.29195448756217957,0.0,1
0.0676787942647934,0.0,1
0.07009120285511017,0.0,1
0.028631990775465965,0.0,1
0.5287331342697144,0.0,1
0.7273213863372803,0.0,1
0.8745500445365906,0.0,0
0.5811949372291565,0.0,1
0.4648275375366211,0.0,1
0.030716538429260254,0.0,1
0.1782284379005432,0.0,1
1.2900302410125732,0.0,0
0.5531924962997437,0.0,1
0.710292637348175,0.0,1
0.38070160150527954,0.0,1
0.5330919027328491,0.0,1
0.05160512775182724,0.0,1
0.09544318169355392,0.0,1
0.9638392329216003,0.0,0
0.27053579688072205,0.0,1
0.4431707262992859,0.0,1
0.39246800541877747,0.0,1
0.2699786424636841,0.0,1
0.10278795659542084,0.0,1
0.9873441457748413,0.0,0
1.4345346689224243,0.0,0
1.1350042819976807,0.0,0
0.10093917697668076,0.0,1
1.1263511180877686,0.0,0
0.07708286494016647,0.0,1
0.0915907472372055,0.0,1
0.3856526017189026,0.0,1
0.10224449634552002,0.0,1
0.6348587870597839,0.0,1
0.705011785030365,0.0,1
0.745509922504425,0.0,1
1.216378927230835,0.0,0
0.1798965334892273,0.0,1
0.45513787865638733,0.0,1
0.4998856484889984,0.0,1
0.49107199907302856,0.0,1
0.2772654592990875,0.0,1
1.0794413089752197,0.0,0
1.6334425210952759,0.0,0
0.34431907534599304,0.0,1
0.8271169662475586,0.0,1
1.525410771369934,0.0,0
0.5221897959709167,0.0,1
1.1881356239318848,0.0,0
0.27179569005966187,0.0,1
0.5480839610099792,0.0,1
0.8180149793624878,0.0,1
0.9196168780326843,0.0,0
0.7033615112304688,0.0,1
0.3434908092021942,0.0,1
0.15248611569404602,0.0,1
1.2108099460601807,0.0,0
0.384044349193573,0.0,1
0.36862581968307495,0.0,1
0.2848654091358185,0.0,1
0.14035655558109283,0.0,1
0.6409834623336792,0.0,1
0.15313008427619934,0.0,1
0.15765123069286346,0.0,1
0.16988258063793182,0.0,1
0.12690261006355286,0.0,1
0.053552109748125076,0.0,1
0.8654069900512695,0.0,1
0.8525077700614929,0.0,1
0.039980072528123856,0.0,1
1.0403269529342651,0.0,0
0.35263070464134216,0.0,1
0.8591170310974121,0.0,1
0.35747841000556946,0.0,1
0.23907411098480225,0.0,1
0.8824790716171265,0.0,0
0.17875701189041138,0.0,1
0.46546658873558044,0.0,1
0.08463741093873978,0.0,1
0.23767581582069397,0.0,1
0.5639955997467041,0.0,1
0.0530429482460022,0.0,1
0.33582863211631775,0.0,1
1.3479421138763428,0.0,0
0.47339487075805664,0.0,1
1.1969105005264282,0.0,0
0.14668729901313782,0.0,1
0.34038370847702026,0.0,1
0.7727851867675781,0.0,1
0.23479720950126648,0.0,1
0.06604418158531189,0.0,1
0.05546416714787483,0.0,1
0.2096225768327713,0.0,1
0.17950817942619324,0.0,1
0.9541853666305542,0.0,0
0.8909845352172852,0.0,0
1.0864298343658447,0.0,0
0.1213667020201683,0.0,1
1.6708316802978516,0.0,0
0.27001455426216125,0.0,1
0.37341979146003723,0.0,1
0.6646111607551575,0.0,1
1.1400798559188843,0.0,0
0.4431719183921814,0.0,1
0.8079048991203308,0.0,1
0.7906209826469421,0.0,1
0.5010578632354736,0.0,1
0.18173471093177795,0.0,1
0.25217875838279724,0.0,1
0.41515135765075684,0.0,1
1.099865198135376,0.0,0
0.42402705550193787,0.0,1
0.16485604643821716,0.0,1
0.2242870032787323,0.0,1
0.08641810715198517,0.0,1
1.0085747241973877,0.0,0
0.12295973300933838,0.0,1
0.9406636953353882,0.0,0
0.40775853395462036,0.0,1
0.2742611765861511,0.0,1
0.08967699110507965,0.0,1
0.29168352484703064,0.0,1
0.5666318535804749,0.0,1
0.4985303282737732,0.0,1
0.38196420669555664,0.0,1
0.08537174016237259,0.0,1
0.6303529143333435,0.0,1
1.210420846939087,0.0,0
0.35384559631347656,0.0,1
0.3214872479438782,0.0,1
0.1476522982120514,0.0,1
0.22721616923809052,0.0,1
0.32104721665382385,0.0,1
0.27041253447532654,0.0,1
0.8999072313308716,0.0,0
0.18495960533618927,0.0,1
1.3631101846694946,0.0,0
0.22783155739307404,0.0,1
0.20248444378376007,0.0,1
0.2177468091249466,0.0,1
0.1867077797651291,0.0,1
0.05528687313199043,0.0,1
0.09289848804473877,0.0,1
0.17325745522975922,0.0,1
1.3108737468719482,0.0,0
0.2534506022930145,0.0,1
0.2182323932647705,0.0,1
0.24905195832252502,0.0,1
0.16356879472732544,0.0,1
0.11854918301105499,0.0,1
0.21930523216724396,0.0,1
0.12863102555274963,0.0,1
1.3977149724960327,0.0,0
0.5339820384979248,0.0,1
0.2679780125617981,0.0,1
0.6387850642204285,0.0,1
0.5296545624732971,0.0,1
0.6999857425689697,0.0,1
0.24836795032024384,0.0,1
0.3855290114879608,0.0,1
0.47874313592910767,0.0,1
0.46656879782676697,0.0,1
0.5501859784126282,0.0,1
0.260136216878891,0.0,1
0.5420303344726562,0.0,1
0.08200346678495407,0.0,1
0.26680082082748413,0.0,1
0.6436587572097778,0.0,1
0.7799656391143799,0.0,1
0.3625522255897522,0.0,1
1.1647136211395264,0.0,0
0.8372470736503601,0.0,1
0.2547392249107361,0.0,1
0.031867749989032745,0.0,1
0.28767767548561096,0.0,1
0.406897634267807,0.0,1
0.24035349488258362,0.0,1
1.4515182971954346,0.0,0
0.7089153528213501,0.0,1
1.0560263395309448,0.0,0
0.13736620545387268,0.0,1
0.3187227249145508,0.0,1
0.3762352466583252,0.0,1
0.30867236852645874,0.0,1
0.27849236130714417,0.0,1
0.6666430830955505,0.0,1
0.0746230036020279,0.0,1
0.8005607724189758,0.0,1
0.44298020005226135,0.0,1
0.4501853585243225,0.0,1
0.1322375237941742,0.0,1
0.6640803217887878,0.0,1
1.1342474222183228,0.0,0
0.04598221182823181,0.0,1
0.7373567819595337,0.0,1
0.07396107167005539,0.0,1
1.0216621160507202,0.0,0
0.3518661856651306,0.0,1
1.1366350650787354,0.0,0
0.20530863106250763,0.0,1
0.15469013154506683,0.0,1
1.4381709098815918,0.0,0
1.0596882104873657,0.0,0
0.9447945356369019,0.0,0
0.11151925474405289,0.0,1
1.4941580295562744,0.0,0
0.9785857200622559,0.0,0
0.49129852652549744,0.0,1
0.1493321806192398,0.0,1
0.2850601077079773,0.0,1
0.2671824097633362,0.0,1
0.9150824546813965,0.0,0
0.77199387550354,0.0,1
0.41835856437683105,0.0,1
0.8800535202026367,0.0,0
0.3247058093547821,0.0,1
0.07220625132322311,0.0,1
0.8140381574630737,0.0,1
0.23828156292438507,0.0,1
1.2005845308303833,0.0,0
0.8408142328262329,0.0,1
0.5921941995620728,0.0,1
0.8489536046981812,0.0,1
0.25798487663269043,0.0,1
0.10224147140979767,0.0,1
0.46697092056274414,0.0,1
0.45031365752220154,0.0,1
0.19109025597572327,0.0,1
0.23735173046588898,0.0,1
0.7152448296546936,0.0,1
0.22237281501293182,0.0,1
0.22138509154319763,0.0,1
0.8891048431396484,0.0,0
0.48608750104904175,0.0,1
0.09941539168357849,0.0,1
0.12588423490524292,0.0,1
1.0449589490890503,0.0,0
0.3164958357810974,0.0,1
0.7017021775245667,0.0,1
0.22642941772937775,0.0,1
1.0731083154678345,0.0,0
0.30260854959487915,0.0,1
0.10973197221755981,0.0,1
0.4386571943759918,0.0,1
0.5780318379402161,0.0,1
0.3221856951713562,0.0,1
0.38387227058410645,0.0,1
0.01772862859070301,0.0,1
1.4813106060028076,0.0,0
0.8665340542793274,0.0,1
1.3429834842681885,0.0,0
1.2782808542251587,0.0,0
1.5650745630264282,0.0,0
0.9342924356460571,0.0,0
0.31267160177230835,0.0,1
0.2670111060142517,0.0,1
0.14456525444984436,0.0,1
0.3164299726486206,0.0,1
0.24929440021514893,0.0,1
0.0820508599281311,0.0,1
0.28540414571762085,0.0,1
0.14103513956069946,0.0,1
0.46281200647354126,0.0,1
0.7158095240592957,0.0,1
0.053933002054691315,0.0,1
0.9777144193649292,0.0,0
0.0696316733956337,0.0,1
0.24757757782936096,0.0,1
0.28377655148506165,0.0,1
0.8451565504074097,0.0,1
0.541111946105957,0.0,1
0.25992894172668457,0.0,1
0.1068451777100563,0.0,1
1.056110143661499,0.0,0
0.9991477727890015,0.0,0
1.04399573802948,0.0,0
0.21268102526664734,0.0,1
0.4946323335170746,0.0,1
1.5723592042922974,0.0,0
1.5620969533920288,0.0,0
0.22061137855052948,0.0,1
0.16022099554538727,0.0,1
0.1306229829788208,0.0,1
0.4137454032897949,0.0,1
1.247821569442749,0.0,0
0.1518096625804901,0.0,1
0.023895476013422012,0.0,1
0.6532016396522522,0.0,1
0.6109785437583923,0.0,1
0.03540836647152901,0.0,1
1.1027007102966309,0.0,0
0.23131927847862244,0.0,1
0.5574093461036682,0.0,1
1.5038295984268188,0.0,0
0.24213509261608124,0.0,1
0.06347767263650894,0.0,1
0.38781142234802246,0.0,1
1.1528830528259277,0.0,0
0.6287568807601929,0.0,1
0.06567518413066864,0.0,1
0.0509689636528492,0.0,1
1.3119666576385498,0.0,0
0.4037821888923645,0.0,1
0.22653678059577942,0.0,1
0.2372473180294037,0.0,1
0.08364824950695038,0.0,1
0.32451093196868896,0.0,1
0.8613899350166321,0.0,1
0.434594064950943,0.0,1
0.8676567077636719,0.0,1
0.08183800429105759,0.0,1
1.0724506378173828,0.0,0
0.23283274471759796,0.0,1
0.4745631217956543,0.0,1
0.16415667533874512,0.0,1
0.2459053099155426,0.0,1
0.9372168779373169,0.0,0
0.266814261674881,0.0,1
0.9123692512512207,0.0,0
1.6094675064086914,0.0,0
0.17563770711421967,0.0,1
0.5910947918891907,0.0,1
0.08792106062173843,0.0,1
0.11224963515996933,0.0,1
0.26853764057159424,0.0,1
0.20735175907611847,0.0,1
0.3858470916748047,0.0,1
0.22621884942054749,0.0,1
0.13315623998641968,0.0,1
0.2427554428577423,0.0,1
0.9742603302001953,0.0,0
0.5190302133560181,0.0,1
0.6003751158714294,0.0,1
0.4654584527015686,0.0,1
0.5486165285110474,0.0,1
0.11654267460107803,0.0,1
0.12940578162670135,0.0,1
1.1277682781219482,0.0,0
0.13822373747825623,0.0,1
0.37977147102355957,0.0,1
0.13074173033237457,0.0,1
0.08969327062368393,0.0,1
0.8877574801445007,0.0,0
0.48376503586769104,0.0,1
0.09659769386053085,0.0,1
0.19980722665786743,0.0,1
1.3130797147750854,0.0,0
0.4950055480003357,0.0,1
0.3181195855140686,0.0,1
0.6516823172569275,0.0,1
0.4170385003089905,0.0,1
0.47360748052597046,0.0,1
0.23020510375499725,0.0,1
1.0549381971359253,0.0,0
0.07778333872556686,0.0,1
0.679864227771759,0.0,1
1.1879851818084717,0.0,0
0.16516923904418945,0.0,1
0.484325647354126,0.0,1
1.2367138862609863,0.0,0
0.41848498582839966,0.0,1
0.8420358896255493,0.0,1
0.46720895171165466,0.0,1
0.23587186634540558,0.0,1
0.14510975778102875,0.0,1
0.5532110929489136,0.0,1
0.40167751908302307,0.0,1
0.3883940875530243,0.0,1
0.307411253452301,0.0,1
1.0092147588729858,0.0,0
0.15526914596557617,0.0,1
1.1621403694152832,0.0,0
0.5323845744132996,0.0,1
0.35067933797836304,0.0,1
0.06906475126743317,0.0,1
0.0735340341925621,0.0,1
0.06625306606292725,0.0,1
0.7508606910705566,0.0,1
1.072643756866455,0.0,0
0.5205079317092896,0.0,1
0.3965825140476227,0.0,1
0.6637347936630249,0.0,1
1.0590732097625732,0.0,0
0.8900720477104187,0.0,0
0.5993584394454956,0.0,1
0.31809645891189575,0.0,1
0.45627838373184204,0.0,1
0.8679097890853882,0.0,1
0.09494459629058838,0.0,1
0.23632636666297913,0.0,1
0.5696906447410583,0.0,1
0.1499192863702774,0.0,1
0.52668297290802,0.0,1
0.0889759287238121,0.0,1
0.6159351468086243,0.0,1
0.37360483407974243,0.0,1
1.109537124633789,0.0,0
0.8862217664718628,0.0,0
0.28952866792678833,0.0,1
0.15282659232616425,0.0,1
0.12058770656585693,0.0,1
0.14455896615982056,0.0,1
0.27785491943359375,0.0,1
1.2486708164215088,0.0,0
0.2823835611343384,0.0,1
0.32303059101104736,0.0,1
0.5913785696029663,0.0,1
0.3367023766040802,0.0,1
0.3876294493675232,0.0,1
0.4574356973171234,0.0,1
0.7422828674316406,0.0,1
0.32922425866127014,0.0,1
0.377947598695755,0.0,1
0.2338062822818756,0.0,1
1.711592435836792,0.0,0
0.19080767035484314,0.0,1
1.0277373790740967,0.0,0
0.5883296728134155,0.0,1
0.9324387311935425,0.0,0
0.4224907457828522,0.0,1
2.0233523845672607,0.0,0
0.6909289360046387,0.0,1
1.1769497394561768,0.0,0
0.5589339137077332,0.0,1
0.5359230041503906,0.0,1
1.2986531257629395,0.0,0
0.09089837968349457,0.0,1
0.9341533780097961,0.0,0
0.4485176205635071,0.0,1
0.22822144627571106,0.0,1
0.9628962278366089,0.0,0
0.3579082190990448,0.0,1
0.4202044606208801,0.0,1
1.1445869207382202,0.0,0
0.12527164816856384,0.0,1
0.24696321785449982,0.0,1
0.5558502078056335,0.0,1
0.09036551415920258,0.0,1
0.6818264126777649,0.0,1
0.10056816041469574,0.0,1
0.16113035380840302,0.0,1
0.7905055284500122,0.0,1
0.8337050676345825,0.0,1
0.156959667801857,0.0,1
0.6469839811325073,0.0,1
0.44106680154800415,0.0,1
0.7310118675231934,0.0,1
1.3452160358428955,0.0,0
0.5919841527938843,0.0,1
0.29781463742256165,0.0,1
0.18748319149017334,0.0,1
0.4740641117095947,0.0,1
0.06833633035421371,0.0,1
1.410475254058838,0.0,0
0.5413225293159485,0.0,1
0.26680219173431396,0.0,1
1.0277316570281982,0.0,0
1.5356882810592651,0.0,0
0.28409573435783386,0.0,1
0.3098061978816986,0.0,1
0.5162285566329956,0.0,1
0.19495518505573273,0.0,1
0.2995431125164032,0.0,1
0.7633329033851624,0.0,1
0.5758652687072754,0.0,1
0.16837568581104279,0.0,1
0.35423800349235535,0.0,1
0.2692616879940033,0.0,1
0.3319368064403534,0.0,1
0.2129005491733551,0.0,1
0.5626481771469116,0.0,1
0.2884616255760193,0.0,1
1.073060154914856,0.0,0
0.706527590751648,0.0,1
1.310124158859253,0.0,0
1.1441174745559692,0.0,0
0.10621104389429092,0.0,1
0.2597934603691101,0.0,1
0.4229004979133606,0.0,1
1.0551100969314575,0.0,0
0.29427194595336914,0.0,1
0.1945079118013382,0.0,1
0.3832550048828125,0.0,1
0.1467185765504837,0.0,1
0.14754541218280792,0.0,1
0.35338833928108215,0.0,1
0.18008966743946075,0.0,1
0.13557757437229156,0.0,1
0.9838801622390747,0.0,0
0.36824101209640503,0.0,1
0.9737436175346375,0.0,0
0.3526765704154968,0.0,1
0.36546197533607483,0.0,1
1.113472819328308,0.0,0
0.5173362493515015,0.0,1
1.0918480157852173,0.0,0
0.8173700571060181,0.0,1
0.21234719455242157,0.0,1
0.10394017398357391,0.0,1
0.12703335285186768,0.0,1
0.13824716210365295,0.0,1
0.3956452012062073,0.0,1
0.5176026225090027,0.0,1
0.12180233001708984,0.0,1
1.1070678234100342,0.0,0
0.7675971984863281,0.0,1
0.3908114433288574,0.0,1
0.6909264326095581,0.0,1
0.5491289496421814,0.0,1
0.13389131426811218,0.0,1
0.4366576671600342,0.0,1
0.25632724165916443,0.0,1
0.6381197571754456,0.0,1
0.3645300269126892,0.0,1
0.26435065269470215,0.0,1
0.6181182861328125,0.0,1
1.3719441890716553,0.0,0
0.8712838292121887,0.0,1
0.37865719199180603,0.0,1
0.03381848335266113,0.0,1
0.35331350564956665,0.0,1
0.8997386693954468,0.0,0
0.6823550462722778,0.0,1
0.1710330843925476,0.0,1
0.20397551357746124,0.0,1
0.1790524572134018,0.0,1
0.1623944342136383,0.0,1
1.2126824855804443,0.0,0
1.3990767002105713,0.0,0
0.20683450996875763,0.0,1
1.4324771165847778,0.0,0
0.6955553293228149,0.0,1
0.5526273846626282,0.0,1
0.036579523235559464,0.0,1
0.22305718064308167,0.0,1
0.09072386473417282,0.0,1
0.2964857816696167,0.0,1
0.12612201273441315,0.0,1
0.5986954569816589,0.0,1
0.5043362975120544,0.0,1
1.144702672958374,0.0,0
0.5355591773986816,0.0,1
0.6079299449920654,0.0,1
0.6413470506668091,0.0,1
1.0124189853668213,0.0,0
0.5373194813728333,0.0,1
1.272377848625183,0.0,0
0.7186353802680969,0.0,1
0.26087820529937744,0.0,1
0.4129914343357086,0.0,1
0.2978490889072418,0.0,1
0.3187633752822876,0.0,1
1.0842540264129639,0.0,0
0.261951208114624,0.0,1
0.3607938885688782,0.0,1
0.7629607915878296,0.0,1
0.584798276424408,0.0,1
1.541990041732788,0.0,0
0.21494917571544647,0.0,1
1.1891093254089355,0.0,0
0.3174731731414795,0.0,1
0.25181400775909424,0.0,1
1.4937621355056763,0.0,0
0.19892945885658264,0.0,1
1.1744142770767212,0.0,0
0.6139045357704163,0.0,1
0.6190770268440247,0.0,1
0.14403900504112244,0.0,1
0.7955713272094727,0.0,1
0.3614749312400818,0.0,1
0.9410262107849121,0.0,0
1.1029655933380127,0.0,0
0.32838505506515503,0.0,1
1.4224621057510376,0.0,0
0.7026277780532837,0.0,1
0.4254911541938782,0.0,1
0.24506814777851105,0.0,1
1.0266683101654053,0.0,0
1.2019091844558716,0.0,0
0.6503782868385315,0.0,1
0.2229103147983551,0.0,1
0.8235305547714233,0.0,1
1.0518752336502075,0.0,0
0.576668918132782,0.0,1
0.14217618107795715,0.0,1
1.2501246929168701,0.0,0
0.1382344663143158,0.0,1
0.7209740281105042,0.0,1
0.22486858069896698,0.0,1
0.3703632950782776,0.0,1
0.3217570185661316,0.0,1
0.6778098344802856,0.0,1
1.2401238679885864,0.0,0
1.3067548274993896,0.0,0
0.19458718597888947,0.0,1
1.3670625686645508,0.0,0
0.7375353574752808,0.0,1
0.58038330078125,0.0,1
0.43006935715675354,0.0,1
1.3288921117782593,0.0,0
1.1402959823608398,0.0,0
0.2882842421531677,0.0,1
1.6204650402069092,0.0,0
0.266554057598114,0.0,1
0.49308961629867554,0.0,1
1.1734272241592407,0.0,0
1.266974687576294,0.0,0
0.4382472038269043,0.0,1
1.108586311340332,0.0,0
1.3137966394424438,0.0,0
1.0794870853424072,0.0,0
0.4762115478515625,0.0,1
0.38383620977401733,0.0,1
0.6030571460723877,0.0,1
0.05421285703778267,0.0,1
1.0424354076385498,0.0,0
0.05613519996404648,0.0,1
0.42185139656066895,0.0,1
0.027062881737947464,0.0,1
1.0521612167358398,0.0,0
0.2479463517665863,0.0,1
0.1455993950366974,0.0,1
0.499497652053833,0.0,1
0.3411368727684021,0.0,1
0.10160217434167862,0.0,1
1.2379887104034424,0.0,0
0.3380863070487976,0.0,1
1.3337608575820923,0.0,0
1.4034411907196045,0.0,0
0.8108334541320801,0.0,1
0.31053096055984497,0.0,1
0.663901686668396,0.0,1
1.0031239986419678,0.0,0
0.6941975355148315,0.0,1
0.08271630108356476,0.0,1
1.3852274417877197,0.0,0
0.44258302450180054,0.0,1
0.9113868474960327,0.0,0
0.5987876653671265,0.0,1
0.43710580468177795,0.0,1
0.5196347236633301,0.0,1
0.08825553953647614,0.0,1
0.9087708592414856,0.0,0
0.9159167408943176,0.0,0
0.4074400067329407,0.0,1
0.16113105416297913,0.0,1
0.561677098274231,0.0,1
0.45068788528442383,0.0,1
0.19181355834007263,0.0,1
0.8522467613220215,0.0,1
0.4374615550041199,0.0,1
0.7358651757240295,0.0,1
0.6499290466308594,0.0,1
0.4030228555202484,0.0,1
0.4462416172027588,0.0,1
0.4087468981742859,0.0,1
0.20480509102344513,0.0,1
0.2016831636428833,0.0,1
1.2644283771514893,0.0,0
0.12844693660736084,0.0,1
0.10574160516262054,0.0,1
0.19286419451236725,0.0,1
0.11246725171804428,0.0,1
0.24982492625713348,0.0,1
0.1824636310338974,0.0,1
0.5645169019699097,0.0,1
1.3577842712402344,0.0,0
0.4006735682487488,0.0,1
1.1994707584381104,0.0,0
0.24863381683826447,0.0,1
0.23562626540660858,0.0,1
1.3966648578643799,0.0,0
0.987049400806427,0.0,0
0.14856202900409698,0.0,1
0.7967349886894226,0.0,1
0.4472525119781494,0.0,1
0.27106720209121704,0.0,1
0.3890783190727234,0.0,1
0.36270871758461,0.0,1
0.20075449347496033,0.0,1
0.17055977880954742,0.0,1
0.22945228219032288,0.0,1
0.25447216629981995,0.0,1
0.3638380169868469,0.0,1
1.2844232320785522,0.0,0
0.06198116019368172,0.0,1
0.07098741084337234,0.0,1
0.3620131015777588,0.0,1
1.0850197076797485,0.0,0
0.5708963871002197,0.0,1
0.9442060589790344,0.0,0
0.3879640996456146,0.0,1
0.2762284278869629,0.0,1
1.024947166442871,0.0,0
0.7479942440986633,0.0,1
0.7229006886482239,0.0,1
0.6631525754928589,0.0,1
0.09472902119159698,0.0,1
0.31263333559036255,0.0,1
0.30968177318573,0.0,1
0.7788904905319214,0.0,1
0.18096159398555756,0.0,1
0.9856364130973816,0.0,0
0.19150051474571228,0.0,1
0.2702120244503021,0.0,1
0.7087891101837158,0.0,1
1.3214085102081299,0.0,0
0.333252489566803,0.0,1
0.39695802330970764,0.0,1
0.37322819232940674,0.0,1
0.06816272437572479,0.0,1
0.1922730952501297,0.0,1
0.7237243056297302,0.0,1
0.5103663206100464,0.0,1
0.19257183372974396,0.0,1
0.1063748151063919,0.0,1
0.2831854224205017,0.0,1
0.7645964026451111,0.0,1
0.24019818007946014,0.0,1
0.3269203305244446,0.0,1
0.11945654451847076,0.0,1
0.2706426978111267,0.0,1
0.36583492159843445,0.0,1
0.21138279139995575,0.0,1
0.3393845856189728,0.0,1
0.8673238754272461,0.0,1
0.9418509602546692,0.0,0
0.29674801230430603,0.0,1
0.2541238069534302,0.0,1
1.1104522943496704,0.0,0
0.7916635870933533,0.0,1
1.393551230430603,0.0,0
0.3032989501953125,0.0,1
0.9226371645927429,0.0,0
0.1711760312318802,0.0,1
0.23427525162696838,0.0,1
0.2245316505432129,0.0,1
0.8093034625053406,0.0,1
0.10412617027759552,0.0,1
0.1601625233888626,0.0,1
1.0181858539581299,0.0,0
0.2555631399154663,0.0,1
0.3091346025466919,0.0,1
0.5470288395881653,0.0,1
1.3761556148529053,0.0,0
0.050213299691677094,0.0,1
1.098523497581482,0.0,0
0.11157701909542084,0.0,1
0.11956677585840225,0.0,1
0.23545536398887634,0.0,1
0.4616625905036926,0.0,1
0.20151838660240173,0.0,1
0.0956188291311264,0.0,1
0.6391717791557312,0.0,1
1.7742526531219482,0.0,0
1.4313610792160034,0.0,0
0.3942703306674957,0.0,1
0.2515483498573303,0.0,1
0.2778201103210449,0.0,1
0.8285635709762573,0.0,1
0.35543423891067505,0.0,1
0.25072914361953735,0.0,1
0.5216122269630432,0.0,1
1.3175690174102783,0.0,0
0.21613171696662903,0.0,1
1.0617555379867554,0.0,0
0.7904202938079834,0.0,1
0.3500515818595886,0.0,1
0.32934004068374634,0.0,1
0.3920173943042755,0.0,1
0.849239706993103,0.0,1
0.4873335361480713,0.0,1
0.4978247582912445,0.0,1
0.8897823095321655,0.0,0
1.038513422012329,0.0,0
0.10352103412151337,0.0,1
0.45152583718299866,0.0,1
0.1527934968471527,0.0,1
0.023700186982750893,0.0,1
0.4220123887062073,0.0,1
0.21220283210277557,0.0,1
0.21407830715179443,0.0,1
0.19566993415355682,0.0,1
0.5359870195388794,0.0,1
0.47848638892173767,0.0,1
0.14115753769874573,0.0,1
0.189607173204422,0.0,1
0.38167983293533325,0.0,1
0.06658867746591568,0.0,1
0.18807236850261688,0.0,1
0.711367666721344,0.0,1
1.282291054725647,0.0,0
0.8531755208969116,0.0,1
0.3794015347957611,0.0,1
0.36248916387557983,0.0,1
1.554461121559143,0.0,0
1.393090009689331,0.0,0
0.35338491201400757,0.0,1
1.0198841094970703,0.0,0
0.5261460542678833,0.0,1
0.07079936563968658,0.0,1
0.5312073230743408,0.0,1
0.20178911089897156,0.0,1
0.5098827481269836,0.0,1
0.9396130442619324,0.0,0
0.7567440867424011,0.0,1
0.9551817774772644,0.0,0
0.7102379202842712,0.0,1
1.0960229635238647,0.0,0
0.16279831528663635,0.0,1
0.4082125723361969,0.0,1
1.3924381732940674,0.0,0
0.3634653091430664,0.0,1
0.2610504627227783,0.0,1
0.9940952062606812,0.0,0
0.9120712280273438,0.0,0
0.28012973070144653,0.0,1
0.14517977833747864,0.0,1
0.07020287960767746,0.0,1
0.36384984850883484,0.0,1
0.9321500062942505,0.0,0
0.14848199486732483,0.0,1
0.7337329387664795,0.0,1
0.21483533084392548,0.0,1
0.22746801376342773,0.0,1
0.5519363880157471,0.0,1
0.38389456272125244,0.0,1
1.1041642427444458,0.0,0
0.6641800403594971,0.0,1
1.182386875152588,0.0,0
0.2641887068748474,0.0,1
0.05697699263691902,0.0,1
0.5178362727165222,0.0,1
0.47280383110046387,0.0,1
0.4728800654411316,0.0,1
1.0759859085083008,0.0,0
0.6556665301322937,0.0,1
0.9038900136947632,0.0,0
0.8455319404602051,0.0,1
0.7812754511833191,0.0,1
1.0302512645721436,0.0,0
0.18585434556007385,0.0,1
0.18700115382671356,0.0,1
0.6583545207977295,0.0,1
0.27994221448898315,0.0,1
0.14820833504199982,0.0,1
0.391882985830307,0.0,1
0.0808752030134201,0.0,1
0.2964281439781189,0.0,1
0.21875408291816711,0.0,1
0.2028750628232956,0.0,1
0.7512259483337402,0.0,1
0.5338709950447083,0.0,1
0.8543631434440613,0.0,1
1.0047798156738281,0.0,0
0.8045654296875,0.0,1
0.2925412058830261,0.0,1
0.3447100520133972,0.0,1
1.3566176891326904,0.0,0
0.3291417956352234,0.0,1
0.08064582943916321,0.0,1
1.1256239414215088,0.0,0
1.0444257259368896,0.0,0
0.19304487109184265,0.0,1
0.13832443952560425,0.0,1
0.31413954496383667,0.0,1
0.5602482557296753,0.0,1
0.411350816488266,0.0,1
0.10004427284002304,0.0,1
0.09337900578975677,0.0,1
0.49340590834617615,0.0,1
1.1062431335449219,0.0,0
1.5340837240219116,0.0,0
0.4053310453891754,0.0,1
0.07907414436340332,0.0,1
1.03647780418396,0.0,0
1.2197002172470093,0.0,0
0.3932758569717407,0.0,1
0.6026725769042969,0.0,1
1.254697561264038,0.0,0
0.4799209535121918,0.0,1
0.7362203598022461,0.0,1
0.23246745765209198,0.0,1
0.43663424253463745,0.0,1
0.7964918613433838,0.0,1
1.1897469758987427,0.0,0
1.016052007675171,0.0,0
0.6303052306175232,0.0,1
0.2502724826335907,0.0,1
0.30805841088294983,0.0,1
0.05980505421757698,0.0,1
0.2903610169887543,0.0,1
0.36709755659103394,0.0,1
0.6817054748535156,0.0,1
0.06101620942354202,0.0,1
0.838360607624054,0.0,1
0.12791284918785095,0.0,1
0.05449364706873894,0.0,1
0.09774790704250336,0.0,1
0.4461245536804199,0.0,1
0.22722196578979492,0.0,1
1.4303123950958252,0.0,0
0.20211148262023926,0.0,1
0.2888026535511017,0.0,1
0.2804560363292694,0.0,1
0.9893324971199036,0.0,0
0.6483711004257202,0.0,1
0.5774456858634949,0.0,1
0.8000413179397583,0.0,1
0.16301432251930237,0.0,1
0.605247437953949,0.0,1
0.21856792271137238,0.0,1
0.8031551241874695,0.0,1
0.3325100541114807,0.0,1
0.3076019287109375,0.0,1
0.5833654999732971,0.0,1
1.0840914249420166,0.0,0
0.7257622480392456,0.0,1
0.459512323141098,0.0,1
0.23827242851257324,0.0,1
0.6064752340316772,0.0,1
0.039074286818504333,0.0,1
0.17316333949565887,0.0,1
0.4027175009250641,0.0,1
0.7528217434883118,0.0,1
0.1855754852294922,0.0,1
0.03861121088266373,0.0,1
0.152939110994339,0.0,1
0.42774009704589844,0.0,1
0.3637723922729492,0.0,1
0.8951169848442078,0.0,0
0.257851779460907,0.0,1
0.03428621217608452,0.0,1
0.11453159898519516,0.0,1
0.20090410113334656,0.0,1
0.31127652525901794,0.0,1
0.6880950331687927,0.0,1
0.5481722950935364,0.0,1
0.27098363637924194,0.0,1
0.6766243577003479,0.0,1
0.8363968729972839,0.0,1
1.7232593297958374,0.0,0
0.7148150205612183,0.0,1
0.894217312335968,0.0,0
0.30036336183547974,0.0,1
0.23208217322826385,0.0,1
1.4030320644378662,0.0,0
0.21442905068397522,0.0,1
0.3404179513454437,0.0,1
0.15655064582824707,0.0,1
0.4784092307090759,0.0,1
0.6382232904434204,0.0,1
0.6989765763282776,0.0,1
0.823206901550293,0.0,1
0.5217243432998657,0.0,1
0.9105680584907532,0.0,0
0.1856071501970291,0.0,1
0.4939301013946533,0.0,1
0.7583869099617004,0.0,1
1.3044335842132568,0.0,0
0.1322171837091446,0.0,1
0.14336740970611572,0.0,1
1.1224780082702637,0.0,0
0.09142602980136871,0.0,1
0.7168307900428772,0.0,1
0.06530211865901947,0.0,1
0.2483113706111908,0.0,1
1.2751115560531616,0.0,0
0.4184855818748474,0.0,1
0.2608361542224884,0.0,1
0.46355462074279785,0.0,1
0.18361206352710724,0.0,1
0.12198849767446518,0.0,1
0.1493731290102005,0.0,1
0.22969260811805725,0.0,1
0.22255615890026093,0.0,1
0.19994617998600006,0.0,1
0.08414523303508759,0.0,1
0.49952077865600586,0.0,1
0.20301496982574463,0.0,1
0.42037433385849,0.0,1
0.8987366557121277,0.0,0
1.6380647420883179,0.0,0
0.8844297528266907,0.0,0
0.5722161531448364,0.0,1
0.7198517918586731,0.0,1
0.46225857734680176,0.0,1
0.6943312883377075,0.0,1
0.9366117715835571,0.0,0
0.23232337832450867,0.0,1
1.1553256511688232,0.0,0
0.4057474136352539,0.0,1
0.2677974998950958,0.0,1
1.2179791927337646,0.0,0
0.3207526206970215,0.0,1
0.8287220001220703,0.0,1
0.44744905829429626,0.0,1
0.21816205978393555,0.0,1
0.029454156756401062,0.0,1
0.19072043895721436,0.0,1
0.6825786828994751,0.0,1
0.6714044809341431,0.0,1
1.6529862880706787,0.0,0
0.52222740650177,0.0,1
0.5503433346748352,0.0,1
0.5268706679344177,0.0,1
0.4626162052154541,0.0,1
0.31612908840179443,0.0,1
1.3273584842681885,0.0,0
0.44330182671546936,0.0,1
0.4649553894996643,0.0,1
0.31150978803634644,0.0,1
0.5206495523452759,0.0,1
1.1379783153533936,0.0,0
0.4077985882759094,0.0,1
1.0215356349945068,0.0,0
0.2647269368171692,0.0,1
0.9569565653800964,0.0,0
0.9204109311103821,0.0,0
0.7663627862930298,0.0,1
0.8612407445907593,0.0,1
0.34052520990371704,0.0,1
0.7808910608291626,0.0,1
0.17787156999111176,0.0,1
0.06966525316238403,0.0,1
0.08963976800441742,0.0,1
0.24174025654792786,0.0,1
0.1364075243473053,0.0,1
1.5766468048095703,0.0,0
0.7197331190109253,0.0,1
1.3936432600021362,0.0,0
0.3576447665691376,0.0,1
0.14072158932685852,0.0,1
0.2236775904893875,0.0,1
0.2303253412246704,0.0,1
1.0401060581207275,0.0,0
0.4860532879829407,0.0,1
0.8168082237243652,0.0,1
0.4363016188144684,0.0,1
0.49434128403663635,0.0,1
0.40638160705566406,0.0,1
0.5384379029273987,0.0,1
0.4229300618171692,0.0,1
0.6153472661972046,0.0,1
0.17606961727142334,0.0,1
0.42516809701919556,0.0,1
0.47383731603622437,0.0,1
1.3185701370239258,0.0,0
0.5093600749969482,0.0,1
0.2886049449443817,0.0,1
0.2581070065498352,0.0,1
0.28823235630989075,0.0,1
0.8136426210403442,0.0,1
0.7645027041435242,0.0,1
0.4483300745487213,0.0,1
0.6851141452789307,0.0,1
0.05908047407865524,0.0,1
0.31227922439575195,0.0,1
0.4627160429954529,0.0,1
0.590858519077301,0.0,1
0.05888306349515915,0.0,1
0.6046620011329651,0.0,1
0.22794267535209656,0.0,1
0.37276938557624817,0.0,1
0.6908727884292603,0.0,1
0.8643482327461243,0.0,1
1.3140944242477417,0.0,0
0.10024596750736237,0.0,1
0.41121014952659607,0.0,1
0.2568807303905487,0.0,1
0.06762097775936127,0.0,1
0.2845776379108429,0.0,1
0.21110884845256805,0.0,1
0.6129871606826782,0.0,1
0.19289284944534302,0.0,1
0.777121901512146,0.0,1
0.8866462707519531,0.0,0
0.3986378312110901,0.0,1
0.7390179634094238,0.0,1
0.6288014650344849,0.0,1
0.2375289648771286,0.0,1
0.22486154735088348,0.0,1
0.23812372982501984,0.0,1
0.0749194398522377,0.0,1
0.6588333249092102,0.0,1
0.49610549211502075,0.0,1
0.3318752646446228,0.0,1
0.8718937635421753,0.0,1
0.3859626352787018,0.0,1
0.07366912811994553,0.0,1
0.4153363108634949,0.0,1
0.8503016233444214,0.0,1
1.0899500846862793,0.0,0
0.14172226190567017,0.0,1
0.13807883858680725,0.0,1
0.18317310512065887,0.0,1
0.3557150065898895,0.0,1
1.4678484201431274,0.0,0
1.1433374881744385,0.0,0
0.2799696922302246,0.0,1
0.7454628348350525,0.0,1
0.5487276911735535,0.0,1
0.129409521818161,0.0,1
0.1553015261888504,0.0,1
0.2805081009864807,0.0,1
0.8888495564460754,0.0,0
1.0136358737945557,0.0,0
0.839491069316864,0.0,1
0.23459267616271973,0.0,1
0.773246169090271,0.0,1
0.2968510091304779,0.0,1
0.46207475662231445,0.0,1
0.9829349517822266,0.0,0
0.6437925100326538,0.0,1
0.40191641449928284,0.0,1
0.08367692679166794,0.0,1
0.36872655153274536,0.0,1
0.5649999380111694,0.0,1
0.08893100172281265,0.0,1
0.3117120862007141,0.0,1
0.5412065386772156,0.0,1
0.7190508246421814,0.0,1
0.28408345580101013,0.0,1
0.16172662377357483,0.0,1
1.2759729623794556,0.0,0
0.4527849555015564,0.0,1
0.7356191277503967,0.0,1
0.38286516070365906,0.0,1
0.05567221716046333,0.0,1
1.2070916891098022,0.0,0
0.32571089267730713,0.0,1
0.043438397347927094,0.0,1
1.0514090061187744,0.0,0
0.03982837498188019,0.0,1
1.200487494468689,0.0,0
1.4410803318023682,0.0,0
0.4189852178096771,0.0,1
0.5767211318016052,0.0,1
0.04028945043683052,0.0,1
0.9588779211044312,0.0,0
0.35999995470046997,0.0,1
0.8854405283927917,0.0,0
0.03928258270025253,0.0,1
0.5805732011795044,0.0,1
0.2707426846027374,0.0,1
1.4501168727874756,0.0,0
0.25509268045425415,0.0,1
0.7566714882850647,0.0,1
0.3367440402507782,0.0,1
1.0241267681121826,0.0,0
0.17103542387485504,0.0,1
1.363433837890625,0.0,0
0.9085615277290344,0.0,0
0.1351114958524704,0.0,1
0.6953654885292053,0.0,1
0.5947023630142212,0.0,1
0.33703863620758057,0.0,1
0.14263203740119934,0.0,1
2.007547378540039,0.0,0
0.8355709314346313,0.0,1
0.7548837065696716,0.0,1
0.09250923991203308,0.0,1
0.30997973680496216,0.0,1
0.1999511420726776,0.0,1
1.1066006422042847,0.0,0
0.3556658923625946,0.0,1
0.13998445868492126,0.0,1
0.4421512186527252,0.0,1
1.0123847723007202,0.0,0
0.6436848044395447,0.0,1
0.2096213549375534,0.0,1
0.14621701836585999,0.0,1
0.499687522649765,0.0,1
0.241032212972641,0.0,1
0.7041106820106506,0.0,1
0.1230073794722557,0.0,1
0.11450958251953125,0.0,1
0.5876514911651611,0.0,1
0.16008958220481873,0.0,1
0.16696615517139435,0.0,1
0.10955498367547989,0.0,1
0.39169952273368835,0.0,1
0.9455229043960571,0.0,0
0.4612656235694885,0.0,1
0.31962257623672485,0.0,1
1.084317684173584,0.0,0
0.17615313827991486,0.0,1
0.07740683853626251,0.0,1
0.3048141598701477,0.0,1
0.02406877465546131,0.0,1
0.10291147232055664,0.0,1
0.2247074842453003,0.0,1
0.6724169850349426,0.0,1
0.5344628095626831,0.0,1
0.6977275013923645,0.0,1
0.4092029631137848,0.0,1
0.7076236009597778,0.0,1
0.8990827798843384,0.0,0
1.231774926185608,0.0,0
0.16076341271400452,0.0,1
0.272866427898407,0.0,1
0.40907159447669983,0.0,1
0.23288889229297638,0.0,1
0.6795631647109985,0.0,1
0.18245890736579895,0.0,1
0.7602838277816772,0.0,1
0.36095792055130005,0.0,1
0.3356984853744507,0.0,1
0.19303002953529358,0.0,1
0.3429228961467743,0.0,1
0.8376997709274292,0.0,1
1.440369725227356,0.0,0
0.15930810570716858,0.0,1
0.3045753836631775,0.0,1
1.1767010688781738,0.0,0
0.5042110681533813,0.0,1
1.506103277206421,0.0,0
0.13056418299674988,0.0,1
0.06916773319244385,0.0,1
0.16268324851989746,0.0,1
1.4901765584945679,0.0,0
0.9137560725212097,0.0,0
1.330959677696228,0.0,0
0.42682570219039917,0.0,1
0.46580061316490173,0.0,1
0.9986554384231567,0.0,0
0.4467644691467285,0.0,1
0.3791871666908264,0.0,1
0.1556636244058609,0.0,1
1.2195358276367188,0.0,0
0.6936718225479126,0.0,1
0.6102360486984253,0.0,1
0.9292383193969727,0.0,0
0.2802177667617798,0.0,1
0.1404467225074768,0.0,1
1.0061208009719849,0.0,0
0.814658522605896,0.0,1
0.6321846842765808,0.0,1
0.7687380313873291,0.0,1
0.08195231109857559,0.0,1
0.39243432879447937,0.0,1
0.18574681878089905,0.0,1
0.3087467849254608,0.0,1
1.2763162851333618,0.0,0
0.23285344243049622,0.0,1
0.08508680760860443,0.0,1
0.852381706237793,0.0,1
0.2456032931804657,0.0,1
0.46696680784225464,0.0,1
1.1875190734863281,0.0,0
1.4308230876922607,0.0,0
1.0807380676269531,0.0,0
0.4947047829627991,0.0,1
0.3668675422668457,0.0,1
0.7324687242507935,0.0,1
0.8607338666915894,0.0,1
0.07407336682081223,0.0,1
0.10300944000482559,0.0,1
0.5177294015884399,0.0,1
0.6220430135726929,0.0,1
0.2855946719646454,0.0,1
0.23980776965618134,0.0,1
1.4189515113830566,0.0,0
0.4265604615211487,0.0,1
1.0802302360534668,0.0,0
0.45056524872779846,0.0,1
0.12281166017055511,0.0,1
0.23608417809009552,0.0,1
0.2758391499519348,0.0,1
0.8145513534545898,0.0,1
0.396257221698761,0.0,1
0.9357011914253235,0.0,0
0.2920452058315277,0.0,1
0.760799765586853,0.0,1
0.4534834921360016,0.0,1
1.2367324829101562,0.0,0
0.3542208671569824,0.0,1
0.36617404222488403,0.0,1
0.3692920506000519,0.0,1
0.7929325103759766,0.0,1
1.0305602550506592,0.0,0
0.3248507082462311,0.0,1
0.3162137269973755,0.0,1
0.8487794995307922,0.0,1
0.6273984313011169,0.0,1
0.3192223012447357,0.0,1
0.9449747800827026,0.0,0
0.20515885949134827,0.0,1
0.20813481509685516,0.0,1
1.47347891330719,0.0,0
1.1358366012573242,0.0,0
0.40714436769485474,0.0,1
1.3024481534957886,0.0,0
0.9537641406059265,0.0,0
0.15171609818935394,0.0,1
1.220552682876587,0.0,0
0.8437884449958801,0.0,1
0.3956826627254486,0.0,1
0.42935308814048767,0.0,1
0.25909075140953064,0.0,1
0.2631891667842865,0.0,1
1.4197431802749634,0.0,0
1.0718088150024414,0.0,0
0.948805034160614,0.0,0
0.500864565372467,0.0,1
0.046411242336034775,0.0,1
0.9644122123718262,0.0,0
0.426586776971817,0.0,1
0.4800635874271393,0.0,1
0.3704410493373871,0.0,1
0.08879557996988297,0.0,1
0.541252613067627,0.0,1
0.5051759481430054,0.0,1
0.5211466550827026,0.0,1
0.14885762333869934,0.0,1
0.2671934962272644,0.0,1
0.38727420568466187,0.0,1
0.8883121609687805,0.0,0
1.156637191772461,0.0,0
1.3338583707809448,0.0,0
0.6207314729690552,0.0,1
0.33331722021102905,0.0,1
0.887598991394043,0.0,0
1.042601466178894,0.0,0
0.9017534255981445,0.0,0
0.7478538751602173,0.0,1
0.6568817496299744,0.0,1
0.2244548350572586,0.0,1
0.663078784942627,0.0,1
0.9168065786361694,0.0,0
0.4371005594730377,0.0,1
1.125867247581482,0.0,0
0.597984790802002,0.0,1
1.6534366607666016,0.0,0
1.4526796340942383,0.0,0
0.3153311312198639,0.0,1
0.1720624566078186,0.0,1
0.6199455261230469,0.0,1
0.6664989590644836,0.0,1
1.1609429121017456,0.0,0
0.5367698073387146,0.0,1
0.23715507984161377,0.0,1
0.4776458740234375,0.0,1
0.515478253364563,0.0,1
0.2938697934150696,0.0,1
1.314774513244629,0.0,0
0.7604371309280396,0.0,1
0.936704158782959,0.0,0
0.24850013852119446,0.0,1
0.5592779517173767,0.0,1
0.12561002373695374,0.0,1
0.17774386703968048,0.0,1
0.7872908711433411,0.0,1
1.2698910236358643,0.0,0
0.665313720703125,0.0,1
0.9692270159721375,0.0,0
0.9304073452949524,0.0,0
0.7967849969863892,0.0,1
0.4964977204799652,0.0,1
0.07888931035995483,0.0,1
0.14161375164985657,0.0,1
1.1343910694122314,0.0,0
1.1595944166183472,0.0,0
0.6274327635765076,0.0,1
0.44508296251296997,0.0,1
0.33848658204078674,0.0,1
1.1552622318267822,0.0,0
1.0766048431396484,0.0,0
1.2534327507019043,0.0,0
0.23008131980895996,0.0,1
1.0134022235870361,0.0,0
0.1405884474515915,0.0,1
0.14089038968086243,0.0,1
0.39929109811782837,0.0,1
0.16015812754631042,0.0,1
1.0442615747451782,0.0,0
0.4353601336479187,0.0,1
0.351346492767334,0.0,1
0.12521235644817352,0.0,1
1.9227979183197021,0.0,0
0.059575337916612625,0.0,1
1.4167007207870483,0.0,0
0.7185800671577454,0.0,1
0.31507569551467896,0.0,1
0.6972676515579224,0.0,1
0.364924818277359,0.0,1
0.2836377024650574,0.0,1
0.22010484337806702,0.0,1
1.0747559070587158,0.0,0
0.5734943747520447,0.0,1
0.2156534641981125,0.0,1
0.04846521466970444,0.0,1
0.38635486364364624,0.0,1
0.21652522683143616,0.0,1
0.31022900342941284,0.0,1
0.6842193603515625,0.0,1
0.28461211919784546,0.0,1
0.24551519751548767,0.0,1
0.3514235019683838,0.0,1
0.17643311619758606,0.0,1
0.2489171326160431,0.0,1
0.03312189131975174,0.0,1
1.1610844135284424,0.0,0
0.3157235383987427,0.0,1
0.5451074242591858,0.0,1
0.7863558530807495,0.0,1
0.7769815921783447,0.0,1
0.6189080476760864,0.0,1
0.6942009925842285,0.0,1
0.34375104308128357,0.0,1
0.5903449654579163,0.0,1
0.15115973353385925,0.0,1
0.951785683631897,0.0,0
0.3227306008338928,0.0,1
0.5743152499198914,0.0,1
1.280948281288147,0.0,0
0.11255838721990585,0.0,1
0.9011951684951782,0.0,0
0.07635977864265442,0.0,1
1.3479931354522705,0.0,0
0.559755265712738,0.0,1
0.13561131060123444,0.0,1
0.631813108921051,0.0,1
0.30521830916404724,0.0,1
0.23467257618904114,0.0,1
0.7370578050613403,0.0,1
0.33507972955703735,0.0,1
0.12797054648399353,0.0,1
0.7250975966453552,0.0,1
0.2649279236793518,0.0,1
0.17561329901218414,0.0,1
0.8046001195907593,0.0,1
0.9255779981613159,0.0,0
0.1293286681175232,0.0,1
0.6071059107780457,0.0,1
1.1531740427017212,0.0,0
0.1802714318037033,0.0,1
0.4864498972892761,0.0,1
0.1947133094072342,0.0,1
0.373237669467926,0.0,1
0.24267415702342987,0.0,1
0.9835221171379089,0.0,0
0.5480685234069824,0.0,1
0.36416226625442505,0.0,1
1.2735105752944946,0.0,0
0.795296311378479,0.0,1
1.5914480686187744,0.0,0
0.11886519193649292,0.0,1
0.2139054536819458,0.0,1
0.9129611849784851,0.0,0
0.2534835934638977,0.0,1
0.45277318358421326,0.0,1
0.2806774973869324,0.0,1
0.8810893297195435,0.0,0
0.44678059220314026,0.0,1
0.4497312605381012,0.0,1
0.376813679933548,0.0,1
0.19188708066940308,0.0,1
0.8420014381408691,0.0,1
0.40881261229515076,0.0,1
0.19172632694244385,0.0,1
0.2581818401813507,0.0,1
0.566612720489502,0.0,1
0.10543765872716904,0.0,1
0.17380474507808685,0.0,1
0.566787600517273,0.0,1
0.4991602301597595,0.0,1
0.548160970211029,0.0,1
0.42833566665649414,0.0,1
0.11272795498371124,0.0,1
0.07305333763360977,0.0,1
0.5668545961380005,0.0,1
0.6262003183364868,0.0,1
1.3722004890441895,0.0,0
0.675176739692688,0.0,1
0.602191686630249,0.0,1
0.03298167139291763,0.0,1
0.7823312282562256,0.0,1
0.18836693465709686,0.0,1
0.4161180555820465,0.0,1
1.0164552927017212,0.0,0
0.9896849393844604,0.0,0
0.32889142632484436,0.0,1
0.09586577117443085,0.0,1
0.4202132821083069,0.0,1
0.2562565505504608,0.0,1
1.3427265882492065,0.0,0
0.4061589241027832,0.0,1
1.0999503135681152,0.0,0
0.1565326601266861,0.0,1
0.19230975210666656,0.0,1
0.5566366314888,0.0,1
0.6851882338523865,0.0,1
1.1485474109649658,0.0,0
0.31820008158683777,0.0,1
1.148715853691101,0.0,0
0.23418226838111877,0.0,1
0.24021904170513153,0.0,1
1.1138031482696533,0.0,0
0.27139997482299805,0.0,1
0.4783713221549988,0.0,1
0.2735815942287445,0.0,1
0.43088674545288086,0.0,1
0.26547107100486755,0.0,1
0.546837329864502,0.0,1
0.4345685541629791,0.0,1
0.42226308584213257,0.0,1
0.3224978744983673,0.0,1
1.2956812381744385,0.0,0
0.13341370224952698,0.0,1
0.8326271772384644,0.0,1
0.8054827451705933,0.0,1
0.26215118169784546,0.0,1
1.3769543170928955,0.0,0
0.7469143271446228,0.0,1
1.5220617055892944,0.0,0
0.8247283697128296,0.0,1
0.4491398334503174,0.0,1
1.277769923210144,0.0,0
0.3004997968673706,0.0,1
0.47978267073631287,0.0,1
0.32966548204421997,0.0,1
0.6817397475242615,0.0,1
0.24006517231464386,0.0,1
0.22967195510864258,0.0,1
0.2102721631526947,0.0,1
1.3139737844467163,0.0,0
0.34805479645729065,0.0,1
0.1624477058649063,0.0,1
0.9437931776046753,0.0,0
1.0134042501449585,0.0,0
0.20474228262901306,0.0,1
0.36160069704055786,0.0,1
0.817467212677002,0.0,1
1.3826897144317627,0.0,0
0.32626813650131226,0.0,1
0.3470364511013031,0.0,1
0.7534178495407104,0.0,1
0.30754581093788147,0.0,1
1.5307456254959106,0.0,0
0.17514561116695404,0.0,1
0.2708379030227661,0.0,1
0.03908265009522438,0.0,1
0.5070231556892395,0.0,1
0.7741381525993347,0.0,1
0.14655840396881104,0.0,1
1.1588468551635742,0.0,0
1.226888656616211,0.0,0
0.7433154582977295,0.0,1
1.1200321912765503,0.0,0
0.8243389129638672,0.0,1
1.2642165422439575,0.0,0
1.0093116760253906,0.0,0
0.33744892477989197,0.0,1
0.21077044308185577,0.0,1
0.16238868236541748,0.0,1
0.8116283416748047,0.0,1
0.43235474824905396,0.0,1
1.3131773471832275,0.0,0
0.1741126924753189,0.0,1
0.520016610622406,0.0,1
0.5265141725540161,0.0,1
0.1228024810552597,0.0,1
0.6167302131652832,0.0,1
0.25853630900382996,0.0,1
0.3755072057247162,0.0,1
0.33047017455101013,0.0,1
0.5667500495910645,0.0,1
0.5175541639328003,0.0,1
0.3720434308052063,0.0,1
1.171704888343811,0.0,0
0.11462052166461945,0.0,1
0.7023559808731079,0.0,1
1.0827171802520752,0.0,0
0.8255812525749207,0.0,1
1.4126627445220947,0.0,0
0.06970204412937164,0.0,1
0.683059811592102,0.0,1
0.6974574327468872,0.0,1
0.10460256040096283,0.0,1
0.28319793939590454,0.0,1
0.40880781412124634,0.0,1
0.7812700867652893,0.0,1
1.195440649986267,0.0,0
1.507380723953247,0.0,0
0.2918694019317627,0.0,1
1.1927998065948486,0.0,0
0.09919656813144684,0.0,1
1.2627332210540771,0.0,0
0.13313835859298706,0.0,1
0.6406527757644653,0.0,1
0.7561413645744324,0.0,1
1.220199465751648,0.0,0
1.1771160364151,0.0,0
0.18530035018920898,0.0,1
0.5365914106369019,0.0,1
0.10395785421133041,0.0,1
0.4359956681728363,0.0,1
0.3668521046638489,0.0,1
0.1002257838845253,0.0,1
0.31032633781433105,0.0,1
0.8467899560928345,0.0,1
0.47018060088157654,0.0,1
1.1028528213500977,0.0,0
1.488891363143921,0.0,0
0.5256664752960205,0.0,1
0.633682906627655,0.0,1
0.3047783672809601,0.0,1
0.4757547378540039,0.0,1
0.46767035126686096,0.0,1
0.472278892993927,0.0,1
0.7600041627883911,0.0,1
0.1695203334093094,0.0,1
0.7692180275917053,0.0,1
0.11386094242334366,0.0,1
1.1798303127288818,0.0,0
0.49813002347946167,0.0,1
0.18585678935050964,0.0,1
0.23312218487262726,0.0,1
0.8258188962936401,0.0,1
0.5431770086288452,0.0,1
0.4842414855957031,0.0,1
0.4200224280357361,0.0,1
1.27967369556427,0.0,0
0.23916883766651154,0.0,1
0.5768133401870728,0.0,1
0.39533162117004395,0.0,1
0.05451555177569389,0.0,1
0.4926089346408844,0.0,1
0.7556381225585938,0.0,1
0.32210856676101685,0.0,1
0.11639644205570221,0.0,1
0.5723429918289185,0.0,1
1.6444461345672607,0.0,0
0.14722299575805664,0.0,1
0.2584906220436096,0.0,1
0.12935777008533478,0.0,1
0.7106244564056396,0.0,1
0.7106292247772217,0.0,1
0.3587062656879425,0.0,1
1.5293381214141846,0.0,0
0.06287474930286407,0.0,1
0.25085657835006714,0.0,1
1.0902459621429443,0.0,0
0.3336077928543091,0.0,1
0.34060797095298767,0.0,1
0.7221132516860962,0.0,1
0.25476354360580444,0.0,1
0.1302167922258377,0.0,1
0.11251640319824219,0.0,1
0.40086349844932556,0.0,1
0.29603394865989685,0.0,1
1.0347118377685547,0.0,0
0.2012241780757904,0.0,1
1.018038272857666,0.0,0
0.8486989736557007,0.0,1
0.2277189940214157,0.0,1
0.5455661416053772,0.0,1
0.2575860619544983,0.0,1
1.303970217704773,0.0,0
0.41172266006469727,0.0,1
0.6281610131263733,0.0,1
0.1357257068157196,0.0,1
0.7948802709579468,0.0,1
0.07029374688863754,0.0,1
0.90882807970047,0.0,0
1.235275387763977,0.0,0
0.7386654019355774,0.0,1
0.992759108543396,0.0,0
1.071577787399292,0.0,0
1.082128882408142,0.0,0
0.17451122403144836,0.0,1
0.6943730115890503,0.0,1
0.24472638964653015,0.0,1
0.4390658438205719,0.0,1
1.1751521825790405,0.0,0
0.10820827633142471,0.0,1
0.4772493839263916,0.0,1
0.7261819839477539,0.0,1
0.7248980402946472,0.0,1
0.4044939875602722,0.0,1
0.46875160932540894,0.0,1
0.6865850687026978,0.0,1
0.4713304042816162,0.0,1
0.2895970642566681,0.0,1
0.6458513140678406,0.0,1
0.25645434856414795,0.0,1
0.8294576406478882,0.0,1
1.1177642345428467,0.0,0
0.7692784070968628,0.0,1
0.17799262702465057,0.0,1
0.5262287259101868,0.0,1
1.0356709957122803,0.0,0
1.2629493474960327,0.0,0
1.2966258525848389,0.0,0
1.6623649597167969,0.0,0
0.2275162637233734,0.0,1
0.2776528000831604,0.0,1
0.27883997559547424,0.0,1
0.36136332154273987,0.0,1
0.20022115111351013,0.0,1
1.4204158782958984,0.0,0
0.5801540613174438,0.0,1
0.4454900622367859,0.0,1
0.17180165648460388,0.0,1
0.3819034695625305,0.0,1
0.21975108981132507,0.0,1
0.2939226031303406,0.0,1
0.8974388241767883,0.0,0
0.14520375430583954,0.0,1
0.24216727912425995,0.0,1
0.6667214632034302,0.0,1
0.3328346312046051,0.0,1
0.5427514910697937,0.0,1
0.4324476718902588,0.0,1
0.30728769302368164,0.0,1
0.043608713895082474,0.0,1
0.2503906786441803,0.0,1
0.46351662278175354,0.0,1
1.0559602975845337,0.0,0
0.44423913955688477,0.0,1
0.5240436792373657,0.0,1
0.6683781147003174,0.0,1
0.548514187335968,0.0,1
0.2190593183040619,0.0,1
0.5365150570869446,0.0,1
0.1375425159931183,0.0,1
0.663986325263977,0.0,1
0.9734869003295898,0.0,0
1.596636414527893,0.0,0
0.30428850650787354,0.0,1
0.6271761655807495,0.0,1
0.12690436840057373,0.0,1
1.1557871103286743,0.0,0
1.3818765878677368,0.0,0
0.3374987840652466,0.0,1
0.7624011635780334,0.0,1
0.2607741951942444,0.0,1
0.7140945196151733,0.0,1
1.3723326921463013,0.0,0
0.24890455603599548,0.0,1
1.6075780391693115,0.0,0
0.9029977917671204,0.0,0
0.37136656045913696,0.0,1
0.23554101586341858,0.0,1
0.15950754284858704,0.0,1
0.1278780996799469,0.0,1
0.035565085709095,0.0,1
0.9219368100166321,0.0,0
0.07333128154277802,0.0,1
0.4749689996242523,0.0,1
0.15685507655143738,0.0,1
0.2900588810443878,0.0,1
0.6856509447097778,0.0,1
0.6069276332855225,0.0,1
0.2751652002334595,0.0,1
0.3841480612754822,0.0,1
0.25926804542541504,0.0,1
0.6525644063949585,0.0,1
0.9970375895500183,0.0,0
0.3047965466976166,0.0,1
0.6404353976249695,0.0,1
0.5277025699615479,0.0,1
0.7218810319900513,0.0,1
0.30324146151542664,0.0,1
1.276208758354187,0.0,0
0.6184020042419434,0.0,1
0.3987015187740326,0.0,1
0.7219609022140503,0.0,1
0.6609157919883728,0.0,1
1.18265700340271,0.0,0
1.2495274543762207,0.0,0
0.3664928078651428,0.0,1
0.26018843054771423,0.0,1
1.3506004810333252,0.0,0
0.12348873913288116,0.0,1
0.8933984637260437,0.0,0
1.4446525573730469,0.0,0
0.28090915083885193,0.0,1
0.022762980312108994,0.0,1
0.5772162675857544,0.0,1
0.15996050834655762,0.0,1
0.29457351565361023,0.0,1
0.25931671261787415,0.0,1
0.5005441308021545,0.0,1
1.0990546941757202,0.0,0
0.4577619433403015,0.0,1
0.7131549119949341,0.0,1
0.26689398288726807,0.0,1
1.0711586475372314,0.0,0
0.35623615980148315,0.0,1
0.21007177233695984,0.0,1
0.16084441542625427,0.0,1
0.5818546414375305,0.0,1
0.07939047366380692,0.0,1
0.3807147145271301,0.0,1
1.3709819316864014,0.0,0
0.7529394626617432,0.0,1
0.262837678194046,0.0,1
0.16688387095928192,0.0,1
0.6567177772521973,0.0,1
0.38526827096939087,0.0,1
0.6860971450805664,0.0,1
0.9692972302436829,0.0,0
1.096503496170044,0.0,0
1.1182583570480347,0.0,0
0.2137693464756012,0.0,1
1.2497797012329102,0.0,0
0.04936736822128296,0.0,1
0.19462443888187408,0.0,1
0.17835679650306702,0.0,1
0.2838132679462433,0.0,1
0.803611159324646,0.0,1
0.20515267550945282,0.0,1
0.2370108664035797,0.0,1
0.19950644671916962,0.0,1
0.8760682344436646,0.0,0
0.31250905990600586,0.0,1
0.5292094945907593,0.0,1
0.21938744187355042,0.0,1
0.07657791674137115,0.0,1
0.6025147438049316,0.0,1
0.2598722577095032,0.0,1
0.414806067943573,0.0,1
1.4265079498291016,0.0,0
0.2771177291870117,0.0,1
0.35867923498153687,0.0,1
0.4495704174041748,0.0,1
0.11937320232391357,0.0,1
0.7960021495819092,0.0,1
0.0747547298669815,0.0,1
0.061442770063877106,0.0,1
0.963219165802002,0.0,0
1.8090541362762451,0.0,0
0.6336960196495056,0.0,1
0.627785861492157,0.0,1
0.6973544359207153,0.0,1
0.11113417148590088,0.0,1
0.5195614099502563,0.0,1
0.33538568019866943,0.0,1
0.9524726867675781,0.0,0
0.05768340080976486,0.0,1
0.47301211953163147,0.0,1
0.6069315671920776,0.0,1
0.41503459215164185,0.0,1
0.720903217792511,0.0,1
1.2596997022628784,0.0,0
0.5628286004066467,0.0,1
1.1004811525344849,0.0,0
0.20801594853401184,0.0,1
0.08264753222465515,0.0,1
1.0177098512649536,0.0,0
0.2667340338230133,0.0,1
0.11202182620763779,0.0,1
0.5269448757171631,0.0,1
0.5051633715629578,0.0,1
0.46956974267959595,0.0,1
1.1802775859832764,0.0,0
1.2981739044189453,0.0,0
0.583189845085144,0.0,1
1.2068984508514404,0.0,0
0.05805441737174988,0.0,1
0.12466071546077728,0.0,1
1.0825905799865723,0.0,0
0.9909335374832153,0.0,0
0.897415280342102,0.0,0
0.2288079559803009,0.0,1
0.3133825361728668,0.0,1
0.6060318946838379,0.0,1
1.6888717412948608,0.0,0
0.0798950269818306,0.0,1
0.7330516576766968,0.0,1
0.13828742504119873,0.0,1
0.11629705131053925,0.0,1
0.24766933917999268,0.0,1
0.6945193409919739,0.0,1
0.09521772712469101,0.0,1
0.282173216342926,0.0,1
0.6017315983772278,0.0,1
0.19493962824344635,0.0,1
0.6298130750656128,0.0,1
0.3537898063659668,0.0,1
1.3163787126541138,0.0,0
0.1772918552160263,0.0,1
1.2904455661773682,0.0,0
0.07528582960367203,0.0,1
0.24566519260406494,0.0,1
0.4183197021484375,0.0,1
0.8022702932357788,0.0,1
0.10888250172138214,0.0,1
0.5843675136566162,0.0,1
1.061906099319458,0.0,0
0.6535927057266235,0.0,1
0.34408336877822876,0.0,1
0.9683368802070618,0.0,0
0.1462099701166153,0.0,1
0.057566672563552856,0.0,1
1.0612637996673584,0.0,0
1.0444324016571045,0.0,0
0.5281288623809814,0.0,1
0.41231268644332886,0.0,1
1.618783950805664,0.0,0
0.6443489789962769,0.0,1
0.19298817217350006,0.0,1
0.23356929421424866,0.0,1
0.14004285633563995,0.0,1
0.26573091745376587,0.0,1
1.241973638534546,0.0,0
0.4137772023677826,0.0,1
0.9555967450141907,0.0,0
0.6007272005081177,0.0,1
0.06810732185840607,0.0,1
0.4906751215457916,0.0,1
0.25999438762664795,0.0,1
0.22737276554107666,0.0,1
0.166906476020813,0.0,1
0.194055438041687,0.0,1
1.4015600681304932,0.0,0
0.15479277074337006,0.0,1
0.36731141805648804,0.0,1
0.7762894630432129,0.0,1
0.9898912310600281,0.0,0
0.5791721343994141,0.0,1
0.21781902015209198,0.0,1
0.0634019747376442,0.0,1
1.3291943073272705,0.0,0
1.0229099988937378,0.0,0
0.25079870223999023,0.0,1
0.39488494396209717,0.0,1
0.26630544662475586,0.0,1
0.9287477731704712,0.0,0
0.5468229651451111,0.0,1
0.12656544148921967,0.0,1
1.5723453760147095,0.0,0
0.2266726791858673,0.0,1
0.08234812319278717,0.0,1
0.35218238830566406,0.0,1
0.30851584672927856,0.0,1
0.16177234053611755,0.0,1
0.5591977834701538,0.0,1
0.548015832901001,0.0,1
0.30581170320510864,0.0,1
0.4065976142883301,0.0,1
1.1951245069503784,0.0,0
0.3610314726829529,0.0,1
0.33739981055259705,0.0,1
1.3167595863342285,0.0,0
0.08598588407039642,0.0,1
0.09546143561601639,0.0,1
0.9481372833251953,0.0,0
0.10920586436986923,0.0,1
0.3814525306224823,0.0,1
1.3726963996887207,0.0,0
0.23322546482086182,0.0,1
0.3149826228618622,0.0,1
0.20349116623401642,0.0,1
0.18634280562400818,0.0,1
0.21587805449962616,0.0,1
0.219931960105896,0.0,1
0.12150416523218155,0.0,1
0.19876353442668915,0.0,1
0.16231362521648407,0.0,1
1.2262133359909058,0.0,0
0.20515339076519012,0.0,1
0.7377066016197205,0.0,1
0.33163556456565857,0.0,1
0.4273946285247803,0.0,1
1.0052461624145508,0.0,0
0.8485895991325378,0.0,1
0.3900969922542572,0.0,1
0.8862193822860718,0.0,0
0.199586421251297,0.0,1
0.27462098002433777,0.0,1
0.8433732986450195,0.0,1
0.8908020257949829,0.0,0
0.04722586274147034,0.0,1
0.6742909550666809,0.0,1
1.362854242324829,0.0,0
0.8240177035331726,0.0,1
1.2296628952026367,0.0,0
1.1346279382705688,0.0,0
0.5336369276046753,0.0,1
0.5941998958587646,0.0,1
0.30448585748672485,0.0,1
1.3081414699554443,0.0,0
0.5382982492446899,0.0,1
0.9903985857963562,0.0,0
0.5983135104179382,0.0,1
0.5487726926803589,0.0,1
1.2473671436309814,0.0,0
0.4418153166770935,0.0,1
0.32189977169036865,0.0,1
0.6309418082237244,0.0,1
0.40419039130210876,0.0,1
0.29320335388183594,0.0,1
0.03792620450258255,0.0,1
0.13181337714195251,0.0,1
0.13547351956367493,0.0,1
0.5119603276252747,0.0,1
0.7672354578971863,0.0,1
0.313483864068985,0.0,1
0.21552333235740662,0.0,1
0.8590898513793945,0.0,1
0.31056100130081177,0.0,1
1.4538298845291138,0.0,0
0.40562838315963745,0.0,1
1.260692834854126,0.0,0
0.8988956212997437,0.0,0
0.148281067609787,0.0,1
0.33686894178390503,0.0,1
0.09329478442668915,0.0,1
0.7344322800636292,0.0,1
0.6251314878463745,0.0,1
0.67249995470047,0.0,1
0.4084126949310303,0.0,1
0.8099600076675415,0.0,1
0.49879804253578186,0.0,1
0.3983690142631531,0.0,1
0.5814477205276489,0.0,1
0.2148713320493698,0.0,1
0.40137410163879395,0.0,1
0.7787541747093201,0.0,1
0.1789868026971817,0.0,1
0.49097615480422974,0.0,1
0.11791817843914032,0.0,1
0.10177065432071686,0.0,1
0.20407430827617645,0.0,1
1.0688605308532715,0.0,0
0.15046748518943787,0.0,1
1.289818525314331,0.0,0
0.43854188919067383,0.0,1
0.5865460634231567,0.0,1
0.32112517952919006,0.0,1
0.3522753119468689,0.0,1
0.3682476878166199,0.0,1
0.14636996388435364,0.0,1
0.44125181436538696,0.0,1
0.0652652382850647,0.0,1
0.3533893823623657,0.0,1
0.06865706294775009,0.0,1
0.5016463994979858,0.0,1
1.187419056892395,0.0,0
0.1659979671239853,0.0,1
0.3834318220615387,0.0,1
0.4054161012172699,0.0,1
0.6122487783432007,0.0,1
0.4871329367160797,0.0,1
1.6948540210723877,0.0,0
0.5829502940177917,0.0,1
0.12712602317333221,0.0,1
0.9019767045974731,0.0,0
1.0398950576782227,0.0,0
0.21867585182189941,0.0,1
0.7258718013763428,0.0,1
0.10374327003955841,0.0,1
0.3023700714111328,0.0,1
0.6166425943374634,0.0,1
0.6528371572494507,0.0,1
0.7540320158004761,0.0,1
0.04227222874760628,0.0,1
0.5170950889587402,0.0,1
0.06824549287557602,0.0,1
0.4293030798435211,0.0,1
0.21597690880298615,0.0,1
0.8688880801200867,0.0,1
1.2303400039672852,0.0,0
0.16638663411140442,0.0,1
0.5457528829574585,0.0,1
0.8331708908081055,0.0,1
0.32992833852767944,0.0,1
0.28480052947998047,0.0,1
0.12629127502441406,0.0,1
0.19472309947013855,0.0,1
0.7285381555557251,0.0,1
0.7435945272445679,0.0,1
0.12046406418085098,0.0,1
1.0142686367034912,0.0,0
0.3713272511959076,0.0,1
1.4286539554595947,0.0,0
0.4964216351509094,0.0,1
0.2343875914812088,0.0,1
0.6372148394584656,0.0,1
0.3443073034286499,0.0,1
0.27638542652130127,0.0,1
0.704934298992157,0.0,1
0.23050686717033386,0.0,1
0.2734311819076538,0.0,1
0.3303430676460266,0.0,1
0.48189306259155273,0.0,1
0.5093427896499634,0.0,1
0.37624913454055786,0.0,1
0.4076085686683655,0.0,1
0.7257183790206909,0.0,1
0.4059827923774719,0.0,1
0.30489736795425415,0.0,1
0.404109388589859,0.0,1
0.28787723183631897,0.0,1
1.1390116214752197,0.0,0
0.30015090107917786,0.0,1
0.42154064774513245,0.0,1
0.4071565568447113,0.0,1
0.6942571997642517,0.0,1
0.3883541226387024,0.0,1
0.9459846615791321,0.0,0
1.095228910446167,0.0,0
0.2514117956161499,0.0,1
0.11188030242919922,0.0,1
0.6297900080680847,0.0,1
0.6883256435394287,0.0,1
0.6936944723129272,0.0,1
1.4307996034622192,0.0,0
0.814618706703186,0.0,1
0.9920200109481812,0.0,0
0.7748479843139648,0.0,1
0.963586688041687,0.0,0
1.10710871219635,0.0,0
0.26174038648605347,0.0,1
0.7754055261611938,0.0,1
1.091231346130371,0.0,0
0.654019832611084,0.0,1
0.26999109983444214,0.0,1
0.3181016445159912,0.0,1
0.9377021789550781,0.0,0
0.10174842178821564,0.0,1
0.437139093875885,0.0,1
0.12953056395053864,0.0,1
0.7335849404335022,0.0,1
0.7889541983604431,0.0,1
0.7615729570388794,0.0,1
0.41839295625686646,0.0,1
0.17045524716377258,0.0,1
0.885718047618866,0.0,0
0.2504253387451172,0.0,1
0.1702517569065094,0.0,1
1.2448350191116333,0.0,0
0.8492462038993835,0.0,1
1.353977084159851,0.0,0
0.18253429234027863,0.0,1
0.29468536376953125,0.0,1
0.4502646327018738,0.0,1
0.7935531735420227,0.0,1
0.04901481419801712,0.0,1
0.0352010503411293,0.0,1
0.29337257146835327,0.0,1
0.37773019075393677,0.0,1
0.6816991567611694,0.0,1
0.1810823380947113,0.0,1
0.38746026158332825,0.0,1
0.09585617482662201,0.0,1
1.3889188766479492,0.0,0
0.21463970839977264,0.0,1
1.1617950201034546,0.0,0
1.1895768642425537,0.0,0
0.8098148107528687,0.0,1
0.1669916957616806,0.0,1
0.16204072535037994,0.0,1
0.09372682124376297,0.0,1
0.7498160600662231,0.0,1
0.8503643274307251,0.0,1
1.2999132871627808,0.0,0
0.9376004934310913,0.0,0
0.20993514358997345,0.0,1
0.33764535188674927,0.0,1
0.9110360145568848,0.0,0
0.20848238468170166,0.0,1
0.35378497838974,0.0,1
0.9460164308547974,0.0,0
0.03879046440124512,0.0,1
0.44130873680114746,0.0,1
0.18121665716171265,0.0,1
1.050054907798767,0.0,0
0.08742272853851318,0.0,1
0.19756975769996643,0.0,1
0.6638216972351074,0.0,1
0.23120419681072235,0.0,1
0.029846806079149246,0.0,1
0.1992538422346115,0.0,1
0.6438469290733337,0.0,1
0.30983537435531616,0.0,1
0.12843425571918488,0.0,1
0.29410362243652344,0.0,1
0.09674634039402008,0.0,1
0.38244497776031494,0.0,1
0.18523268401622772,0.0,1
1.059584379196167,0.0,0
1.1600983142852783,0.0,0
0.13741087913513184,0.0,1
0.24042680859565735,0.0,1
0.8575649261474609,0.0,1
0.18956702947616577,0.0,1
0.3186325430870056,0.0,1
0.7693585157394409,0.0,1
1.256373643875122,0.0,0
0.3550819754600525,0.0,1
0.49945002794265747,0.0,1
0.27838677167892456,0.0,1
0.7269408106803894,0.0,1
0.18064990639686584,0.0,1
0.8996864557266235,0.0,0
0.21332690119743347,0.0,1
1.1736557483673096,0.0,0
0.7072951793670654,0.0,1
0.0606004074215889,0.0,1
0.46029362082481384,0.0,1
0.3954048156738281,0.0,1
0.22515073418617249,0.0,1
0.20807631313800812,0.0,1
0.03544465824961662,0.0,1
0.2955990433692932,0.0,1
0.9532767534255981,0.0,0
0.3153814673423767,0.0,1
0.27631548047065735,0.0,1
0.7102185487747192,0.0,1
0.7331758737564087,0.0,1
0.1570427119731903,0.0,1
0.4582270681858063,0.0,1
0.31467121839523315,0.0,1
0.32902902364730835,0.0,1
0.47039690613746643,0.0,1
0.12024132907390594,0.0,1
0.3717128336429596,0.0,1
1.2218942642211914,0.0,0
0.7920874357223511,0.0,1
0.31006771326065063,0.0,1
0.05007403343915939,0.0,1
0.4290410578250885,0.0,1
0.3030058443546295,0.0,1
0.12526153028011322,0.0,1
0.7072271704673767,0.0,1
0.3526048958301544,0.0,1
0.2453659474849701,0.0,1
1.3284907341003418,0.0,0
0.1085272803902626,0.0,1
0.42153555154800415,0.0,1
0.43868598341941833,0.0,1
1.2088450193405151,0.0,0
0.5039805769920349,0.0,1
0.45403343439102173,0.0,1
0.8565036654472351,0.0,1
0.22673936188220978,0.0,1
0.2016562968492508,0.0,1
0.7624954581260681,0.0,1
1.232061743736267,0.0,0
0.5693036913871765,0.0,1
0.04853641241788864,0.0,1
0.5159186124801636,0.0,1
0.3187282681465149,0.0,1
0.19990819692611694,0.0,1
0.574546217918396,0.0,1
0.23007336258888245,0.0,1
0.923961341381073,0.0,0
0.8247907757759094,0.0,1
0.19158706068992615,0.0,1
0.4342791438102722,0.0,1
1.0882412195205688,0.0,0
0.2404969036579132,0.0,1
0.23575612902641296,0.0,1
0.39238184690475464,0.0,1
0.6048546433448792,0.0,1
0.34849023818969727,0.0,1
0.34818920493125916,0.0,1
1.1321641206741333,0.0,0
0.17215284705162048,0.0,1
0.9091068506240845,0.0,0
0.2697722315788269,0.0,1
0.4742768406867981,0.0,1
0.8225666880607605,0.0,1
0.3652802109718323,0.0,1
1.0639668703079224,0.0,0
0.8452967405319214,0.0,1
0.6140308976173401,0.0,1
0.39614346623420715,0.0,1
0.5545169711112976,0.0,1
0.48398342728614807,0.0,1
1.3774585723876953,0.0,0
0.29770195484161377,0.0,1
0.7321208715438843,0.0,1
0.1740511953830719,0.0,1
1.0367367267608643,0.0,0
0.1936454027891159,0.0,1
0.21234862506389618,0.0,1
0.42531299591064453,0.0,1
0.33948370814323425,0.0,1
0.1904119998216629,0.0,1
0.10300622135400772,0.0,1
0.07496032118797302,0.0,1
0.2124926596879959,0.0,1
1.0751973390579224,0.0,0
1.143849492073059,0.0,0
0.23332040011882782,0.0,1
0.4641450047492981,0.0,1
1.1070759296417236,0.0,0
0.1839476376771927,0.0,1
0.3733995258808136,0.0,1
1.066309928894043,0.0,0
0.9318857192993164,0.0,0
0.6777456402778625,0.0,1
0.25844091176986694,0.0,1
0.3743016719818115,0.0,1
0.10746721178293228,0.0,1
0.1458408534526825,0.0,1
1.4843711853027344,0.0,0
0.21214470267295837,0.0,1
0.9964349865913391,0.0,0
0.31716740131378174,0.0,1
0.43422871828079224,0.0,1
0.23625287413597107,0.0,1
1.4247441291809082,0.0,0
0.06526194512844086,0.0,1
0.24528178572654724,0.0,1
0.2761155664920807,0.0,1
0.2961519658565521,0.0,1
1.3300491571426392,0.0,0
1.0196064710617065,0.0,0
1.2577924728393555,0.0,0
0.878217875957489,0.0,0
0.3832404613494873,0.0,1
0.10391072928905487,0.0,1
0.5542586445808411,0.0,1
0.34765690565109253,0.0,1
0.29622069001197815,0.0,1
0.385644793510437,0.0,1
0.16363218426704407,0.0,1
0.7441166043281555,0.0,1
0.655281662940979,0.0,1
0.6112584471702576,0.0,1
0.25041526556015015,0.0,1
0.9200231432914734,0.0,0
0.3261893391609192,0.0,1
0.36683160066604614,0.0,1
0.6033257246017456,0.0,1
0.29224348068237305,0.0,1
1.1439640522003174,0.0,0
0.7464288473129272,0.0,1
0.11224429309368134,0.0,1
0.31427523493766785,0.0,1
0.21993449330329895,0.0,1
1.4678850173950195,0.0,0
0.5478734374046326,0.0,1
1.2187389135360718,0.0,0
0.20914995670318604,0.0,1
0.53702312707901,0.0,1
0.3299475312232971,0.0,1
0.2725815176963806,0.0,1
0.7081501483917236,0.0,1
0.5405123233795166,0.0,1
0.3892686367034912,0.0,1
0.5312756896018982,0.0,1
0.6133270263671875,0.0,1
0.7048535346984863,0.0,1
0.3223905861377716,0.0,1
1.1020991802215576,0.0,0
1.509536623954773,0.0,0
0.8343098759651184,0.0,1
0.8732589483261108,0.0,1
0.9009815454483032,0.0,0
0.89277583360672,0.0,0
0.30076152086257935,0.0,1
0.38696226477622986,0.0,1
0.19649899005889893,0.0,1
0.5812779664993286,0.0,1
0.8030670285224915,0.0,1
0.44231992959976196,0.0,1
1.3761861324310303,0.0,0
0.33180248737335205,0.0,1
0.5856583714485168,0.0,1
0.24551185965538025,0.0,1
0.4419824182987213,0.0,1
0.35664477944374084,0.0,1
0.5248398780822754,0.0,1
0.21304520964622498,0.0,1
0.977939784526825,0.0,0
0.13790206611156464,0.0,1
0.6239022612571716,0.0,1
0.28817835450172424,0.0,1
0.32380956411361694,0.0,1
0.2079850137233734,0.0,1
0.1277412623167038,0.0,1
0.42448633909225464,0.0,1
1.2635037899017334,0.0,0
0.37260937690734863,0.0,1
0.5802804827690125,0.0,1
0.1947270929813385,0.0,1
0.028373807668685913,0.0,1
0.862957775592804,0.0,1
0.3435964286327362,0.0,1
0.47041797637939453,0.0,1
0.5318078398704529,0.0,1
0.1786985546350479,0.0,1
0.24881255626678467,0.0,1
0.2495657503604889,0.0,1
1.1022073030471802,0.0,0
0.3970237374305725,0.0,1
0.3953400254249573,0.0,1
1.5850355625152588,0.0,0
0.16050955653190613,0.0,1
0.4563034474849701,0.0,1
0.23656849563121796,0.0,1
0.2549659311771393,0.0,1
1.1952896118164062,0.0,0
0.8889549970626831,0.0,0
0.31149813532829285,0.0,1
0.18977732956409454,0.0,1
0.8436242341995239,0.0,1
0.3215305507183075,0.0,1
0.41312724351882935,0.0,1
0.09336547553539276,0.0,1
0.7266175746917725,0.0,1
0.3812181353569031,0.0,1
0.08981873095035553,0.0,1
0.895991325378418,0.0,0
0.3311730623245239,0.0,1
0.16953179240226746,0.0,1
0.7624965906143188,0.0,1
0.6482046246528625,0.0,1
0.14597567915916443,0.0,1
0.4571037292480469,0.0,1
0.6166235208511353,0.0,1
0.38071537017822266,0.0,1
0.17527762055397034,0.0,1
0.5613497495651245,0.0,1
0.21679005026817322,0.0,1
0.8923479914665222,0.0,0
0.5175145864486694,0.0,1
0.15920084714889526,0.0,1
0.5574760437011719,0.0,1
0.10830650478601456,0.0,1
0.07167334854602814,0.0,1
0.08133214712142944,0.0,1
1.2323812246322632,0.0,0
0.31837940216064453,0.0,1
1.0290727615356445,0.0,0
0.21809515357017517,0.0,1
0.8142076730728149,0.0,1
0.9740629196166992,0.0,0
1.5218956470489502,0.0,0
0.0889187902212143,0.0,1
0.6998593807220459,0.0,1
1.009227991104126,0.0,0
1.130968689918518,0.0,0
0.811613917350769,0.0,1
0.3699585795402527,0.0,1
0.4487174451351166,0.0,1
0.29294058680534363,0.0,1
0.21524640917778015,0.0,1
0.9745276570320129,0.0,0
0.27220040559768677,0.0,1
0.5850998759269714,0.0,1
0.12933912873268127,0.0,1
0.5727638006210327,0.0,1
1.0868808031082153,0.0,0
0.48515987396240234,0.0,1
0.5994896292686462,0.0,1
0.03730018436908722,0.0,1
0.09754104167222977,0.0,1
1.2745954990386963,0.0,0
1.0669564008712769,0.0,0
0.6497227549552917,0.0,1
0.9941774606704712,0.0,0
1.133454442024231,0.0,0
0.9652121663093567,0.0,0
0.4741378426551819,0.0,1
0.27446243166923523,0.0,1
1.1936132907867432,0.0,0
0.26272663474082947,0.0,1
0.669426679611206,0.0,1
1.0626013278961182,0.0,0
0.6353195905685425,0.0,1
0.39117977023124695,0.0,1
0.8688135147094727,0.0,1
0.713101863861084,0.0,1
0.26787763833999634,0.0,1
0.31359586119651794,0.0,1
0.3515096604824066,0.0,1
0.9500409960746765,0.0,0
0.302640825510025,0.0,1
0.18328803777694702,0.0,1
0.17788317799568176,0.0,1
0.1253853589296341,0.0,1
0.06376023590564728,0.0,1
0.5751659274101257,0.0,1
1.0809118747711182,0.0,0
0.17943896353244781,0.0,1
0.657227098941803,0.0,1
0.2248520851135254,0.0,1
0.8985806703567505,0.0,0
0.30055689811706543,0.0,1
0.3333231210708618,0.0,1
1.0997672080993652,0.0,0
1.2141015529632568,0.0,0
0.8046014904975891,0.0,1
0.11642563343048096,0.0,1
0.1784701645374298,0.0,1
0.11037228256464005,0.0,1
0.16728825867176056,0.0,1
1.1771736145019531,0.0,0
0.5283566117286682,0.0,1
0.7386676073074341,0.0,1
0.025767546147108078,0.0,1
0.35474348068237305,0.0,1
0.570144772529602,0.0,1
0.33663302659988403,0.0,1
0.19114983081817627,0.0,1
0.633233368396759,0.0,1
0.2605910003185272,0.0,1
1.0044455528259277,0.0,0
0.29606372117996216,0.0,1
1.3483928442001343,0.0,0
0.4571101665496826,0.0,1
0.8784125447273254,0.0,0
0.7269229292869568,0.0,1
0.5914698839187622,0.0,1
0.4684758186340332,0.0,1
0.15454503893852234,0.0,1
0.2411905974149704,0.0,1
0.5688036680221558,0.0,1
1.3259836435317993,0.0,0
0.10333132743835449,0.0,1
0.3898555636405945,0.0,1
1.12991464138031,0.0,0
0.1546763777732849,0.0,1
1.0574613809585571,0.0,0
0.17773161828517914,0.0,1
0.6544954776763916,0.0,1
0.4507285952568054,0.0,1
0.4011487364768982,0.0,1
0.6839293241500854,0.0,1
1.1151084899902344,0.0,0
0.15045684576034546,0.0,1
0.7003854513168335,0.0,1
0.36922749876976013,0.0,1
0.4430777430534363,0.0,1
0.43854275345802307,0.0,1
0.316922128200531,0.0,1
0.4039507806301117,0.0,1
0.4848349988460541,0.0,1
0.5349680781364441,0.0,1
0.1421326994895935,0.0,1
0.21745765209197998,0.0,1
1.5588101148605347,0.0,0
0.1925468146800995,0.0,1
0.4960702061653137,0.0,1
0.7512855529785156,0.0,1
0.2021549642086029,0.0,1
0.48923999071121216,0.0,1
0.36428749561309814,0.0,1
0.6013370752334595,0.0,1
0.4604512155056,0.0,1
0.1287441998720169,0.0,1
0.5779073238372803,0.0,1
0.42603594064712524,0.0,1
1.4367872476577759,0.0,0
1.3451237678527832,0.0,0
0.3546063303947449,0.0,1
0.29554522037506104,0.0,1
0.20159193873405457,0.0,1
0.22496028244495392,0.0,1
0.789509654045105,0.0,1
1.5651562213897705,0.0,0
0.2672886848449707,0.0,1
0.06819839775562286,0.0,1
0.13991263508796692,0.0,1
0.954881489276886,0.0,0
0.4493717551231384,0.0,1
0.12520743906497955,0.0,1
0.9952592849731445,0.0,0
0.7171138525009155,0.0,1
0.6707741022109985,0.0,1
0.5071784257888794,0.0,1
0.20136837661266327,0.0,1
0.3893997073173523,0.0,1
0.2563938498497009,0.0,1
0.5482050180435181,0.0,1
0.11086924374103546,0.0,1
0.035717837512493134,0.0,1
0.08036916702985764,0.0,1
0.2262934446334839,0.0,1
1.0173490047454834,0.0,0
0.2292238473892212,0.0,1
0.43871206045150757,0.0,1
0.8598276972770691,0.0,1
0.08643761277198792,0.0,1
0.14156591892242432,0.0,1
1.321189522743225,0.0,0
0.2947315573692322,0.0,1
0.7625843286514282,0.0,1
0.25588929653167725,0.0,1
0.5212007164955139,0.0,1
0.12674467265605927,0.0,1
0.29854699969291687,0.0,1
0.43895062804222107,0.0,1
1.073559045791626,0.0,0
0.8561089634895325,0.0,1
0.08350643515586853,0.0,1
0.25654760003089905,0.0,1
0.35812312364578247,0.0,1
0.10653194040060043,0.0,1
0.9388381838798523,0.0,0
0.21842870116233826,0.0,1
0.7530320882797241,0.0,1
0.17123983800411224,0.0,1
0.15228436887264252,0.0,1
0.13079608976840973,0.0,1
0.24047622084617615,0.0,1
1.393097162246704,0.0,0
1.2111974954605103,0.0,0
0.6907303929328918,0.0,1
0.8753283619880676,0.0,0
0.5749658942222595,0.0,1
0.11833606660366058,0.0,1
1.6715688705444336,0.0,0
0.22877247631549835,0.0,1
0.1300405114889145,0.0,1
0.40449613332748413,0.0,1
0.613012433052063,0.0,1
0.15392491221427917,0.0,1
0.9241460561752319,0.0,0
0.099392831325531,0.0,1
0.2278524935245514,0.0,1
1.440826416015625,0.0,0
0.47174516320228577,0.0,1
0.44829297065734863,0.0,1
1.0551350116729736,0.0,0
0.6729986667633057,0.0,1
0.5919739007949829,0.0,1
0.6004201173782349,0.0,1
0.0578182116150856,0.0,1
1.1215498447418213,0.0,0
0.7368905544281006,0.0,1
0.14133450388908386,0.0,1
0.6842420101165771,0.0,1
0.21690912544727325,0.0,1
1.4257267713546753,0.0,0
0.1602177619934082,0.0,1
1.095548391342163,0.0,0
0.31005167961120605,0.0,1
0.7786203622817993,0.0,1
0.40695732831954956,0.0,1
0.13245940208435059,0.0,1
0.7738925814628601,0.0,1
0.027002444490790367,0.0,1
1.3249155282974243,0.0,0
0.8876482844352722,0.0,0
0.40479397773742676,0.0,1
1.4864665269851685,0.0,0
0.6877582669258118,0.0,1
1.072607398033142,0.0,0
1.1908738613128662,0.0,0
0.7358043193817139,0.0,1
0.2898203432559967,0.0,1
0.06846252083778381,0.0,1
0.44680649042129517,0.0,1
0.23094475269317627,0.0,1
1.195766806602478,0.0,0
0.3583123981952667,0.0,1
0.6138900518417358,0.0,1
1.0619033575057983,0.0,0
0.16054609417915344,0.0,1
0.6440874338150024,0.0,1
0.37766021490097046,0.0,1
0.8140209317207336,0.0,1
1.0709491968154907,0.0,0
1.1236183643341064,0.0,0
0.19351932406425476,0.0,1
0.8031822443008423,0.0,1
0.5396965742111206,0.0,1
0.4642695486545563,0.0,1
0.24870677292346954,0.0,1
0.29469960927963257,0.0,1
0.9903877973556519,0.0,0
1.0541743040084839,0.0,0
0.21787063777446747,0.0,1
0.7756562232971191,0.0,1
0.15701203048229218,0.0,1
0.43911442160606384,0.0,1
0.18032416701316833,0.0,1
0.7452892661094666,0.0,1
0.9398330450057983,0.0,0
0.2602088749408722,0.0,1
1.023701786994934,0.0,0
0.07110743969678879,0.0,1
0.32558080554008484,0.0,1
0.3003700375556946,0.0,1
0.35686904191970825,0.0,1
1.580971121788025,0.0,0
0.23102860152721405,0.0,1
1.2871692180633545,0.0,0
1.5249340534210205,0.0,0
0.740483283996582,0.0,1
0.2565288543701172,0.0,1
0.42906612157821655,0.0,1
0.4592728614807129,0.0,1
0.22866804897785187,0.0,1
0.8793215751647949,0.0,0
0.11625029146671295,0.0,1
1.2287453413009644,0.0,0
0.12955453991889954,0.0,1
0.4756450653076172,0.0,1
0.8043192028999329,0.0,1
0.47803035378456116,0.0,1
0.23520398139953613,0.0,1
0.8174934387207031,0.0,1
0.9705322980880737,0.0,0
0.9083336591720581,0.0,0
0.18891394138336182,0.0,1
0.9337523579597473,0.0,0
0.15097860991954803,0.0,1
0.13529068231582642,0.0,1
0.5661070942878723,0.0,1
0.14003685116767883,0.0,1
0.5957003831863403,0.0,1
0.3272617757320404,0.0,1
0.18039798736572266,0.0,1
0.5639251470565796,0.0,1
1.3961033821105957,0.0,0
0.30587491393089294,0.0,1
1.68661630153656,0.0,0
0.4962489604949951,0.0,1
0.10866206884384155,0.0,1
0.4594220221042633,0.0,1
0.8446574211120605,0.0,1
0.41525691747665405,0.0,1
0.24282105267047882,0.0,1
0.14691007137298584,0.0,1
0.2668725848197937,0.0,1
0.23788300156593323,0.0,1
0.5463417172431946,0.0,1
0.30069130659103394,0.0,1
0.6430046558380127,0.0,1
1.0735734701156616,0.0,0
0.17531897127628326,0.0,1
0.06837532669305801,0.0,1
1.3280184268951416,0.0,0
0.20469999313354492,0.0,1
1.6426750421524048,0.0,0
0.040165387094020844,0.0,1
1.0277998447418213,0.0,0
0.14768877625465393,0.0,1
0.21073153614997864,0.0,1
0.8105562925338745,0.0,1
0.07560276985168457,0.0,1
1.4797852039337158,0.0,0
0.10738352686166763,0.0,1
1.1695401668548584,0.0,0
0.5233801603317261,0.0,1
0.4609709680080414,0.0,1
1.3400756120681763,0.0,0
0.8090664744377136,0.0,1
0.7461124658584595,0.0,1
0.46149325370788574,0.0,1
0.09736057370901108,0.0,1
0.41038188338279724,0.0,1
0.6429057121276855,0.0,1
0.5364430546760559,0.0,1
1.1029150485992432,0.0,0
0.7685073018074036,0.0,1
1.3643187284469604,0.0,0
0.7235313653945923,0.0,1
0.7284416556358337,0.0,1
0.5721694231033325,0.0,1
0.8549110293388367,0.0,1
0.43579453229904175,0.0,1
0.3552536964416504,0.0,1
1.0205659866333008,0.0,0
0.41168123483657837,0.0,1
0.033170416951179504,0.0,1
0.3631719946861267,0.0,1
0.6676041483879089,0.0,1
0.6340773701667786,0.0,1
0.44655346870422363,0.0,1
0.12049450725317001,0.0,1
0.1274494230747223,0.0,1
0.29776957631111145,0.0,1
0.28270262479782104,0.0,1
0.2911902070045471,0.0,1
1.2306411266326904,0.0,0
0.2723556160926819,0.0,1
0.6954001188278198,0.0,1
0.15614119172096252,0.0,1
0.3042747378349304,0.0,1
0.5977990627288818,0.0,1
0.10587038844823837,0.0,1
0.24524089694023132,0.0,1
0.1644369661808014,0.0,1
0.3815653920173645,0.0,1
0.4288995862007141,0.0,1
1.1502786874771118,0.0,0
0.33855345845222473,0.0,1
0.5420812964439392,0.0,1
0.33010250329971313,0.0,1
0.2388487160205841,0.0,1
0.08740929514169693,0.0,1
1.245079755783081,0.0,0
0.0707172229886055,0.0,1
0.7292813658714294,0.0,1
1.364472508430481,0.0,0
0.25449448823928833,0.0,1
0.6531637907028198,0.0,1
0.4461502134799957,0.0,1
0.3223287761211395,0.0,1
0.42402562499046326,0.0,1
0.3779843747615814,0.0,1
0.2359921634197235,0.0,1
0.7557364106178284,0.0,1
0.8001271486282349,0.0,1
1.2417646646499634,0.0,0
0.11363109201192856,0.0,1
0.1977459341287613,0.0,1
1.19875168800354,0.0,0
0.10486909002065659,0.0,1
0.6792252063751221,0.0,1
0.21337208151817322,0.0,1
0.7386298179626465,0.0,1
0.36832502484321594,0.0,1
0.8148053288459778,0.0,1
0.11866559088230133,0.0,1
1.0963319540023804,0.0,0
0.03652963414788246,0.0,1
0.46278849244117737,0.0,1
0.4109509587287903,0.0,1
0.10967757552862167,0.0,1
0.89642733335495,0.0,0
0.51418137550354,0.0,1
0.3456606864929199,0.0,1
0.24224403500556946,0.0,1
0.65635746717453,0.0,1
0.1414177119731903,0.0,1
0.2856929302215576,0.0,1
0.9196321368217468,0.0,0
0.41122961044311523,0.0,1
0.9593269228935242,0.0,0
0.17327332496643066,0.0,1
1.2685637474060059,0.0,0
0.5640865564346313,0.0,1
0.10274866968393326,0.0,1
1.44036865234375,0.0,0
0.2398402988910675,0.0,1
0.7623370289802551,0.0,1
0.5935614705085754,0.0,1
0.3925175666809082,0.0,1
0.9594618082046509,0.0,0
0.4180164933204651,0.0,1
0.6548818349838257,0.0,1
0.11150582134723663,0.0,1
0.1721840798854828,0.0,1
0.5723822116851807,0.0,1
0.230075404047966,0.0,1
0.42323797941207886,0.0,1
0.1605851650238037,0.0,1
0.9070484042167664,0.0,0
0.24629969894886017,0.0,1
0.9427934885025024,0.0,0
0.20286431908607483,0.0,1
0.8377567529678345,0.0,1
0.47972217202186584,0.0,1
0.13975803554058075,0.0,1
0.6659212112426758,0.0,1
0.17139609158039093,0.0,1
0.062304042279720306,0.0,1
0.540418267250061,0.0,1
0.971319854259491,0.0,0
0.323817640542984,0.0,1
0.6088206768035889,0.0,1
0.2939986288547516,0.0,1
0.4019395411014557,0.0,1
0.36954838037490845,0.0,1
1.3803952932357788,0.0,0
0.2828587591648102,0.0,1
0.580548107624054,0.0,1
0.5071155428886414,0.0,1
0.5355859398841858,0.0,1
0.07458431273698807,0.0,1
0.6203394532203674,0.0,1
0.6231182813644409,0.0,1
0.2584286034107208,0.0,1
0.8843154907226562,0.0,0
0.45601969957351685,0.0,1
0.24924735724925995,0.0,1
0.04638776183128357,0.0,1
0.39851826429367065,0.0,1
0.26850244402885437,0.0,1
0.9511140584945679,0.0,0
0.19187018275260925,0.0,1
0.7845567464828491,0.0,1
0.17791765928268433,0.0,1
0.18083401024341583,0.0,1
0.5908095836639404,0.0,1
1.919229507446289,0.0,0
0.1310519129037857,0.0,1
0.2458469420671463,0.0,1
0.27007120847702026,0.0,1
1.2134995460510254,0.0,0
0.20060797035694122,0.0,1
0.3834351897239685,0.0,1
0.6625893712043762,0.0,1
1.0380527973175049,0.0,0
0.3329356610774994,0.0,1
0.2927279472351074,0.0,1
0.8259954452514648,0.0,1
1.4502874612808228,0.0,0
0.8223587274551392,0.0,1
0.866608738899231,0.0,1
0.9153483510017395,0.0,0
0.3626216650009155,0.0,1
0.15625452995300293,0.0,1
1.1705962419509888,0.0,0
0.9760268926620483,0.0,0
1.0266766548156738,0.0,0
1.106190800666809,0.0,0
0.6715513467788696,0.0,1
0.4439086318016052,0.0,1
0.13762348890304565,0.0,1
1.0425938367843628,0.0,0
1.2826472520828247,0.0,0
0.7839938402175903,0.0,1
0.18033212423324585,0.0,1
0.4338133931159973,0.0,1
0.07918699085712433,0.0,1
0.17221246659755707,0.0,1
0.11490494012832642,0.0,1
0.11064324527978897,0.0,1
0.3766159117221832,0.0,1
0.45276182889938354,0.0,1
0.7165505886077881,0.0,1
0.15439742803573608,0.0,1
0.957294762134552,0.0,0
1.462778091430664,0.0,0
0.9731963276863098,0.0,0
0.139617457985878,0.0,1
0.6169615387916565,0.0,1
0.5793384313583374,0.0,1
0.14508311450481415,0.0,1
1.685620903968811,0.0,0
0.37803345918655396,0.0,1
1.616390585899353,0.0,0
0.2568000853061676,0.0,1
1.3195451498031616,0.0,0
0.9900636672973633,0.0,0
0.6424160003662109,0.0,1
0.3196408450603485,0.0,1
1.1320501565933228,0.0,0
0.5232337713241577,0.0,1
0.818890392780304,0.0,1
0.25288358330726624,0.0,1
1.231319785118103,0.0,0
0.3352081775665283,0.0,1
0.31823912262916565,0.0,1
0.7413477301597595,0.0,1
0.26110678911209106,0.0,1
0.2944137752056122,0.0,1
0.1932106912136078,0.0,1
0.5552307963371277,0.0,1
0.18695738911628723,0.0,1
0.15434026718139648,0.0,1
0.6145995855331421,0.0,1
0.9622784852981567,0.0,0
0.7473610639572144,0.0,1
0.3150763213634491,0.0,1
0.2139519900083542,0.0,1
1.6974149942398071,0.0,0
1.3012570142745972,0.0,0
1.0180163383483887,0.0,0
0.33715808391571045,0.0,1
0.2791934609413147,0.0,1
0.029483476653695107,0.0,1
1.0154727697372437,0.0,0
0.3306500315666199,0.0,1
1.0519773960113525,0.0,0
1.4082998037338257,0.0,0
1.3669459819793701,0.0,0
0.3513246178627014,0.0,1
0.8476980328559875,0.0,1
0.8796958923339844,0.0,0
0.024616548791527748,0.0,1
0.11943040043115616,0.0,1
0.6435481309890747,0.0,1
0.49920567870140076,0.0,1
0.6471125483512878,0.0,1
0.17100633680820465,0.0,1
0.4783691465854645,0.0,1
0.08255104720592499,0.0,1
0.19001276791095734,0.0,1
0.03666596859693527,0.0,1
0.21264854073524475,0.0,1
0.24090997874736786,0.0,1
0.36269861459732056,0.0,1
1.6022287607192993,0.0,0
0.6480239629745483,0.0,1
0.17458860576152802,0.0,1
0.17796388268470764,0.0,1
0.6176320910453796,0.0,1
0.1609364002943039,0.0,1
0.22926843166351318,0.0,1
0.4932217597961426,0.0,1
0.4431278705596924,0.0,1
0.4736669063568115,0.0,1
0.46247172355651855,0.0,1
0.24459779262542725,0.0,1
1.2736890316009521,0.0,0
0.4857611060142517,0.0,1
0.35629457235336304,0.0,1
0.14228327572345734,0.0,1
0.5729663372039795,0.0,1
0.24456779658794403,0.0,1
0.32704734802246094,0.0,1
0.1585608869791031,0.0,1
1.3194653987884521,0.0,0
0.08126391470432281,0.0,1
0.21815672516822815,0.0,1
0.8345884084701538,0.0,1
1.451278805732727,0.0,0
0.2009771317243576,0.0,1
0.33239707350730896,0.0,1
0.24401727318763733,0.0,1
0.2925502359867096,0.0,1
0.6255809664726257,0.0,1
0.33236491680145264,0.0,1
0.19118915498256683,0.0,1
0.2054416388273239,0.0,1
0.6719817519187927,0.0,1
0.10702673345804214,0.0,1
0.40657609701156616,0.0,1
0.24715355038642883,0.0,1
1.5443941354751587,0.0,0
0.12403492629528046,0.0,1
0.2231387197971344,0.0,1
0.7096251845359802,0.0,1
1.337899088859558,0.0,0
1.0493921041488647,0.0,0
0.41210508346557617,0.0,1
0.9265317916870117,0.0,0
0.7954416275024414,0.0,1
0.9634908437728882,0.0,0
0.31274664402008057,0.0,1
0.3042784333229065,0.0,1
0.24927838146686554,0.0,1
0.554879903793335,0.0,1
0.4085894525051117,0.0,1
0.6279151439666748,0.0,1
0.2985408902168274,0.0,1
0.8657755851745605,0.0,1
0.30184173583984375,0.0,1
0.8418163061141968,0.0,1
0.12995973229408264,0.0,1
0.8075722455978394,0.0,1
0.5130195617675781,0.0,1
0.528033435344696,0.0,1
1.0333552360534668,0.0,0
0.35985392332077026,0.0,1
0.6632806062698364,0.0,1
1.181945562362671,0.0,0
0.2904178500175476,0.0,1
1.798405408859253,0.0,0
1.0026273727416992,0.0,0
0.7452653646469116,0.0,1
0.07389981299638748,0.0,1
0.15406715869903564,0.0,1
1.3916130065917969,0.0,0
1.7809584140777588,0.0,0
0.6058673858642578,0.0,1
0.3647669851779938,0.0,1
0.48240232467651367,0.0,1
0.13933423161506653,0.0,1
0.36546021699905396,0.0,1
0.5324946641921997,0.0,1
0.7174533605575562,0.0,1
0.07642942667007446,0.0,1
0.14152206480503082,0.0,1
0.8487758636474609,0.0,1
0.1475267857313156,0.0,1
0.2702496647834778,0.0,1
0.3197742700576782,0.0,1
0.6503148674964905,0.0,1
1.4720146656036377,0.0,0
0.30382031202316284,0.0,1
0.5867701172828674,0.0,1
0.036240629851818085,0.0,1
0.2839791178703308,0.0,1
0.25573834776878357,0.0,1
0.5648502707481384,0.0,1
0.960161566734314,0.0,0
1.1457949876785278,0.0,0
0.16523481905460358,0.0,1
0.2432805746793747,0.0,1
0.36675137281417847,0.0,1
0.24340172111988068,0.0,1
0.2624741792678833,0.0,1
0.24149176478385925,0.0,1
0.1659931093454361,0.0,1
0.35617753863334656,0.0,1
0.45389223098754883,0.0,1
0.4912312924861908,0.0,1
1.0052239894866943,0.0,0
0.45131778717041016,0.0,1
0.652513325214386,0.0,1
0.30223363637924194,0.0,1
0.1397680938243866,0.0,1
0.3806608021259308,0.0,1
0.4950501024723053,0.0,1
0.22794723510742188,0.0,1
0.24997124075889587,0.0,1
0.40447336435317993,0.0,1
0.3553706407546997,0.0,1
1.327761173248291,0.0,0
0.5685808062553406,0.0,1
0.3194245398044586,0.0,1
0.06373758614063263,0.0,1
0.5764366984367371,0.0,1
0.1069500595331192,0.0,1
1.1296850442886353,0.0,0
0.2634699046611786,0.0,1
0.9173139333724976,0.0,0
0.40765380859375,0.0,1
1.1871103048324585,0.0,0
0.5680249929428101,0.0,1
0.04220307618379593,0.0,1
0.26249241828918457,0.0,1
1.2486308813095093,0.0,0
1.5366188287734985,0.0,0
0.7704501152038574,0.0,1
0.4388316571712494,0.0,1
0.15630289912223816,0.0,1
0.6204239130020142,0.0,1
0.8757005929946899,0.0,0
0.029736537486314774,0.0,1
0.31636837124824524,0.0,1
0.4804771840572357,0.0,1
1.5114284753799438,0.0,0
1.3019570112228394,0.0,0
0.5320279598236084,0.0,1
0.12253831326961517,0.0,1
0.26413029432296753,0.0,1
0.4313841760158539,0.0,1
0.07565665245056152,0.0,1
0.4933127760887146,0.0,1
0.3183564245700836,0.0,1
1.156891107559204,0.0,0
0.9021976590156555,0.0,0
0.21516719460487366,0.0,1
0.15246029198169708,0.0,1
0.42724499106407166,0.0,1
0.9018640518188477,0.0,0
0.2065613716840744,0.0,1
0.32501310110092163,0.0,1
0.08991248905658722,0.0,1
0.9376388788223267,0.0,0
0.5658741593360901,0.0,1
0.9288550615310669,0.0,0
0.33603039383888245,0.0,1
0.49795466661453247,0.0,1
0.5875014066696167,0.0,1
1.0554221868515015,0.0,0
0.8329449892044067,0.0,1
0.8750311136245728,0.0,0
0.3076287508010864,0.0,1
1.089226245880127,0.0,0
0.5153528451919556,0.0,1
0.08515092730522156,0.0,1
0.48278141021728516,1.0,1
0.3728722929954529,1.0,1
0.32370510697364807,1.0,1
0.4847278594970703,1.0,1
0.37371450662612915,1.0,1
0.30689430236816406,1.0,1
0.5116580724716187,1.0,1
0.7427914142608643,1.0,1
0.7883748412132263,1.0,1
0.3685738444328308,1.0,1
0.9322643280029297,1.0,0
0.1099359542131424,1.0,1
0.5515740513801575,1.0,1
0.4879051148891449,1.0,1
0.13057103753089905,1.0,1
0.34563788771629333,1.0,1
0.9475796818733215,1.0,0
0.5418242812156677,1.0,1
0.7697721719741821,1.0,1
0.23189055919647217,1.0,1
0.33594316244125366,1.0,1
0.2850393056869507,1.0,1
0.27726560831069946,1.0,1
0.1433812826871872,1.0,1
0.14955970644950867,1.0,1
0.33713918924331665,1.0,1
0.733165979385376,1.0,1
0.1981482207775116,1.0,1
0.5655549168586731,1.0,1
0.19412434101104736,1.0,1
0.16026253998279572,1.0,1
0.46800389885902405,1.0,1
0.15717384219169617,1.0,1
0.27560657262802124,1.0,1
1.4191391468048096,1.0,0
0.2393297255039215,1.0,1
0.7406575083732605,1.0,1
0.17113050818443298,1.0,1
0.5434347987174988,1.0,1
0.05467837303876877,1.0,1
0.17044386267662048,1.0,1
0.25789138674736023,1.0,1
0.5709998607635498,1.0,1
0.4210227131843567,1.0,1
0.6119850277900696,1.0,1
0.7965317964553833,1.0,1
1.456449031829834,1.0,0
0.3649468421936035,1.0,1
0.4067854881286621,1.0,1
0.0834004357457161,1.0,1
0.591960072517395,1.0,1
0.7161957025527954,1.0,1
0.46156659722328186,1.0,1
0.1532723605632782,1.0,1
0.8729387521743774,1.0,1
0.17222687602043152,1.0,1
0.7403383255004883,1.0,1
0.2759750485420227,1.0,1
0.2034345120191574,1.0,1
0.9634677171707153,1.0,0
0.1413814127445221,1.0,1
0.6985815167427063,1.0,1
0.3042248785495758,1.0,1
0.27611321210861206,1.0,1
1.214483618736267,1.0,0
0.14910301566123962,1.0,1
0.06583762168884277,1.0,1
0.1992017924785614,1.0,1
0.4033353328704834,1.0,1
1.0711004734039307,1.0,0
0.1961107701063156,1.0,1
0.6133577227592468,1.0,1
0.18457460403442383,1.0,1
0.5395766496658325,1.0,1
0.6826796531677246,1.0,1
0.5487055778503418,1.0,1
0.13409265875816345,1.0,1
0.4187454283237457,1.0,1
0.38252463936805725,1.0,1
0.23158375918865204,1.0,1
0.47514238953590393,1.0,1
0.06963232159614563,1.0,1
0.26155003905296326,1.0,1
0.3387441337108612,1.0,1
0.5643202662467957,1.0,1
0.39809364080429077,1.0,1
0.20556125044822693,1.0,1
0.6545878648757935,1.0,1
0.3318266272544861,1.0,1
0.686458945274353,1.0,1
0.37627726793289185,1.0,1
0.2795913517475128,1.0,1
0.3612796366214752,1.0,1
0.5359072089195251,1.0,1
0.1743393838405609,1.0,1
0.4345681667327881,1.0,1
0.3518427312374115,1.0,1
0.6796707510948181,1.0,1
0.3526308536529541,1.0,1
0.48668161034584045,1.0,1
0.45045265555381775,1.0,1
0.9130517840385437,1.0,0
0.16833685338497162,1.0,1
0.6533173322677612,1.0,1
0.6439419984817505,1.0,1
0.30293452739715576,1.0,1
0.8182023167610168,1.0,1
1.0933811664581299,1.0,0
0.4885941445827484,1.0,1
0.5832206010818481,1.0,1
0.27231305837631226,1.0,1
1.0550814867019653,1.0,0
0.6964792013168335,1.0,1
0.3840181827545166,1.0,1
0.8727739453315735,1.0,1
0.1796092987060547,1.0,1
0.8682346343994141,1.0,1
0.33429577946662903,1.0,1
0.32850226759910583,1.0,1
0.040795717388391495,1.0,1
0.3669353127479553,1.0,1
0.3584379255771637,1.0,1
0.10857497155666351,1.0,1
0.2675321698188782,1.0,1
0.9789994359016418,1.0,0
0.27505403757095337,1.0,1
0.6523368954658508,1.0,1
0.6500104069709778,1.0,1
0.1926879584789276,1.0,1
0.5991328358650208,1.0,1
0.9266327023506165,1.0,0
0.456138551235199,1.0,1
0.5500262379646301,1.0,1
0.9094527363777161,1.0,0
0.537101686000824,1.0,1
0.25806617736816406,1.0,1
0.36943715810775757,1.0,1
0.17188113927841187,1.0,1
0.5277267098426819,1.0,1
0.3397451639175415,1.0,1
0.5335907340049744,1.0,1
0.28770703077316284,1.0,1
0.2846165895462036,1.0,1
0.30780330300331116,1.0,1
0.4155466556549072,1.0,1
0.5311751365661621,1.0,1
0.12552466988563538,1.0,1
0.48426538705825806,1.0,1
0.38244304060935974,1.0,1
0.753434956073761,1.0,1
0.4980761408805847,1.0,1
0.16472046077251434,1.0,1
0.4494245648384094,1.0,1
0.3691750168800354,1.0,1
0.2625129818916321,1.0,1
0.5262506008148193,1.0,1
0.25066035985946655,1.0,1
0.3070375919342041,1.0,1
0.8565607070922852,1.0,1
0.43197932839393616,1.0,1
0.4555376172065735,1.0,1
0.8701335787773132,1.0,1
0.28325745463371277,1.0,1
0.3253768980503082,1.0,1
0.9069896936416626,1.0,0
0.6065553426742554,1.0,1
0.3318605422973633,1.0,1
0.17717817425727844,1.0,1
0.36979323625564575,1.0,1
0.32538557052612305,1.0,1
0.32874801754951477,1.0,1
0.8694497346878052,1.0,1
0.09446694701910019,1.0,1
0.4272007346153259,1.0,1
0.6791194677352905,1.0,1
0.3791095018386841,1.0,1
1.6469504833221436,1.0,0
0.21284563839435577,1.0,1
0.5521344542503357,1.0,1
0.8544037938117981,1.0,1
0.7853174209594727,1.0,1
0.18197321891784668,1.0,1
0.3589831590652466,1.0,1
0.5539122223854065,1.0,1
0.3262072205543518,1.0,1
0.879732608795166,1.0,0
0.5534740686416626,1.0,1
0.16665498912334442,1.0,1
0.566391110420227,1.0,1
0.28944557905197144,1.0,1
0.24770434200763702,1.0,1
0.3240123391151428,1.0,1
0.18586020171642303,1.0,1
0.6197212934494019,1.0,1
0.09373044967651367,1.0,1
0.38835495710372925,1.0,1
0.3999493420124054,1.0,1
0.2873905301094055,1.0,1
0.4295949935913086,1.0,1
0.19540512561798096,1.0,1
0.7435497045516968,1.0,1
0.43902668356895447,1.0,1
0.8376544117927551,1.0,1
0.29182159900665283,1.0,1
0.3984740376472473,1.0,1
0.4861918091773987,1.0,1
0.3904380202293396,1.0,1
0.07697055488824844,1.0,1
0.7297186851501465,1.0,1
0.05640065670013428,1.0,1
0.2952415943145752,1.0,1
0.4804765582084656,1.0,1
0.3111637830734253,1.0,1
0.6051594614982605,1.0,1
0.7268016934394836,1.0,1
0.06314742565155029,1.0,1
0.4461587071418762,1.0,1
0.4523208737373352,1.0,1
0.7361328601837158,1.0,1
0.5264749526977539,1.0,1
0.4327031970024109,1.0,1
0.43627628684043884,1.0,1
1.016502022743225,1.0,0
0.8368865847587585,1.0,1
0.1240876093506813,1.0,1
0.32604309916496277,1.0,1
0.2174905240535736,1.0,1
0.19077271223068237,1.0,1
0.36505597829818726,1.0,1
0.15288367867469788,1.0,1
0.35751694440841675,1.0,1
0.3152472972869873,1.0,1
0.773945689201355,1.0,1
0.1357952058315277,1.0,1
0.39110666513442993,1.0,1
0.6724972724914551,1.0,1
0.12495321035385132,1.0,1
0.19719906151294708,1.0,1
0.34303921461105347,1.0,1
0.3514777421951294,1.0,1
0.5824044346809387,1.0,1
0.4575749337673187,1.0,1
0.40036192536354065,1.0,1
0.6721912622451782,1.0,1
0.1466035395860672,1.0,1
0.21560482680797577,1.0,1
0.318895161151886,1.0,1
0.6469956636428833,1.0,1
0.40704861283302307,1.0,1
0.23386044800281525,1.0,1
0.3138185143470764,1.0,1
0.2322581708431244,1.0,1
0.8178733587265015,1.0,1
0.8357318043708801,1.0,1
0.7055263519287109,1.0,1
0.727009654045105,1.0,1
0.17214426398277283,1.0,1
0.16256634891033173,1.0,1
0.1109582930803299,1.0,1
0.12368083000183105,1.0,1
0.5319451093673706,1.0,1
0.176515132188797,1.0,1
0.4288846552371979,1.0,1
0.35014769434928894,1.0,1
0.5584198236465454,1.0,1
0.9311904907226562,1.0,0
0.3117605149745941,1.0,1
0.23931267857551575,1.0,1
0.48360124230384827,1.0,1
0.7479382753372192,1.0,1
0.37428274750709534,1.0,1
0.621306300163269,1.0,1
0.8126864433288574,1.0,1
0.5202638506889343,1.0,1
0.4184882640838623,1.0,1
0.8833554983139038,1.0,0
0.3021860718727112,1.0,1
0.38961419463157654,1.0,1
0.35148343443870544,1.0,1
1.079646348953247,1.0,0
0.2953748404979706,1.0,1
0.4472135901451111,1.0,1
0.326937198638916,1.0,1
0.6154300570487976,1.0,1
0.7302140593528748,1.0,1
0.6539746522903442,1.0,1
0.49216899275779724,1.0,1
0.6464646458625793,1.0,1
0.2943199574947357,1.0,1
0.7555649876594543,1.0,1
0.7025470733642578,1.0,1
0.27427104115486145,1.0,1
0.26511555910110474,1.0,1
0.4414978623390198,1.0,1
0.35686761140823364,1.0,1
0.14303439855575562,1.0,1
0.1246723160147667,1.0,1
0.6466009616851807,1.0,1
0.8263968229293823,1.0,1
0.1480824053287506,1.0,1
0.18138937652111053,1.0,1
0.17948497831821442,1.0,1
0.9018741846084595,1.0,0
0.5158381462097168,1.0,1
0.3458767533302307,1.0,1
0.44849467277526855,1.0,1
0.44110044836997986,1.0,1
0.771891176700592,1.0,1
0.5671278238296509,1.0,1
0.37396663427352905,1.0,1
0.23712334036827087,1.0,1
0.5812633633613586,1.0,1
0.2453361302614212,1.0,1
1.1409213542938232,1.0,0
0.36733466386795044,1.0,1
1.024477243423462,1.0,0
0.17364534735679626,1.0,1
0.620214581489563,1.0,1
0.11164121329784393,1.0,1
0.18010714650154114,1.0,1
0.0738174095749855,1.0,1
0.4401138722896576,1.0,1
0.4409133791923523,1.0,1
0.8971241116523743,1.0,0
0.9505403637886047,1.0,0
0.2003917694091797,1.0,1
0.8577297329902649,1.0,1
0.4883744716644287,1.0,1
0.09361117333173752,1.0,1
0.0940324068069458,1.0,1
0.1703861504793167,1.0,1
0.1665225476026535,1.0,1
0.8837041854858398,1.0,0
0.4904050827026367,1.0,1
0.5088399648666382,1.0,1
0.5909339189529419,1.0,1
0.405526340007782,1.0,1
0.7924904227256775,1.0,1
0.7517052888870239,1.0,1
0.7762168049812317,1.0,1
0.44329866766929626,1.0,1
0.2842009663581848,1.0,1
0.5996259450912476,1.0,1
0.17279067635536194,1.0,1
0.5571194291114807,1.0,1
0.6183315515518188,1.0,1
0.2804679274559021,1.0,1
0.44089803099632263,1.0,1
0.047318775206804276,1.0,1
1.0766091346740723,1.0,0
0.5687040090560913,1.0,1
0.16302065551280975,1.0,1
0.7680537104606628,1.0,1
0.7128695249557495,1.0,1
0.6775616407394409,1.0,1
0.33085116744041443,1.0,1
0.4485381543636322,1.0,1
0.4280584752559662,1.0,1
0.4673590660095215,1.0,1
0.7235189080238342,1.0,1
0.8258037567138672,1.0,1
0.7931807041168213,1.0,1
0.6922179460525513,1.0,1
0.5644175410270691,1.0,1
0.45250606536865234,1.0,1
0.9297351837158203,1.0,0
0.44389286637306213,1.0,1
0.19420801103115082,1.0,1
0.3328245282173157,1.0,1
0.2757207453250885,1.0,1
0.8406429290771484,1.0,1
0.6361041069030762,1.0,1
0.2694259285926819,1.0,1
0.25662049651145935,1.0,1
0.36261898279190063,1.0,1
0.3783652186393738,1.0,1
0.0645395964384079,1.0,1
0.48086732625961304,1.0,1
0.6514613628387451,1.0,1
0.6195430159568787,1.0,1
1.0128122568130493,1.0,0
0.11371354758739471,1.0,1
0.6822656989097595,1.0,1
0.16249576210975647,1.0,1
0.45235997438430786,1.0,1
0.6827993988990784,1.0,1
0.1621178537607193,1.0,1
0.35068458318710327,1.0,1
0.24128457903862,1.0,1
0.1450662910938263,1.0,1
0.9288361668586731,1.0,0
0.22336463630199432,1.0,1
0.554632306098938,1.0,1
0.942055344581604,1.0,0
0.7685645222663879,1.0,1
0.27238571643829346,1.0,1
0.4536806046962738,1.0,1
0.6783772110939026,1.0,1
0.4740425646305084,1.0,1
1.18917715549469,1.0,0
0.5714038610458374,1.0,1
0.5806788206100464,1.0,1
0.3769248127937317,1.0,1
0.3238489627838135,1.0,1
0.4422276020050049,1.0,1
0.7368589639663696,1.0,1
0.4478592872619629,1.0,1
0.35554948449134827,1.0,1
0.09981630742549896,1.0,1
0.40176087617874146,1.0,1
0.8432725667953491,1.0,1
0.5509782433509827,1.0,1
0.3451841175556183,1.0,1
0.34879064559936523,1.0,1
0.5500558018684387,1.0,1
0.07812406122684479,1.0,1
0.37574705481529236,1.0,1
0.5046759843826294,1.0,1
0.30591070652008057,1.0,1
0.0804097056388855,1.0,1
0.2216925173997879,1.0,1
1.2191178798675537,1.0,0
0.4019020199775696,1.0,1
0.26938483119010925,1.0,1
0.1454780399799347,1.0,1
0.1540907323360443,1.0,1
1.0197930335998535,1.0,0
0.21206288039684296,1.0,1
0.20893779397010803,1.0,1
0.3015862703323364,1.0,1
0.7569705843925476,1.0,1
1.253509759902954,1.0,0
0.27923375368118286,1.0,1
0.6028048396110535,1.0,1
0.6470381021499634,1.0,1
0.7310606241226196,1.0,1
0.5891194343566895,1.0,1
0.8790923357009888,1.0,0
0.5185458064079285,1.0,1
0.4587806165218353,1.0,1
0.3959232568740845,1.0,1
0.8696830868721008,1.0,1
0.5762808322906494,1.0,1
0.4309864938259125,1.0,1
0.8599432110786438,1.0,1
1.1803041696548462,1.0,0
0.6837263107299805,1.0,1
0.7656459808349609,1.0,1
0.30891162157058716,1.0,1
0.38063982129096985,1.0,1
0.22699899971485138,1.0,1
0.38890159130096436,1.0,1
0.5110216736793518,1.0,1
0.2001887857913971,1.0,1
0.41400256752967834,1.0,1
0.7895815968513489,1.0,1
0.2786678671836853,1.0,1
0.3506435751914978,1.0,1
0.18344393372535706,1.0,1
0.3551044762134552,1.0,1
0.1413954347372055,1.0,1
0.18136641383171082,1.0,1
0.2817554473876953,1.0,1
0.20401489734649658,1.0,1
0.7061163187026978,1.0,1
0.24976389110088348,1.0,1
1.1322522163391113,1.0,0
0.810012936592102,1.0,1
0.7081190943717957,1.0,1
0.40215325355529785,1.0,1
0.5111086964607239,1.0,1
0.4927855432033539,1.0,1
0.4343790113925934,1.0,1
0.5573548078536987,1.0,1
0.3504261374473572,1.0,1
0.03611990064382553,1.0,1
0.14939862489700317,1.0,1
0.029516953974962234,1.0,1
0.14490529894828796,1.0,1
0.27911606431007385,1.0,1
0.5913888216018677,1.0,1
0.20821717381477356,1.0,1
0.7831064462661743,1.0,1
0.2605428099632263,1.0,1
0.16864976286888123,1.0,1
0.16134898364543915,1.0,1
0.5615895390510559,1.0,1
0.5400539636611938,1.0,1
0.41368842124938965,1.0,1
0.4796796441078186,1.0,1
0.5951077342033386,1.0,1
0.6219325661659241,1.0,1
0.6409202814102173,1.0,1
0.08549176901578903,1.0,1
0.2065851241350174,1.0,1
0.9875614047050476,1.0,0
0.52482008934021,1.0,1
0.6946223974227905,1.0,1
1.4120140075683594,1.0,0
0.3658928871154785,1.0,1
0.4061132073402405,1.0,1
0.7352381944656372,1.0,1
0.6385018229484558,1.0,1
0.7605822682380676,1.0,1
0.07713237404823303,1.0,1
0.1713162064552307,1.0,1
0.33844947814941406,1.0,1
0.698352575302124,1.0,1
0.3747350573539734,1.0,1
0.30738916993141174,1.0,1
0.7433026432991028,1.0,1
0.4494396150112152,1.0,1
0.3533748686313629,1.0,1
0.2318536341190338,1.0,1
0.2809564471244812,1.0,1
0.5872296690940857,1.0,1
0.5017180442810059,1.0,1
0.5306025743484497,1.0,1
0.5609552264213562,1.0,1
0.41121095418930054,1.0,1
0.446998655796051,1.0,1
0.19143804907798767,1.0,1
0.35531944036483765,1.0,1
0.45602163672447205,1.0,1
0.9885047674179077,1.0,0
0.10062875598669052,1.0,1
0.4837140142917633,1.0,1
0.5120298862457275,1.0,1
0.6297658085823059,1.0,1
0.14650890231132507,1.0,1
0.3897446393966675,1.0,1
0.5865525007247925,1.0,1
0.8903282284736633,1.0,0
0.4499689042568207,1.0,1
0.4043820798397064,1.0,1
0.5124481916427612,1.0,1
0.5688202977180481,1.0,1
0.6001198291778564,1.0,1
0.2323025017976761,1.0,1
0.5528489947319031,1.0,1
0.3622627854347229,1.0,1
0.43040043115615845,1.0,1
0.8823317289352417,1.0,0
0.08221814781427383,1.0,1
0.3051679730415344,1.0,1
0.5650575160980225,1.0,1
0.23737910389900208,1.0,1
0.8730978965759277,1.0,1
0.8433519601821899,1.0,1
0.7473059892654419,1.0,1
0.255662202835083,1.0,1
0.9025794863700867,1.0,0
0.8096154928207397,1.0,1
0.23248276114463806,1.0,1
0.5002667307853699,1.0,1
0.5166705846786499,1.0,1
0.3332734704017639,1.0,1
0.3720208406448364,1.0,1
0.39581769704818726,1.0,1
0.5803505778312683,1.0,1
1.0735571384429932,1.0,0
0.8247401118278503,1.0,1
0.6639705896377563,1.0,1
0.45294418931007385,1.0,1
0.21221403777599335,1.0,1
0.29890045523643494,1.0,1
1.102260947227478,1.0,0
0.39223363995552063,1.0,1
0.27912163734436035,1.0,1
0.3400086760520935,1.0,1
0.19288043677806854,1.0,1
0.7026441693305969,1.0,1
0.49954694509506226,1.0,1
0.09903111308813095,1.0,1
0.23193128407001495,1.0,1
0.41354164481163025,1.0,1
0.3438700735569,1.0,1
0.25718575716018677,1.0,1
0.471780002117157,1.0,1
0.563153862953186,1.0,1
0.6404668092727661,1.0,1
0.27767470479011536,1.0,1
0.41020479798316956,1.0,1
0.29292622208595276,1.0,1
1.1330175399780273,1.0,0
0.7038209438323975,1.0,1
0.9514215588569641,1.0,0
0.3413609564304352,1.0,1
0.6103101968765259,1.0,1
0.4873517155647278,1.0,1
1.0255471467971802,1.0,0
0.44421154260635376,1.0,1
0.5160940885543823,1.0,1
0.42596039175987244,1.0,1
0.2622072696685791,1.0,1
0.12615761160850525,1.0,1
0.2747722566127777,1.0,1
0.6444752812385559,1.0,1
0.5115290880203247,1.0,1
0.9821692705154419,1.0,0
0.24230733513832092,1.0,1
0.2464720457792282,1.0,1
0.5530755519866943,1.0,1
0.25487643480300903,1.0,1
0.4874274730682373,1.0,1
0.40023788809776306,1.0,1
0.7327137589454651,1.0,1
0.7106096148490906,1.0,1
0.17437608540058136,1.0,1
0.12977449595928192,1.0,1
0.7166996598243713,1.0,1
0.8180252313613892,1.0,1
0.3420501947402954,1.0,1
0.5087827444076538,1.0,1
0.5159663558006287,1.0,1
0.4591805934906006,1.0,1
0.3689289689064026,1.0,1
0.8493730425834656,1.0,1
0.7406181693077087,1.0,1
0.4259934425354004,1.0,1
0.3044258952140808,1.0,1
0.34274420142173767,1.0,1
0.27073127031326294,1.0,1
0.16672320663928986,1.0,1
0.6267278790473938,1.0,1
0.3539268374443054,1.0,1
0.9709236025810242,1.0,0
0.3181830048561096,1.0,1
0.20862534642219543,1.0,1
1.0553524494171143,1.0,0
0.8179357647895813,1.0,1
0.2266572266817093,1.0,1
0.8306388854980469,1.0,1
0.389550119638443,1.0,1
0.6553495526313782,1.0,1
0.31107884645462036,1.0,1
0.18202558159828186,1.0,1
0.8516899347305298,1.0,1
0.34899431467056274,1.0,1
0.6332217454910278,1.0,1
0.6086029410362244,1.0,1
0.5776761770248413,1.0,1
0.7214869260787964,1.0,1
0.35489732027053833,1.0,1
0.4138171672821045,1.0,1
0.11042273044586182,1.0,1
0.649398684501648,1.0,1
0.8427556157112122,1.0,1
0.1374470293521881,1.0,1
0.8682811856269836,1.0,1
0.24518057703971863,1.0,1
0.3276216685771942,1.0,1
1.041010856628418,1.0,0
0.9491721391677856,1.0,0
0.24685713648796082,1.0,1
0.8427348136901855,1.0,1
0.32640519738197327,1.0,1
0.7978547215461731,1.0,1
0.7759001851081848,1.0,1
0.06177832558751106,1.0,1
0.5097005367279053,1.0,1
0.32467570900917053,1.0,1
0.3383200168609619,1.0,1
0.12908446788787842,1.0,1
0.1442287415266037,1.0,1
0.18345996737480164,1.0,1
0.893812358379364,1.0,0
0.31898078322410583,1.0,1
0.2857394218444824,1.0,1
0.15865516662597656,1.0,1
0.43934550881385803,1.0,1
0.5353001952171326,1.0,1
0.2951353192329407,1.0,1
0.8700883984565735,1.0,1
0.3909158706665039,1.0,1
0.28745919466018677,1.0,1
0.9231115579605103,1.0,0
0.3596601188182831,1.0,1
0.5776801109313965,1.0,1
0.5147484540939331,1.0,1
0.18391159176826477,1.0,1
0.7801228761672974,1.0,1
0.566605269908905,1.0,1
1.0466617345809937,1.0,0
0.37729331851005554,1.0,1
0.7235962152481079,1.0,1
0.4560201168060303,1.0,1
0.3735518455505371,1.0,1
0.21860003471374512,1.0,1
0.3488015830516815,1.0,1
0.32423922419548035,1.0,1
0.318381667137146,1.0,1
0.9855495691299438,1.0,0
0.28733712434768677,1.0,1
0.854568362236023,1.0,1
0.31097906827926636,1.0,1
0.257728636264801,1.0,1
0.3833145201206207,1.0,1
0.4081230163574219,1.0,1
0.7276371717453003,1.0,1
0.8751781582832336,1.0,0
1.003974199295044,1.0,0
0.6610926389694214,1.0,1
0.2800988256931305,1.0,1
0.030160346999764442,1.0,1
0.1252252608537674,1.0,1
0.5692249536514282,1.0,1
1.1162958145141602,1.0,0
1.0958088636398315,1.0,0
0.4351683557033539,1.0,1
0.8434653282165527,1.0,1
0.34770503640174866,1.0,1
0.12142292410135269,1.0,1
0.25398868322372437,1.0,1
0.8898588418960571,1.0,0
0.46811071038246155,1.0,1
0.4985107481479645,1.0,1
0.32414454221725464,1.0,1
0.8417016267776489,1.0,1
0.27718886733055115,1.0,1
0.9986438751220703,1.0,0
0.2020430862903595,1.0,1
0.16169369220733643,1.0,1
0.4700825810432434,1.0,1
0.4671815037727356,1.0,1
0.36531132459640503,1.0,1
0.9471660852432251,1.0,0
0.6322555541992188,1.0,1
0.7394700050354004,1.0,1
0.3374935984611511,1.0,1
1.5288223028182983,1.0,0
0.6585263609886169,1.0,1
0.8839595913887024,1.0,0
0.27139392495155334,1.0,1
0.3145156502723694,1.0,1
0.5327810049057007,1.0,1
0.2944944202899933,1.0,1
0.6410074234008789,1.0,1
0.3500211834907532,1.0,1
0.2040223330259323,1.0,1
0.28053387999534607,1.0,1
0.6855882406234741,1.0,1
0.35377466678619385,1.0,1
0.19550743699073792,1.0,1
0.2827926278114319,1.0,1
0.30073362588882446,1.0,1
0.5272516012191772,1.0,1
0.30569690465927124,1.0,1
0.4506440758705139,1.0,1
0.7840246558189392,1.0,1
0.24253153800964355,1.0,1
0.07506343722343445,1.0,1
0.19809237122535706,1.0,1
0.3004664480686188,1.0,1
0.43017879128456116,1.0,1
0.4570504128932953,1.0,1
0.24835088849067688,1.0,1
1.1977635622024536,1.0,0
0.43062037229537964,1.0,1
0.43082040548324585,1.0,1
0.4699033796787262,1.0,1
0.5308946371078491,1.0,1
0.772633969783783,1.0,1
0.3957933783531189,1.0,1
0.41640567779541016,1.0,1
0.12671056389808655,1.0,1
0.39249613881111145,1.0,1
0.4956408441066742,1.0,1
0.38026171922683716,1.0,1
0.5784248113632202,1.0,1
0.5625109076499939,1.0,1
0.4193294644355774,1.0,1
0.9996160268783569,1.0,0
0.16383402049541473,1.0,1
0.1854127049446106,1.0,1
0.17444249987602234,1.0,1
0.761776864528656,1.0,1
0.18068952858448029,1.0,1
0.8687955737113953,1.0,1
0.5809826254844666,1.0,1
0.47355562448501587,1.0,1
0.33087000250816345,1.0,1
0.34256207942962646,1.0,1
0.4267376959323883,1.0,1
0.625097393989563,1.0,1
0.24294424057006836,1.0,1
0.046376291662454605,1.0,1
0.2357185184955597,1.0,1
0.54714035987854,1.0,1
0.6653067469596863,1.0,1
0.9384799003601074,1.0,0
0.8114359974861145,1.0,1
0.13565292954444885,1.0,1
0.7300810217857361,1.0,1
0.099561408162117,1.0,1
0.7075799107551575,1.0,1
0.034729212522506714,1.0,1
0.6059991121292114,1.0,1
0.5263873934745789,1.0,1
0.2507362365722656,1.0,1
0.2576461732387543,1.0,1
0.4312945306301117,1.0,1
1.102891445159912,1.0,0
0.4495869576931,1.0,1
0.48402976989746094,1.0,1
0.3161901533603668,1.0,1
0.3778579533100128,1.0,1
0.41218891739845276,1.0,1
0.22420337796211243,1.0,1
0.27853482961654663,1.0,1
0.4579525589942932,1.0,1
0.2369661033153534,1.0,1
0.49302560091018677,1.0,1
0.1813332736492157,1.0,1
0.6135666966438293,1.0,1
0.6884816288948059,1.0,1
0.7721670269966125,1.0,1
0.5191124081611633,1.0,1
0.5279671549797058,1.0,1
0.1870349943637848,1.0,1
0.05587709695100784,1.0,1
0.9497619867324829,1.0,0
0.6325231194496155,1.0,1
0.7879115343093872,1.0,1
0.29446977376937866,1.0,1
0.6848267316818237,1.0,1
0.5078788995742798,1.0,1
0.8860265612602234,1.0,0
0.8424911499023438,1.0,1
0.1584630012512207,1.0,1
0.7617067694664001,1.0,1
0.11184321343898773,1.0,1
0.3131420910358429,1.0,1
0.8660748600959778,1.0,1
0.22053949534893036,1.0,1
0.27101173996925354,1.0,1
0.7061039209365845,1.0,1
0.25844159722328186,1.0,1
0.3167688846588135,1.0,1
0.6635790467262268,1.0,1
0.626733124256134,1.0,1
0.3724897503852844,1.0,1
0.09120996296405792,1.0,1
0.7016135454177856,1.0,1
0.5562155246734619,1.0,1
0.8397583961486816,1.0,1
0.13107334077358246,1.0,1
0.37190037965774536,1.0,1
0.4639930725097656,1.0,1
0.16762791574001312,1.0,1
0.27601632475852966,1.0,1
0.37606149911880493,1.0,1
0.5187038779258728,1.0,1
0.2918221950531006,1.0,1
0.6776420474052429,1.0,1
0.17927250266075134,1.0,1
0.12591715157032013,1.0,1
0.443826287984848,1.0,1
0.24720601737499237,1.0,1
0.5354562997817993,1.0,1
0.2757142186164856,1.0,1
0.40596944093704224,1.0,1
0.4513208270072937,1.0,1
0.13216632604599,1.0,1
0.10324783623218536,1.0,1
0.8388568162918091,1.0,1
0.6650825142860413,1.0,1
0.2444516122341156,1.0,1
0.3053787350654602,1.0,1
0.43534055352211,1.0,1
0.34128281474113464,1.0,1
0.389626145362854,1.0,1
0.7353076934814453,1.0,1
0.46976298093795776,1.0,1
0.6256557703018188,1.0,1
0.473924458026886,1.0,1
0.3989800810813904,1.0,1
0.8215135335922241,1.0,1
0.2931177616119385,1.0,1
0.24759462475776672,1.0,1
0.7338534593582153,1.0,1
0.3099670112133026,1.0,1
0.8689286112785339,1.0,1
0.17699073255062103,1.0,1
0.3512849807739258,1.0,1
0.3735581636428833,1.0,1
0.36037543416023254,1.0,1
0.09220276772975922,1.0,1
0.835422158241272,1.0,1
0.9831604957580566,1.0,0
1.1911954879760742,1.0,0
0.2708688974380493,1.0,1
0.3377036452293396,1.0,1
0.8979634046554565,1.0,0
0.9383326768875122,1.0,0
0.3808179497718811,1.0,1
0.9435673952102661,1.0,0
0.44028395414352417,1.0,1
0.3854790925979614,1.0,1
0.8623532056808472,1.0,1
0.7852553725242615,1.0,1
0.2974596619606018,1.0,1
0.8268712759017944,1.0,1
0.7397780418395996,1.0,1
0.528479814529419,1.0,1
0.4710084795951843,1.0,1
0.18499426543712616,1.0,1
0.4972616136074066,1.0,1
0.19799312949180603,1.0,1
0.15780362486839294,1.0,1
0.22450785338878632,1.0,1
0.2895233929157257,1.0,1
0.3312113881111145,1.0,1
0.2395446002483368,1.0,1
0.19229087233543396,1.0,1
0.20180897414684296,1.0,1
0.560921847820282,1.0,1
0.7298567295074463,1.0,1
0.4162943363189697,1.0,1
0.8066496849060059,1.0,1
0.26102492213249207,1.0,1
0.5168991684913635,1.0,1
0.798102855682373,1.0,1
0.47439414262771606,1.0,1
0.4339200556278229,1.0,1
0.6375420093536377,1.0,1
0.8555684089660645,1.0,1
0.29301729798316956,1.0,1
0.3641940653324127,1.0,1
0.6778784990310669,1.0,1
0.2745932936668396,1.0,1
0.5995750427246094,1.0,1
0.607171893119812,1.0,1
0.9240899085998535,1.0,0
0.7396400570869446,1.0,1
0.3331165909767151,1.0,1
0.73949134349823,1.0,1
0.18085762858390808,1.0,1
0.8838143348693848,1.0,0
0.7782718539237976,1.0,1
0.9687238931655884,1.0,0
0.39934587478637695,1.0,1
0.5419250130653381,1.0,1
1.0365521907806396,1.0,0
0.4982687830924988,1.0,1
0.5955923795700073,1.0,1
0.18939946591854095,1.0,1
0.2869759202003479,1.0,1
0.3711702227592468,1.0,1
0.45752158761024475,1.0,1
0.8172054290771484,1.0,1
0.1583525687456131,1.0,1
0.25356975197792053,1.0,1
0.6454573273658752,1.0,1
0.1903453767299652,1.0,1
0.4509194493293762,1.0,1
0.04207269102334976,1.0,1
0.592565655708313,1.0,1
0.2305537462234497,1.0,1
0.23383431136608124,1.0,1
0.5615620613098145,1.0,1
0.6165352463722229,1.0,1
0.5479980707168579,1.0,1
0.3164793848991394,1.0,1
1.4544718265533447,1.0,0
0.8846492767333984,1.0,0
0.8593344688415527,1.0,1
0.28104671835899353,1.0,1
0.5999947786331177,1.0,1
0.36340540647506714,1.0,1
0.6543859839439392,1.0,1
0.4781857132911682,1.0,1
0.34461647272109985,1.0,1
1.2208656072616577,1.0,0
0.7360152006149292,1.0,1
0.2353145331144333,1.0,1
0.4340871274471283,1.0,1
0.4277392029762268,1.0,1
0.7073256373405457,1.0,1
0.34575265645980835,1.0,1
0.2609914243221283,1.0,1
0.6604942679405212,1.0,1
0.6214834451675415,1.0,1
1.0662378072738647,1.0,0
0.13066227734088898,1.0,1
0.14322635531425476,1.0,1
0.5694524049758911,1.0,1
0.3514113426208496,1.0,1
0.5084021687507629,1.0,1
0.5119750499725342,1.0,1
0.8534488677978516,1.0,1
0.8431469202041626,1.0,1
0.5551688075065613,1.0,1
0.28198298811912537,1.0,1
0.1955145299434662,1.0,1
0.09776502847671509,1.0,1
0.42496195435523987,1.0,1
1.1794626712799072,1.0,0
0.34726300835609436,1.0,1
0.7891482710838318,1.0,1
0.7111082673072815,1.0,1
0.34429818391799927,1.0,1
1.1367473602294922,1.0,0
0.4664795398712158,1.0,1
0.2227255403995514,1.0,1
0.7866643071174622,1.0,1
0.604995846748352,1.0,1
0.34889134764671326,1.0,1
0.3477606475353241,1.0,1
0.27088597416877747,1.0,1
0.9789632558822632,1.0,0
0.18062102794647217,1.0,1
0.6604079604148865,1.0,1
0.506643533706665,1.0,1
0.2910221219062805,1.0,1
0.7248860597610474,1.0,1
0.3383663594722748,1.0,1
1.2485644817352295,1.0,0
0.5402090549468994,1.0,1
0.09531456977128983,1.0,1
1.0051615238189697,1.0,0
0.6811875104904175,1.0,1
1.0094633102416992,1.0,0
0.4481033682823181,1.0,1
0.36471429467201233,1.0,1
1.0727756023406982,1.0,0
0.21509020030498505,1.0,1
1.0184266567230225,1.0,0
0.27867239713668823,1.0,1
0.5953636169433594,1.0,1
0.42517977952957153,1.0,1
0.1632220447063446,1.0,1
0.20402386784553528,1.0,1
0.7277939319610596,1.0,1
0.327526718378067,1.0,1
0.12615753710269928,1.0,1
0.7362116575241089,1.0,1
0.4713810086250305,1.0,1
1.2211180925369263,1.0,0
0.3400171399116516,1.0,1
0.28108543157577515,1.0,1
0.4996279180049896,1.0,1
0.44983118772506714,1.0,1
0.15855816006660461,1.0,1
0.45220834016799927,1.0,1
0.6385820508003235,1.0,1
0.3094012439250946,1.0,1
0.5472382307052612,1.0,1
0.2890070080757141,1.0,1
0.12727802991867065,1.0,1
0.3350953459739685,1.0,1
0.40446019172668457,1.0,1
0.08634575456380844,1.0,1
0.5707088708877563,1.0,1
0.31474560499191284,1.0,1
0.5199687480926514,1.0,1
0.2431875467300415,1.0,1
0.21407148241996765,1.0,1
0.9963763952255249,1.0,0
0.26433661580085754,1.0,1
0.24563899636268616,1.0,1
0.44531506299972534,1.0,1
0.7282500863075256,1.0,1
0.6790494918823242,1.0,1
0.33499908447265625,1.0,1
0.1872076839208603,1.0,1
0.19613467156887054,1.0,1
1.026715874671936,1.0,0
0.24042490124702454,1.0,1
1.0990705490112305,1.0,0
0.18778249621391296,1.0,1
0.4419582784175873,1.0,1
0.6748324632644653,1.0,1
0.38726893067359924,1.0,1
0.8239737749099731,1.0,1
0.3821509778499603,1.0,1
0.6262674927711487,1.0,1
0.17549575865268707,1.0,1
0.6635150909423828,1.0,1
0.03467520326375961,1.0,1
0.036524027585983276,1.0,1
0.3074287176132202,1.0,1
0.5020345449447632,1.0,1
0.651509702205658,1.0,1
0.3012476861476898,1.0,1
0.8800822496414185,1.0,0
0.7260622382164001,1.0,1
0.3562292456626892,1.0,1
0.3460243344306946,1.0,1
0.1435556262731552,1.0,1
0.36270779371261597,1.0,1
0.9636179208755493,1.0,0
0.030628761276602745,1.0,1
0.42594829201698303,1.0,1
0.46112242341041565,1.0,1
0.34163105487823486,1.0,1
0.4793368875980377,1.0,1
0.2538013160228729,1.0,1
0.49414747953414917,1.0,1
0.31309619545936584,1.0,1
0.5516234636306763,1.0,1
0.47387176752090454,1.0,1
0.8104985952377319,1.0,1
0.5562669038772583,1.0,1
0.30441778898239136,1.0,1
0.3434447944164276,1.0,1
0.2131260335445404,1.0,1
0.33165109157562256,1.0,1
0.22530969977378845,1.0,1
0.9214993715286255,1.0,0
0.27379754185676575,1.0,1
0.39239585399627686,1.0,1
0.1465199887752533,1.0,1
0.47894445061683655,1.0,1
0.4682515561580658,1.0,1
0.3086111545562744,1.0,1
0.378784716129303,1.0,1
0.37046217918395996,1.0,1
0.40432000160217285,1.0,1
0.7665764093399048,1.0,1
1.0298209190368652,1.0,0
0.13565631210803986,1.0,1
0.17018042504787445,1.0,1
0.896985650062561,1.0,0
0.3280797302722931,1.0,1
0.7865229249000549,1.0,1
0.7225552797317505,1.0,1
0.07452477514743805,1.0,1
0.1292487382888794,1.0,1
0.02991536259651184,1.0,1
0.36929851770401,1.0,1
0.46965688467025757,1.0,1
1.124892234802246,1.0,0
0.5046778321266174,1.0,1
0.09613923728466034,1.0,1
0.9840060472488403,1.0,0
0.7951375246047974,1.0,1
1.1462873220443726,1.0,0
0.8309930562973022,1.0,1
0.30270081758499146,1.0,1
0.8276348114013672,1.0,1
0.6526873707771301,1.0,1
0.4284861087799072,1.0,1
0.22983309626579285,1.0,1
0.27437204122543335,1.0,1
0.5164321660995483,1.0,1
0.5305773019790649,1.0,1
0.2994919717311859,1.0,1
0.20310859382152557,1.0,1
0.5447645783424377,1.0,1
0.7285097241401672,1.0,1
0.7046266794204712,1.0,1
0.6052578687667847,1.0,1
0.690690279006958,1.0,1
0.35706275701522827,1.0,1
0.62126624584198,1.0,1
0.32717400789260864,1.0,1
0.6793051362037659,1.0,1
0.13111989200115204,1.0,1
0.869095504283905,1.0,1
0.7923033833503723,1.0,1
0.21950609982013702,1.0,1
0.4654795527458191,1.0,1
1.102205514907837,1.0,0
0.16811232268810272,1.0,1
0.2801155149936676,1.0,1
0.533845067024231,1.0,1
0.7600467205047607,1.0,1
0.2648952305316925,1.0,1
0.30315646529197693,1.0,1
0.7241852283477783,1.0,1
0.6936846971511841,1.0,1
0.2491062432527542,1.0,1
0.12684671580791473,1.0,1
0.7637020349502563,1.0,1
0.46913033723831177,1.0,1
0.029472285881638527,1.0,1
0.8775491714477539,1.0,0
0.15510430932044983,1.0,1
0.436992347240448,1.0,1
0.8971462249755859,1.0,0
0.22138181328773499,1.0,1
0.4109798073768616,1.0,1
0.27881741523742676,1.0,1
0.5316381454467773,1.0,1
0.638450562953949,1.0,1
0.2378380298614502,1.0,1
0.7005554437637329,1.0,1
0.7574243545532227,1.0,1
0.6767165660858154,1.0,1
0.5149462223052979,1.0,1
0.7807268500328064,1.0,1
0.2121676504611969,1.0,1
0.6494991779327393,1.0,1
0.5167163014411926,1.0,1
0.2702837884426117,1.0,1
0.29692691564559937,1.0,1
0.27760761976242065,1.0,1
0.3288675546646118,1.0,1
0.44635850191116333,1.0,1
0.1848839819431305,1.0,1
0.5891820192337036,1.0,1
0.5601013898849487,1.0,1
0.4674072861671448,1.0,1
0.32715097069740295,1.0,1
0.2990303635597229,1.0,1
0.1742001324892044,1.0,1
0.7326119542121887,1.0,1
0.4084383547306061,1.0,1
0.4005063474178314,1.0,1
0.4127640128135681,1.0,1
0.14600767195224762,1.0,1
0.826146125793457,1.0,1
0.7536764144897461,1.0,1
0.7753457427024841,1.0,1
0.16584229469299316,1.0,1
0.30987197160720825,1.0,1
0.4469783902168274,1.0,1
0.03702705726027489,1.0,1
0.6169618368148804,1.0,1
0.4368681311607361,1.0,1
0.19046640396118164,1.0,1
0.724738359451294,1.0,1
0.331529438495636,1.0,1
0.3328414559364319,1.0,1
0.15407602488994598,1.0,1
0.5930031538009644,1.0,1
0.23010988533496857,1.0,1
0.6293774247169495,1.0,1
0.18584470450878143,1.0,1
0.19026146829128265,1.0,1
0.3705643117427826,1.0,1
0.2774464786052704,1.0,1
0.4786625802516937,1.0,1
0.8662036061286926,1.0,1
0.9680771827697754,1.0,0
0.5753597021102905,1.0,1
0.6022656559944153,1.0,1
0.42019543051719666,1.0,1
0.22701093554496765,1.0,1
0.3839900493621826,1.0,1
0.3926919996738434,1.0,1
0.09175951033830643,1.0,1
0.2567116618156433,1.0,1
0.25718873739242554,1.0,1
0.5018507242202759,1.0,1
0.23921051621437073,1.0,1
0.057759493589401245,1.0,1
0.7083686590194702,1.0,1
0.482785701751709,1.0,1
0.1661253273487091,1.0,1
0.37452325224876404,1.0,1
0.5972599983215332,1.0,1
0.21179886162281036,1.0,1
0.387243390083313,1.0,1
0.626824140548706,1.0,1
0.3671075403690338,1.0,1
0.4771749973297119,1.0,1
0.9310289621353149,1.0,0
0.6000309586524963,1.0,1
0.5591009855270386,1.0,1
0.525819718837738,1.0,1
0.7958106398582458,1.0,1
0.4286978840827942,1.0,1
0.03602765500545502,1.0,1
0.27917712926864624,1.0,1
0.936945915222168,1.0,0
0.6532462239265442,1.0,1
0.7989323139190674,1.0,1
0.16761262714862823,1.0,1
0.20610113441944122,1.0,1
0.3991517424583435,1.0,1
0.3168770670890808,1.0,1
0.039577167481184006,1.0,1
0.30272382497787476,1.0,1
0.31603294610977173,1.0,1
0.33563145995140076,1.0,1
0.604719340801239,1.0,1
0.11265462636947632,1.0,1
0.2611153721809387,1.0,1
0.27130112051963806,1.0,1
0.24298886954784393,1.0,1
0.41174158453941345,1.0,1
0.35839638113975525,1.0,1
0.6555076837539673,1.0,1
0.8466092944145203,1.0,1
0.6006914377212524,1.0,1
0.24917800724506378,1.0,1
0.14097213745117188,1.0,1
0.4386173188686371,1.0,1
0.6131991744041443,1.0,1
1.008047342300415,1.0,0
0.31106194853782654,1.0,1
0.3806326985359192,1.0,1
0.9753864407539368,1.0,0
0.6558961272239685,1.0,1
0.13775846362113953,1.0,1
0.6912586688995361,1.0,1
0.8810163736343384,1.0,0
0.557049036026001,1.0,1
0.4093298017978668,1.0,1
0.5057978630065918,1.0,1
0.18871662020683289,1.0,1
0.8308464288711548,1.0,1
0.6495271921157837,1.0,1
0.35211461782455444,1.0,1
0.3451771140098572,1.0,1
0.5852320790290833,1.0,1
0.2578320801258087,1.0,1
0.6023969054222107,1.0,1
0.2778591513633728,1.0,1
0.681311309337616,1.0,1
0.6930446028709412,1.0,1
0.04101167991757393,1.0,1
0.5054652094841003,1.0,1
0.6983218193054199,1.0,1
0.3865900933742523,1.0,1
0.19421517848968506,1.0,1
0.43427735567092896,1.0,1
0.4290594458580017,1.0,1
0.18257953226566315,1.0,1
0.026065487414598465,1.0,1
0.24241283535957336,1.0,1
0.6932379007339478,1.0,1
0.3832935392856598,1.0,1
0.4060124456882477,1.0,1
0.3411370515823364,1.0,1
0.4036129415035248,1.0,1
0.6206218600273132,1.0,1
0.3456249237060547,1.0,1
0.2010461390018463,1.0,1
0.8595290184020996,1.0,1
0.14596697688102722,1.0,1
0.47801247239112854,1.0,1
0.3456544280052185,1.0,1
0.5509262084960938,1.0,1
0.49800100922584534,1.0,1
0.3362177312374115,1.0,1
0.3475545048713684,1.0,1
0.1537744253873825,1.0,1
0.6538804173469543,1.0,1
0.18206706643104553,1.0,1
0.11789382994174957,1.0,1
0.5161012411117554,1.0,1
0.06830890476703644,1.0,1
0.5297171473503113,1.0,1
0.34233900904655457,1.0,1
0.5259809494018555,1.0,1
0.9686275720596313,1.0,0
0.576396107673645,1.0,1
0.20294710993766785,1.0,1
1.1390212774276733,1.0,0
0.771937370300293,1.0,1
0.5179630517959595,1.0,1
0.2831410765647888,1.0,1
0.30488795042037964,1.0,1
0.38629910349845886,1.0,1
0.1625497192144394,1.0,1
0.2535482943058014,1.0,1
0.9740285873413086,1.0,0
0.44604453444480896,1.0,1
0.3949160575866699,1.0,1
0.21086224913597107,1.0,1
0.8500728607177734,1.0,1
0.26565155386924744,1.0,1
0.5871464014053345,1.0,1
0.3304542005062103,1.0,1
0.9774858355522156,1.0,0
0.5895630717277527,1.0,1
0.6658172607421875,1.0,1
0.25679653882980347,1.0,1
0.2785806357860565,1.0,1
0.4510611593723297,1.0,1
0.16169078648090363,1.0,1
0.20779705047607422,1.0,1
0.5750928521156311,1.0,1
0.39646095037460327,1.0,1
0.04931197315454483,1.0,1
0.7170069813728333,1.0,1
0.44397538900375366,1.0,1
0.46275290846824646,1.0,1
0.08848951756954193,1.0,1
0.49394622445106506,1.0,1
0.6680651903152466,1.0,1
0.4072360098361969,1.0,1
0.4649345874786377,1.0,1
0.4701533317565918,1.0,1
0.9864570498466492,1.0,0
0.2381851226091385,1.0,1
0.04204026982188225,1.0,1
0.4807737469673157,1.0,1
0.775300145149231,1.0,1
0.5567450523376465,1.0,1
0.13494233787059784,1.0,1
0.19089321792125702,1.0,1
0.9081145524978638,1.0,0
0.47043147683143616,1.0,1
0.7547187805175781,1.0,1
0.31184229254722595,1.0,1
0.4142952859401703,1.0,1
0.3325696885585785,1.0,1
0.5190005898475647,1.0,1
0.07401343435049057,1.0,1
0.18888577818870544,1.0,1
0.7527981400489807,1.0,1
0.47099989652633667,1.0,1
0.3762831389904022,1.0,1
0.9188518524169922,1.0,0
0.6001297235488892,1.0,1
0.5175301432609558,1.0,1
0.06032078340649605,1.0,1
0.28971511125564575,1.0,1
0.5604856014251709,1.0,1
1.1880762577056885,1.0,0
0.7475069761276245,1.0,1
1.159318208694458,1.0,0
0.17746123671531677,1.0,1
0.6129134893417358,1.0,1
0.6064389944076538,1.0,1
0.2982713580131531,1.0,1
0.3558986186981201,1.0,1
0.7890973687171936,1.0,1
0.34128013253211975,1.0,1
1.0061686038970947,1.0,0
0.297766774892807,1.0,1
0.2667953073978424,1.0,1
0.5848649740219116,1.0,1
0.18070116639137268,1.0,1
0.4068560004234314,1.0,1
0.47838181257247925,1.0,1
0.1860530972480774,1.0,1
0.9253553152084351,1.0,0
0.23142512142658234,1.0,1
0.15931563079357147,1.0,1
0.8448799252510071,1.0,1
0.09156403690576553,1.0,1
0.2903609275817871,1.0,1
0.7916091680526733,1.0,1
0.37477225065231323,1.0,1
0.26853978633880615,1.0,1
0.1632375568151474,1.0,1
0.8752413988113403,1.0,0
0.5466857552528381,1.0,1
0.6974382400512695,1.0,1
0.13442525267601013,1.0,1
0.6574009656906128,1.0,1
0.36077097058296204,1.0,1
0.8928386569023132,1.0,0
0.825639545917511,1.0,1
0.05455739423632622,1.0,1
0.38626211881637573,1.0,1
0.24453285336494446,1.0,1
0.2221134603023529,1.0,1
0.17287690937519073,1.0,1
0.6197414398193359,1.0,1
0.1640867292881012,1.0,1
0.5731209516525269,1.0,1
0.28015342354774475,1.0,1
0.24396280944347382,1.0,1
0.23905733227729797,1.0,1
0.648216187953949,1.0,1
0.3809207081794739,1.0,1
0.3844173550605774,1.0,1
0.5074372291564941,1.0,1
0.41726255416870117,1.0,1
0.15064314007759094,1.0,1
0.2703385055065155,1.0,1
0.19790910184383392,1.0,1
0.7985498905181885,1.0,1
0.21537287533283234,1.0,1
0.17393836379051208,1.0,1
0.8294457197189331,1.0,1
0.40074968338012695,1.0,1
1.1506474018096924,1.0,0
0.2297811210155487,1.0,1
0.28427377343177795,1.0,1
0.620076596736908,1.0,1
1.1242938041687012,1.0,0
0.3724711239337921,1.0,1
0.20036940276622772,1.0,1
0.2735128104686737,1.0,1
0.23472049832344055,1.0,1
0.5244706869125366,1.0,1
0.26455000042915344,1.0,1
0.46945255994796753,1.0,1
0.2644785940647125,1.0,1
0.7527510523796082,1.0,1
0.2164672315120697,1.0,1
0.23343591392040253,1.0,1
0.3894047141075134,1.0,1
0.8474016189575195,1.0,1
0.8132885098457336,1.0,1
0.8429470062255859,1.0,1
0.6756351590156555,1.0,1
0.6690706610679626,1.0,1
0.4013407230377197,1.0,1
0.47226443886756897,1.0,1
0.6254916787147522,1.0,1
0.7587009072303772,1.0,1
0.30017808079719543,1.0,1
0.44367852807044983,1.0,1
0.417501300573349,1.0,1
0.44535908102989197,1.0,1
0.6619462370872498,1.0,1
0.3847868740558624,1.0,1
0.2772810161113739,1.0,1
0.1294454038143158,1.0,1
0.2027604579925537,1.0,1
0.35164132714271545,1.0,1
0.36451852321624756,1.0,1
0.33235085010528564,1.0,1
0.12599888443946838,1.0,1
0.6895797252655029,1.0,1
0.47036367654800415,1.0,1
0.2197551727294922,1.0,1
0.46337491273880005,1.0,1
0.5594527721405029,1.0,1
0.5377991795539856,1.0,1
0.6473945379257202,1.0,1
0.33283787965774536,1.0,1
0.29235774278640747,1.0,1
0.20079657435417175,1.0,1
0.3357682228088379,1.0,1
0.16251592338085175,1.0,1
0.5914384126663208,1.0,1
0.2698858678340912,1.0,1
0.1478942483663559,1.0,1
0.4314718246459961,1.0,1
0.7119091749191284,1.0,1
0.29271483421325684,1.0,1
0.12717077136039734,1.0,1
0.08588515222072601,1.0,1
0.40622982382774353,1.0,1
0.6681466698646545,1.0,1
0.2934417128562927,1.0,1
1.1176296472549438,1.0,0
0.15854012966156006,1.0,1
0.7332864999771118,1.0,1
0.20847220718860626,1.0,1
0.8875555992126465,1.0,0
0.3723018765449524,1.0,1
0.5937330722808838,1.0,1
0.172856405377388,1.0,1
0.4692649841308594,1.0,1
0.700374960899353,1.0,1
0.3325304388999939,1.0,1
0.36779576539993286,1.0,1
0.48341017961502075,1.0,1
0.11112798750400543,1.0,1
0.4518347680568695,1.0,1
0.7829090356826782,1.0,1
0.5230568051338196,1.0,1
0.2321302890777588,1.0,1
1.105407953262329,1.0,0
0.5175637602806091,1.0,1
0.9006739854812622,1.0,0
0.6559745669364929,1.0,1
0.7202809453010559,1.0,1
0.5696242451667786,1.0,1
0.3218640089035034,1.0,1
1.1618179082870483,1.0,0
0.21973490715026855,1.0,1
0.4657675623893738,1.0,1
0.3705155551433563,1.0,1
0.729148805141449,1.0,1
0.25085708498954773,1.0,1
0.44775906205177307,1.0,1
0.5642648339271545,1.0,1
0.15544533729553223,1.0,1
0.44685474038124084,1.0,1
0.3844835162162781,1.0,1
0.9056292772293091,1.0,0
0.7124815583229065,1.0,1
0.5238155722618103,1.0,1
0.42357197403907776,1.0,1
0.2965228259563446,1.0,1
0.31353357434272766,1.0,1
0.437547504901886,1.0,1
0.56805419921875,1.0,1
0.18890385329723358,1.0,1
0.4950692057609558,1.0,1
0.5371577739715576,1.0,1
0.7200815677642822,1.0,1
0.4090532660484314,1.0,1
0.7784210443496704,1.0,1
0.4862791895866394,1.0,1
0.3455696702003479,1.0,1
0.5064971446990967,1.0,1
0.4261804223060608,1.0,1
0.4735843539237976,1.0,1
0.22627434134483337,1.0,1
0.7050411105155945,1.0,1
0.3403111398220062,1.0,1
0.43124350905418396,1.0,1
0.9771841764450073,1.0,0
0.5394515991210938,1.0,1
0.923731803894043,1.0,0
0.24742965400218964,1.0,1
0.9797266125679016,1.0,0
0.35915952920913696,1.0,1
1.05458664894104,1.0,0
0.30742380023002625,1.0,1
0.20965048670768738,1.0,1
0.49853768944740295,1.0,1
1.278551459312439,1.0,0
0.45116257667541504,1.0,1
0.3452306389808655,1.0,1
0.2519521117210388,1.0,1
0.3518790006637573,1.0,1
0.186051607131958,1.0,1
0.12433511018753052,1.0,1
0.04359350726008415,1.0,1
0.3554340600967407,1.0,1
0.35329610109329224,1.0,1
0.14784139394760132,1.0,1
0.9172235727310181,1.0,0
0.9082813262939453,1.0,0
0.595690906047821,1.0,1
0.6110922694206238,1.0,1
0.6388643980026245,1.0,1
0.6148697137832642,1.0,1
0.4506808817386627,1.0,1
0.1963532567024231,1.0,1
0.28681448101997375,1.0,1
0.5910189151763916,1.0,1
0.05160025879740715,1.0,1
0.30814456939697266,1.0,1
0.824077308177948,1.0,1
0.2473386824131012,1.0,1
0.7573466897010803,1.0,1
0.3043069541454315,1.0,1
0.4189684987068176,1.0,1
0.49843987822532654,1.0,1
0.9977849125862122,1.0,0
0.36074721813201904,1.0,1
0.3958786427974701,1.0,1
0.9102696180343628,1.0,0
0.304181843996048,1.0,1
1.172422170639038,1.0,0
0.9544520378112793,1.0,0
0.3536338806152344,1.0,1
0.5635203719139099,1.0,1
0.845808207988739,1.0,1
0.6299871802330017,1.0,1
0.395313560962677,1.0,1
0.3903113007545471,1.0,1
0.4552376866340637,1.0,1
0.7536746859550476,1.0,1
0.6926499605178833,1.0,1
0.0494176521897316,1.0,1
0.13985002040863037,1.0,1
0.2770706117153168,1.0,1
0.6531675457954407,1.0,1
0.18872813880443573,1.0,1
0.180277019739151,1.0,1
0.4103344976902008,1.0,1
0.24861817061901093,1.0,1
0.3448917269706726,1.0,1
0.3463638424873352,1.0,1
0.1356460452079773,1.0,1
0.18759259581565857,1.0,1
0.5453716516494751,1.0,1
0.27053454518318176,1.0,1
0.17746815085411072,1.0,1
0.2684151232242584,1.0,1
0.3924325108528137,1.0,1
0.48963361978530884,1.0,1
0.24085542559623718,1.0,1
0.9245485067367554,1.0,0
0.6103965640068054,1.0,1
0.5280528664588928,1.0,1
0.6089832782745361,1.0,1
0.6997452974319458,1.0,1
1.1405006647109985,1.0,0
0.1698354184627533,1.0,1
0.7416716814041138,1.0,1
1.0445741415023804,1.0,0
0.6665578484535217,1.0,1
0.7327921390533447,1.0,1
0.40700894594192505,1.0,1
0.2793106436729431,1.0,1
0.4299089312553406,1.0,1
0.6163181066513062,1.0,1
0.7742860913276672,1.0,1
0.16111041605472565,1.0,1
0.45271652936935425,1.0,1
0.2450442612171173,1.0,1
0.48211997747421265,1.0,1
0.3168320059776306,1.0,1
0.5952259302139282,1.0,1
0.23952338099479675,1.0,1
0.3293832540512085,1.0,1
0.06052565574645996,1.0,1
0.9143864512443542,1.0,0
0.8083339929580688,1.0,1
0.5857741832733154,1.0,1
0.13350380957126617,1.0,1
0.20481404662132263,1.0,1
0.1451682597398758,1.0,1
0.7515513896942139,1.0,1
0.5695600509643555,1.0,1
0.25488680601119995,1.0,1
0.1939891129732132,1.0,1
0.8370033502578735,1.0,1
0.5826447606086731,1.0,1
0.3928762376308441,1.0,1
0.9189918637275696,1.0,0
0.6274222731590271,1.0,1
0.36972346901893616,1.0,1
0.4249587655067444,1.0,1
0.05985289812088013,1.0,1
0.43179813027381897,1.0,1
0.7928106784820557,1.0,1
0.41725507378578186,1.0,1
0.42440763115882874,1.0,1
0.3323371410369873,1.0,1
0.26012641191482544,1.0,1
0.1861323118209839,1.0,1
0.23934125900268555,1.0,1
0.08611931651830673,1.0,1
0.2988840937614441,1.0,1
0.28827059268951416,1.0,1
0.19093289971351624,1.0,1
0.25602954626083374,1.0,1
0.355069637298584,1.0,1
0.048036493360996246,1.0,1
0.12279660999774933,1.0,1
0.1366298794746399,1.0,1
0.547633707523346,1.0,1
0.044648878276348114,1.0,1
0.30145469307899475,1.0,1
0.40634337067604065,1.0,1
0.17884120345115662,1.0,1
0.42318621277809143,1.0,1
0.5067899823188782,1.0,1
0.047351937741041183,1.0,1
0.3512931764125824,1.0,1
0.8586732149124146,1.0,1
0.2286335527896881,1.0,1
0.5957511067390442,1.0,1
1.0721979141235352,1.0,0
0.5686124563217163,1.0,1
0.8575612902641296,1.0,1
0.36825641989707947,1.0,1
0.2155807912349701,1.0,1
0.632169783115387,1.0,1
0.6784867644309998,1.0,1
0.37072935700416565,1.0,1
0.44888240098953247,1.0,1
0.3037525713443756,1.0,1
1.0757043361663818,1.0,0
0.4000900387763977,1.0,1
0.3982846736907959,1.0,1
0.1778343915939331,1.0,1
0.34715837240219116,1.0,1
0.14113165438175201,1.0,1
0.479025274515152,1.0,1
0.2466837614774704,1.0,1
0.48179665207862854,1.0,1
0.4818130433559418,1.0,1
0.5386493802070618,1.0,1
0.666953980922699,1.0,1
0.31510862708091736,1.0,1
0.23582689464092255,1.0,1
0.7664435505867004,1.0,1
0.11111406981945038,1.0,1
0.6992782950401306,1.0,1
0.9578922986984253,1.0,0
0.8747689127922058,1.0,0
0.6603377461433411,1.0,1
0.5058216452598572,1.0,1
0.7679175734519958,1.0,1
0.48735302686691284,1.0,1
0.4907798171043396,1.0,1
0.3273647427558899,1.0,1
0.41499486565589905,1.0,1
0.6832407116889954,1.0,1
0.46419206261634827,1.0,1
0.42799943685531616,1.0,1
0.6150130033493042,1.0,1
0.36438438296318054,1.0,1
0.6581445932388306,1.0,1
0.3476782441139221,1.0,1
0.37291958928108215,1.0,1
0.3568370044231415,1.0,1
0.23416218161582947,1.0,1
0.5752670764923096,1.0,1
0.46773797273635864,1.0,1
1.1443870067596436,1.0,0
0.43006372451782227,1.0,1
0.03973452001810074,1.0,1
0.19289693236351013,1.0,1
0.14444899559020996,1.0,1
0.40870922803878784,1.0,1
1.0786691904067993,1.0,0
0.08477595448493958,1.0,1
0.38174545764923096,1.0,1
0.5952309966087341,1.0,1
0.3503907322883606,1.0,1
0.22971346974372864,1.0,1
0.8181934356689453,1.0,1
0.4833349585533142,1.0,1
0.5887874364852905,1.0,1
0.9720266461372375,1.0,0
0.19965121150016785,1.0,1
0.7824334502220154,1.0,1
0.6696301698684692,1.0,1
0.34283703565597534,1.0,1
0.8539878726005554,1.0,1
0.29182320833206177,1.0,1
0.5172759294509888,1.0,1
0.5093919038772583,1.0,1
0.7749993801116943,1.0,1
0.8326343297958374,1.0,1
0.29985231161117554,1.0,1
0.5061247944831848,1.0,1
0.7827947735786438,1.0,1
1.0498169660568237,1.0,0
0.26726415753364563,1.0,1
0.4571821689605713,1.0,1
0.771546483039856,1.0,1
0.8152135610580444,1.0,1
0.68590247631073,1.0,1
0.18158815801143646,1.0,1
0.6172349452972412,1.0,1
0.2667403817176819,1.0,1
0.6152456998825073,1.0,1
0.152096688747406,1.0,1
0.39303264021873474,1.0,1
0.6020395755767822,1.0,1
0.6221122145652771,1.0,1
0.28523772954940796,1.0,1
0.6635491251945496,1.0,1
0.6857622265815735,1.0,1
0.14124956727027893,1.0,1
0.5216845273971558,1.0,1
0.3304288983345032,1.0,1
0.9533479809761047,1.0,0
0.36895617842674255,1.0,1
0.7495115399360657,1.0,1
0.6873904466629028,1.0,1
0.4504678249359131,1.0,1
0.3468542695045471,1.0,1
0.4514103829860687,1.0,1
0.629425048828125,1.0,1
0.5360497236251831,1.0,1
0.3395276963710785,1.0,1
0.18257781863212585,1.0,1
0.4884495735168457,1.0,1
0.36035317182540894,1.0,1
0.9499228596687317,1.0,0
0.4924694895744324,1.0,1
0.597741425037384,1.0,1
0.39608511328697205,1.0,1
0.4351591169834137,1.0,1
0.3452388644218445,1.0,1
0.34718722105026245,1.0,1
1.4152398109436035,1.0,0
0.8890129923820496,1.0,0
0.5490878224372864,1.0,1
0.6103100180625916,1.0,1
0.6442871689796448,1.0,1
0.2550220787525177,1.0,1
0.6388095617294312,1.0,1
0.42924246191978455,1.0,1
0.731410562992096,1.0,1
1.026123285293579,1.0,0
0.3276287913322449,1.0,1
1.0530064105987549,1.0,0
0.6613367795944214,1.0,1
0.6005846261978149,1.0,1
0.39299649000167847,1.0,1
0.6829031109809875,1.0,1
0.8510300517082214,1.0,1
1.114328384399414,1.0,0
0.8126961588859558,1.0,1
0.5001729726791382,1.0,1
0.06660259515047073,1.0,1
0.22047439217567444,1.0,1
1.0741450786590576,1.0,0
0.23481090366840363,1.0,1
0.5066398978233337,1.0,1
0.9082934260368347,1.0,0
0.17130015790462494,1.0,1
0.16112461686134338,1.0,1
0.34795325994491577,1.0,1
0.9409722089767456,1.0,0
0.41052913665771484,1.0,1
0.776412844657898,1.0,1
0.9652093648910522,1.0,0
0.24855729937553406,1.0,1
0.6058696508407593,1.0,1
0.6030101180076599,1.0,1
0.32069748640060425,1.0,1
0.36858510971069336,1.0,1
0.777459979057312,1.0,1
0.2787664830684662,1.0,1
0.18933163583278656,1.0,1
0.2678774893283844,1.0,1
0.5804440379142761,1.0,1
0.3104286193847656,1.0,1
0.7707059979438782,1.0,1
0.0761159211397171,1.0,1
0.2307506501674652,1.0,1
0.412916898727417,1.0,1
0.40243226289749146,1.0,1
0.733535647392273,1.0,1
0.05736842751502991,1.0,1
0.4000682830810547,1.0,1
0.34979110956192017,1.0,1
0.7027502059936523,1.0,1
0.1124023050069809,1.0,1
0.06810168921947479,1.0,1
0.38915300369262695,1.0,1
0.37129443883895874,1.0,1
0.4897734522819519,1.0,1
0.27323824167251587,1.0,1
0.20643484592437744,1.0,1
0.45137327909469604,1.0,1
0.26701080799102783,1.0,1
0.342677503824234,1.0,1
0.2711676061153412,1.0,1
0.92632657289505,1.0,0
0.44255518913269043,1.0,1
0.5546999573707581,1.0,1
0.17202478647232056,1.0,1
0.15748703479766846,1.0,1
0.9645926356315613,1.0,0
0.5398754477500916,1.0,1
1.16349196434021,1.0,0
1.2043895721435547,1.0,0
0.6938835978507996,1.0,1
0.5755019783973694,1.0,1
0.685899019241333,1.0,1
0.7834382653236389,1.0,1
0.5646990537643433,1.0,1
0.6076881885528564,1.0,1
0.3365775942802429,1.0,1
0.03508831188082695,1.0,1
0.7413960099220276,1.0,1
0.851102352142334,1.0,1
0.33231157064437866,1.0,1
0.09206061065196991,1.0,1
0.8782814741134644,1.0,0
0.18132834136486053,1.0,1
0.5071814060211182,1.0,1
0.48895329236984253,1.0,1
0.680806040763855,1.0,1
0.7121530771255493,1.0,1
0.5030691027641296,1.0,1
0.3264666795730591,1.0,1
0.2030075490474701,1.0,1
0.3293662965297699,1.0,1
0.2537408173084259,1.0,1
0.47936582565307617,1.0,1
0.15580037236213684,1.0,1
0.21224379539489746,1.0,1
0.6516014337539673,1.0,1
0.5041787624359131,1.0,1
0.14430925250053406,1.0,1
0.30280548334121704,1.0,1
0.6431330442428589,1.0,1
0.808033287525177,1.0,1
0.18851354718208313,1.0,1
0.1967824548482895,1.0,1
0.2508668303489685,1.0,1
0.5134201645851135,1.0,1
0.25215286016464233,1.0,1
0.13778364658355713,1.0,1
0.5056746006011963,1.0,1
0.7997423410415649,1.0,1
0.2104051560163498,1.0,1
0.23853226006031036,1.0,1
0.6786808967590332,1.0,1
0.03493537753820419,1.0,1
0.5644577741622925,1.0,1
0.08785409480333328,1.0,1
0.841781497001648,1.0,1
0.622050404548645,1.0,1
0.19569022953510284,1.0,1
0.4330865740776062,1.0,1
0.1574229896068573,1.0,1
0.5708076357841492,1.0,1
0.8016513586044312,1.0,1
0.5904709100723267,1.0,1
0.38821837306022644,1.0,1
0.30826684832572937,1.0,1
0.8485747575759888,1.0,1
0.48639988899230957,1.0,1
0.3435705304145813,1.0,1
0.554772138595581,1.0,1
0.25496721267700195,1.0,1
0.2722776234149933,1.0,1
0.10153014957904816,1.0,1
0.2150309532880783,1.0,1
0.12696579098701477,1.0,1
0.6537094116210938,1.0,1
0.5588515400886536,1.0,1
0.3411954343318939,1.0,1
0.6300525069236755,1.0,1
0.3453311026096344,1.0,1
0.6531972885131836,1.0,1
0.5100998282432556,1.0,1
0.5223413109779358,1.0,1
0.34486785531044006,1.0,1
0.675764799118042,1.0,1
0.7486119866371155,1.0,1
0.491432249546051,1.0,1
0.3517521917819977,1.0,1
0.5306167006492615,1.0,1
0.5302537083625793,1.0,1
0.9522562026977539,1.0,0
0.2777661979198456,1.0,1
0.04825521260499954,1.0,1
0.8362194895744324,1.0,1
0.7858256101608276,1.0,1
0.8192422986030579,1.0,1
0.41956788301467896,1.0,1
0.7814908623695374,1.0,1
0.49903231859207153,1.0,1
0.6208900213241577,1.0,1
0.7675923705101013,1.0,1
0.4296436309814453,1.0,1
0.6473493576049805,1.0,1
0.2969127893447876,1.0,1
0.6443485021591187,1.0,1
0.6499093174934387,1.0,1
1.1300536394119263,1.0,0
0.960821270942688,1.0,0
0.6059643030166626,1.0,1
0.8110634684562683,1.0,1
0.3637974262237549,1.0,1
0.4442109167575836,1.0,1
0.6394565105438232,1.0,1
0.8445206880569458,1.0,1
0.29706817865371704,1.0,1
0.29654139280319214,1.0,1
1.127280831336975,1.0,0
0.24007141590118408,1.0,1
0.7888397574424744,1.0,1
0.42726126313209534,1.0,1
0.16820700466632843,1.0,1
0.49516305327415466,1.0,1
0.4071979522705078,1.0,1
0.49615955352783203,1.0,1
0.5432218313217163,1.0,1
0.07844331115484238,1.0,1
0.4131452143192291,1.0,1
0.31948214769363403,1.0,1
1.1055612564086914,1.0,0
0.41063040494918823,1.0,1
0.21812477707862854,1.0,1
0.6153732538223267,1.0,1
0.28493836522102356,1.0,1
0.19964563846588135,1.0,1
0.4130207598209381,1.0,1
0.28073030710220337,1.0,1
0.26312947273254395,1.0,1
0.36995530128479004,1.0,1
0.6011747121810913,1.0,1
1.1102969646453857,1.0,0
0.5898545980453491,1.0,1
0.6990569829940796,1.0,1
0.2230106145143509,1.0,1
0.40680891275405884,1.0,1
0.8731744885444641,1.0,1
0.21275052428245544,1.0,1
0.7046674489974976,1.0,1
0.44372862577438354,1.0,1
0.36578261852264404,1.0,1
0.5258145928382874,1.0,1
0.58017897605896,1.0,1
0.35346153378486633,1.0,1
0.3739623427391052,1.0,1
0.7691904306411743,1.0,1
0.3819553554058075,1.0,1
0.26465776562690735,1.0,1
0.4652661681175232,1.0,1
0.8162904977798462,1.0,1
0.24117271602153778,1.0,1
0.09971925616264343,1.0,1
0.6158495545387268,1.0,1
0.6522326469421387,1.0,1
0.5479471683502197,1.0,1
0.33247989416122437,1.0,1
0.7380877733230591,1.0,1
0.6569666862487793,1.0,1
0.5963824987411499,1.0,1
0.7697637677192688,1.0,1
0.6721025109291077,1.0,1
0.8784931302070618,1.0,0
0.6016806364059448,1.0,1
0.26876115798950195,1.0,1
0.6020887494087219,1.0,1
0.3586251735687256,1.0,1
0.8381236791610718,1.0,1
1.0752878189086914,1.0,0
0.5135070085525513,1.0,1
0.9593679308891296,1.0,0
0.22026975452899933,1.0,1
0.035751115530729294,1.0,1
0.8283096551895142,1.0,1
0.2206953763961792,1.0,1
0.5587841272354126,1.0,1
0.3470440208911896,1.0,1
1.0884897708892822,1.0,0
0.8745640516281128,1.0,0
0.8514005541801453,1.0,1
0.2738576829433441,1.0,1
0.3263245224952698,1.0,1
0.4287193715572357,1.0,1
0.7583531737327576,1.0,1
0.15211127698421478,1.0,1
0.8867192268371582,1.0,0
0.49684199690818787,1.0,1
0.15015056729316711,1.0,1
0.5432758927345276,1.0,1
0.24310894310474396,1.0,1
0.6357614994049072,1.0,1
0.3429018557071686,1.0,1
0.7303337454795837,1.0,1
0.25928425788879395,1.0,1
0.4740679860115051,1.0,1
0.74852055311203,1.0,1
0.44323086738586426,1.0,1
0.4673495292663574,1.0,1
0.7291922569274902,1.0,1
0.21923640370368958,1.0,1
0.7936140894889832,1.0,1
0.5709444284439087,1.0,1
0.17217782139778137,1.0,1
0.22618703544139862,1.0,1
0.03451734036207199,1.0,1
0.08732081204652786,1.0,1
0.36022859811782837,1.0,1
0.3167549669742584,1.0,1
0.6377297043800354,1.0,1
0.5051829814910889,1.0,1
0.3563840091228485,1.0,1
0.7771651148796082,1.0,1
0.4220876693725586,1.0,1
0.10745719820261002,1.0,1
0.4855670928955078,1.0,1
0.03647162765264511,1.0,1
0.25110289454460144,1.0,1
0.5576689839363098,1.0,1
0.6709727644920349,1.0,1
0.2959527373313904,1.0,1
0.4033888280391693,1.0,1
0.6901475191116333,1.0,1
0.17346806824207306,1.0,1
0.6531005501747131,1.0,1
0.7448346614837646,1.0,1
0.5441551208496094,1.0,1
0.8683212399482727,1.0,1
0.7404822111129761,1.0,1
0.38149502873420715,1.0,1
0.14300568401813507,1.0,1
0.48206228017807007,1.0,1
0.9336813688278198,1.0,0
0.8381659388542175,1.0,1
0.6196581721305847,1.0,1
0.6882396936416626,1.0,1
0.6503815054893494,1.0,1
0.7587206959724426,1.0,1
0.41522017121315,1.0,1
0.289747029542923,1.0,1
0.32669931650161743,1.0,1
0.33432355523109436,1.0,1
0.38094598054885864,1.0,1
1.0533959865570068,1.0,0
0.27970582246780396,1.0,1
0.3432447016239166,1.0,1
0.4089798033237457,1.0,1
0.5012146234512329,1.0,1
0.5587922930717468,1.0,1
0.28373536467552185,1.0,1
1.225917100906372,1.0,0
0.23102021217346191,1.0,1
0.739470362663269,1.0,1
0.3960498869419098,1.0,1
0.7823885679244995,1.0,1
0.43445268273353577,1.0,1
0.4170137941837311,1.0,1
0.3758741021156311,1.0,1
0.19152452051639557,1.0,1
0.5371037721633911,1.0,1
0.42996129393577576,1.0,1
0.732133686542511,1.0,1
0.2474890500307083,1.0,1
0.8067728281021118,1.0,1
0.4632244110107422,1.0,1
0.09559883177280426,1.0,1
0.12010557949542999,1.0,1
0.2650340795516968,1.0,1
0.729877769947052,1.0,1
0.5961081981658936,1.0,1
0.37203073501586914,1.0,1
0.6644750237464905,1.0,1
0.4152798056602478,1.0,1
0.5153804421424866,1.0,1
0.6283235549926758,1.0,1
0.6171203255653381,1.0,1
0.33630648255348206,1.0,1
0.4776490330696106,1.0,1
0.2477540522813797,1.0,1
0.2081313133239746,1.0,1
0.9606262445449829,1.0,0
0.4148147702217102,1.0,1
0.03387543931603432,1.0,1
0.19963780045509338,1.0,1
0.598212718963623,1.0,1
0.4800415635108948,1.0,1
0.2521572709083557,1.0,1
0.3637237250804901,1.0,1
0.15060274302959442,1.0,1
0.5355087518692017,1.0,1
0.197689026594162,1.0,1
0.34518158435821533,1.0,1
0.9714635014533997,1.0,0
0.6792236566543579,1.0,1
0.27663806080818176,1.0,1
0.4661448895931244,1.0,1
0.420797735452652,1.0,1
0.48717349767684937,1.0,1
0.15344800055027008,1.0,1
0.19368408620357513,1.0,1
0.3606336712837219,1.0,1
0.14691561460494995,1.0,1
0.6959744095802307,1.0,1
0.9915102124214172,1.0,0
0.7416867017745972,1.0,1
1.0985918045043945,1.0,0
0.4650138318538666,1.0,1
0.2500658333301544,1.0,1
0.1881500780582428,1.0,1
0.4114748537540436,1.0,1
0.6540228128433228,1.0,1
0.4762396216392517,1.0,1
0.6009048223495483,1.0,1
0.3096422851085663,1.0,1
0.2686477303504944,1.0,1
0.6159743070602417,1.0,1
0.4863413870334625,1.0,1
0.28310367465019226,1.0,1
0.3712855577468872,1.0,1
0.6353429555892944,1.0,1
0.09608293324708939,1.0,1
0.25353050231933594,1.0,1
0.2580062747001648,1.0,1
0.6284927129745483,1.0,1
0.31345275044441223,1.0,1
0.26176103949546814,1.0,1
0.7029784917831421,1.0,1
0.49531880021095276,1.0,1
0.3047899603843689,1.0,1
0.6714874505996704,1.0,1
0.5446357727050781,1.0,1
0.29799550771713257,1.0,1
0.3765636086463928,1.0,1
0.27796047925949097,1.0,1
0.0802188590168953,1.0,1
0.4601161479949951,1.0,1
0.16716676950454712,1.0,1
0.5255470275878906,1.0,1
0.9653739929199219,1.0,0
0.2445874661207199,1.0,1
0.06273090094327927,1.0,1
0.34191054105758667,1.0,1
0.4243837296962738,1.0,1
0.8132506608963013,1.0,1
0.661243200302124,1.0,1
0.23822028934955597,1.0,1
0.3547879755496979,1.0,1
0.24414312839508057,1.0,1
0.23305626213550568,1.0,1
0.49891605973243713,1.0,1
0.3062191307544708,1.0,1
0.17396025359630585,1.0,1
1.1028023958206177,1.0,0
1.2163327932357788,1.0,0
0.6520251035690308,1.0,1
0.7650713324546814,1.0,1
0.81218022108078,1.0,1
0.08235807716846466,1.0,1
0.3201289772987366,1.0,1
0.7598490118980408,1.0,1
0.0500778928399086,1.0,1
0.12094570696353912,1.0,1
0.1479649841785431,1.0,1
0.24302490055561066,1.0,1
1.1423819065093994,1.0,0
0.5262991189956665,1.0,1
0.6182160377502441,1.0,1
0.377018004655838,1.0,1
0.8178688883781433,1.0,1
0.8707503080368042,1.0,1
0.7728203535079956,1.0,1
0.4864346981048584,1.0,1
0.5241025686264038,1.0,1
0.8324902653694153,1.0,1
0.5132344365119934,1.0,1
0.5473642349243164,1.0,1
0.35769030451774597,1.0,1
0.3428439497947693,1.0,1
0.515525221824646,1.0,1
0.7314932346343994,1.0,1
0.6070764660835266,1.0,1
0.17146053910255432,1.0,1
0.2790139615535736,1.0,1
0.22686581313610077,1.0,1
0.9076163172721863,1.0,0
0.5813194513320923,1.0,1
0.7183798551559448,1.0,1
0.7962039113044739,1.0,1
0.4774325489997864,1.0,1
0.2498355656862259,1.0,1
0.03528423607349396,1.0,1
0.4613319933414459,1.0,1
0.4861813485622406,1.0,1
0.6014777421951294,1.0,1
0.42424291372299194,1.0,1
0.81622713804245,1.0,1
0.4058246612548828,1.0,1
0.7763787508010864,1.0,1
0.5185450315475464,1.0,1
0.7904496192932129,1.0,1
0.4480047821998596,1.0,1
0.43486514687538147,1.0,1
0.487842857837677,1.0,1
0.46541541814804077,1.0,1
0.410848468542099,1.0,1
0.051023565232753754,1.0,1
0.5254244208335876,1.0,1
0.20750346779823303,1.0,1
0.6382479667663574,1.0,1
0.2572879493236542,1.0,1
0.4728732109069824,1.0,1
0.735773503780365,1.0,1
0.1757330447435379,1.0,1
0.0646008625626564,1.0,1
0.5443387627601624,1.0,1
0.18053238093852997,1.0,1
0.9696855545043945,1.0,0
0.3636804223060608,1.0,1
0.4998914301395416,1.0,1
0.35270971059799194,1.0,1
0.23374004662036896,1.0,1
0.6244791150093079,1.0,1
0.1053784042596817,1.0,1
0.3309810757637024,1.0,1
0.5154657959938049,1.0,1
0.7374223470687866,1.0,1
0.5283539295196533,1.0,1
0.5999390482902527,1.0,1
0.3852699100971222,1.0,1
0.5393809676170349,1.0,1
0.20788893103599548,1.0,1
0.42372530698776245,1.0,1
0.5303542017936707,1.0,1
1.1416471004486084,1.0,0
0.2398371696472168,1.0,1
0.736083984375,1.0,1
0.7182681560516357,1.0,1
0.10325398296117783,1.0,1
0.35406494140625,1.0,1
0.5782029628753662,1.0,1
1.1128685474395752,1.0,0
0.6390487551689148,1.0,1
0.4512324333190918,1.0,1
0.4741317629814148,1.0,1
0.5957695245742798,1.0,1
0.028532788157463074,1.0,1
0.3513043522834778,1.0,1
0.49105963110923767,1.0,1
0.902550220489502,1.0,0
0.6771905422210693,1.0,1
0.16549859941005707,1.0,1
0.26628321409225464,1.0,1
0.6970951557159424,1.0,1
0.3620041310787201,1.0,1
0.37796536087989807,1.0,1
0.6049031019210815,1.0,1
0.29054543375968933,1.0,1
0.5738309621810913,1.0,1
0.5581125617027283,1.0,1
0.2569364607334137,1.0,1
0.1776149570941925,1.0,1
0.6657487154006958,1.0,1
0.2802453637123108,1.0,1
0.1892782747745514,1.0,1
0.49622440338134766,1.0,1
0.32242104411125183,1.0,1
0.9477343559265137,1.0,0
1.0377360582351685,1.0,0
0.18394634127616882,1.0,1
0.9344990849494934,1.0,0
0.7117523550987244,1.0,1
0.8559467196464539,1.0,1
0.2126343995332718,1.0,1
0.7547494173049927,1.0,1
0.23587863147258759,1.0,1
0.5000338554382324,1.0,1
1.615533471107483,1.0,0
0.6167771220207214,1.0,1
0.3726428151130676,1.0,1
0.8549184799194336,1.0,1
1.2479106187820435,1.0,0
0.13804073631763458,1.0,1
1.0111048221588135,1.0,0
0.25212040543556213,1.0,1
0.2705664038658142,1.0,1
0.23837324976921082,1.0,1
0.10857498645782471,1.0,1
0.2116575986146927,1.0,1
0.5554124116897583,1.0,1
0.22207406163215637,1.0,1
1.1680936813354492,1.0,0
0.2911635637283325,1.0,1
0.6858171224594116,1.0,1
0.5164148211479187,1.0,1
0.8189340829849243,1.0,1
0.36046767234802246,1.0,1
1.32244873046875,1.0,0
0.4764203429222107,1.0,1
0.6046833395957947,1.0,1
0.9528936147689819,1.0,0
0.302979439496994,1.0,1
0.5315675735473633,1.0,1
0.35070788860321045,1.0,1
0.6383112668991089,1.0,1
0.640188992023468,1.0,1
0.5256136655807495,1.0,1
0.3736720681190491,1.0,1
0.5703312158584595,1.0,1
0.7880549430847168,1.0,1
0.27702170610427856,1.0,1
0.3091481626033783,1.0,1
0.558324933052063,1.0,1
0.4204382002353668,1.0,1
0.33141377568244934,1.0,1
0.25724655389785767,1.0,1
0.3236008882522583,1.0,1
0.4307587742805481,1.0,1
0.3242504298686981,1.0,1
0.5800443887710571,1.0,1
0.749383807182312,1.0,1
0.2729620933532715,1.0,1
0.7467435002326965,1.0,1
0.8628160357475281,1.0,1
0.9499551653862,1.0,0
0.38781261444091797,1.0,1
0.6589878797531128,1.0,1
0.46901941299438477,1.0,1
0.5680459141731262,1.0,1
0.5435853600502014,1.0,1
0.5696691870689392,1.0,1
0.7612612843513489,1.0,1
0.418964684009552,1.0,1
0.7046966552734375,1.0,1
0.2701193392276764,1.0,1
0.9626566171646118,1.0,0
0.16139748692512512,1.0,1
0.6045048236846924,1.0,1
0.21218113601207733,1.0,1
0.19495123624801636,1.0,1
0.2363007515668869,1.0,1
0.05356859043240547,1.0,1
0.24714092910289764,1.0,1
0.4016447961330414,1.0,1
0.6483659148216248,1.0,1
0.37211093306541443,1.0,1
0.1399768590927124,1.0,1
0.18311955034732819,1.0,1
0.4496806263923645,1.0,1
0.1649187207221985,1.0,1
0.04166232421994209,1.0,1
0.27387115359306335,1.0,1
1.0841776132583618,1.0,0
0.07011105865240097,1.0,1
0.2784087359905243,1.0,1
0.2326427698135376,1.0,1
0.7509511709213257,1.0,1
0.4285965859889984,1.0,1
0.3169466257095337,1.0,1
0.2850603461265564,1.0,1
0.5487903356552124,1.0,1
0.5344510674476624,1.0,1
0.49631839990615845,1.0,1
0.3672400116920471,1.0,1
0.5345109701156616,1.0,1
0.38363808393478394,1.0,1
1.008544683456421,1.0,0
0.18533098697662354,1.0,1
0.34423771500587463,1.0,1
0.5754852294921875,1.0,1
0.4550077021121979,1.0,1
0.3609059453010559,1.0,1
1.0162385702133179,1.0,0
1.1466730833053589,1.0,0
0.471912145614624,1.0,1
0.29677408933639526,1.0,1
0.331405907869339,1.0,1
0.256746768951416,1.0,1
0.2766263782978058,1.0,1
0.7330858707427979,1.0,1
0.29076069593429565,1.0,1
0.38151097297668457,1.0,1
0.22511890530586243,1.0,1
0.4529500901699066,1.0,1
0.4167200028896332,1.0,1
0.2312697470188141,1.0,1
0.6220563054084778,1.0,1
0.31402793526649475,1.0,1
0.46464234590530396,1.0,1
0.4310975968837738,1.0,1
0.5426067113876343,1.0,1
0.05856596305966377,1.0,1
0.8697368502616882,1.0,1
0.5453278422355652,1.0,1
0.05052619054913521,1.0,1
0.7689058184623718,1.0,1
0.9938424825668335,1.0,0
0.1405719816684723,1.0,1
0.9167782068252563,1.0,0
0.5539358854293823,1.0,1
0.6597788333892822,1.0,1
0.924446702003479,1.0,0
0.30661338567733765,1.0,1
0.6484969854354858,1.0,1
0.24196632206439972,1.0,1
0.22379057109355927,1.0,1
0.8949357867240906,1.0,0
0.6464558839797974,1.0,1
0.22523906826972961,1.0,1
0.08356192708015442,1.0,1
0.19221231341362,1.0,1
0.3596805930137634,1.0,1
0.5569825768470764,1.0,1
0.28301164507865906,1.0,1
0.21443109214305878,1.0,1
0.6932941675186157,1.0,1
0.6571880578994751,1.0,1
0.6841621994972229,1.0,1
0.3616313338279724,1.0,1
0.4630984365940094,1.0,1
0.6963097453117371,1.0,1
0.47137531638145447,1.0,1
1.104236125946045,1.0,0
0.9222215414047241,1.0,0
0.4789591431617737,1.0,1
0.4584690034389496,1.0,1
0.6769002676010132,1.0,1
0.19922499358654022,1.0,1
0.11783690750598907,1.0,1
0.7791261076927185,1.0,1
0.7662487030029297,1.0,1
0.4562089443206787,1.0,1
0.1931564062833786,1.0,1
0.677321195602417,1.0,1
0.6183803081512451,1.0,1
0.3643542230129242,1.0,1
0.14630058407783508,1.0,1
0.1730906367301941,1.0,1
0.3318096697330475,1.0,1
0.3448055386543274,1.0,1
0.5781513452529907,1.0,1
0.6121987700462341,1.0,1
0.4718632102012634,1.0,1
0.34935900568962097,1.0,1
0.5242653489112854,1.0,1
0.5770189166069031,1.0,1
0.40671801567077637,1.0,1
0.18855705857276917,1.0,1
0.4224828779697418,1.0,1
0.24545936286449432,1.0,1
0.20187918841838837,1.0,1
0.4119720458984375,1.0,1
0.6383439898490906,1.0,1
0.6804913282394409,1.0,1
0.44373875856399536,1.0,1
0.3161592483520508,1.0,1
0.23716366291046143,1.0,1
0.46477943658828735,1.0,1
0.24696092307567596,1.0,1
0.2697242796421051,1.0,1
0.8450313806533813,1.0,1
0.42768722772598267,1.0,1
0.4116283059120178,1.0,1
0.8188300132751465,1.0,1
0.3070858120918274,1.0,1
0.4875005781650543,1.0,1
0.5081048607826233,1.0,1
0.7556806206703186,1.0,1
1.1180460453033447,1.0,0
0.3607749342918396,1.0,1
0.36765918135643005,1.0,1
0.5739643573760986,1.0,1
0.3589652478694916,1.0,1
0.6623218655586243,1.0,1
0.37620657682418823,1.0,1
0.9835888147354126,1.0,0
0.48481473326683044,1.0,1
0.6291049122810364,1.0,1
0.26676231622695923,1.0,1
0.6523348689079285,1.0,1
0.09468196332454681,1.0,1
0.14901305735111237,1.0,1
0.2603549659252167,1.0,1
0.3631134033203125,1.0,1
0.35248926281929016,1.0,1
0.21431323885917664,1.0,1
0.9010405540466309,1.0,0
0.7122994065284729,1.0,1
0.07611775398254395,1.0,1
0.6103346943855286,1.0,1
0.4058627486228943,1.0,1
0.4658582806587219,1.0,1
1.2486069202423096,1.0,0
0.46565359830856323,1.0,1
0.21806153655052185,1.0,1
0.7379925847053528,1.0,1
0.21539516746997833,1.0,1
0.35481664538383484,1.0,1
1.16957688331604,1.0,0
0.10568387806415558,1.0,1
0.5113105177879333,1.0,1
0.27153268456459045,1.0,1
0.7858982682228088,1.0,1
0.4343615174293518,1.0,1
0.4060091972351074,1.0,1
0.5509454011917114,1.0,1
0.3521663546562195,1.0,1
0.2754702568054199,1.0,1
1.1559476852416992,1.0,0
0.4989689886569977,1.0,1
0.4965962767601013,1.0,1
0.5366005301475525,1.0,1
0.6389464139938354,1.0,1
0.11105768382549286,1.0,1
0.31715160608291626,1.0,1
0.233319953083992,1.0,1
0.12159363180398941,1.0,1
0.41804832220077515,1.0,1
0.39999961853027344,1.0,1
0.36791104078292847,1.0,1
0.26686927676200867,1.0,1
0.20502035319805145,1.0,1
0.9287001490592957,1.0,0
0.18959884345531464,1.0,1
0.2733449637889862,1.0,1
0.8601172566413879,1.0,1
0.36352044343948364,1.0,1
1.0450952053070068,1.0,0
0.9011504054069519,1.0,0
0.500402569770813,1.0,1
0.13621072471141815,1.0,1
0.15773317217826843,1.0,1
0.38330498337745667,1.0,1
0.3891686797142029,1.0,1
0.3770023584365845,1.0,1
0.7932697534561157,1.0,1
0.1943279653787613,1.0,1
0.7559808492660522,1.0,1
0.23523977398872375,1.0,1
0.5742449760437012,1.0,1
0.6628164649009705,1.0,1
0.386953741312027,1.0,1
0.29915958642959595,1.0,1
0.1817621886730194,1.0,1
0.14182160794734955,1.0,1
0.5134041905403137,1.0,1
0.17228609323501587,1.0,1
0.8170740008354187,1.0,1
0.2054954469203949,1.0,1
0.17774195969104767,1.0,1
0.08931007236242294,1.0,1
0.31775885820388794,1.0,1
0.21216091513633728,1.0,1
0.31320416927337646,1.0,1
0.5372764468193054,1.0,1
0.14678819477558136,1.0,1
0.20319867134094238,1.0,1
0.2700916528701782,1.0,1
0.47738584876060486,1.0,1
0.24315884709358215,1.0,1
0.2131732702255249,1.0,1
0.6338585615158081,1.0,1
0.10889621824026108,1.0,1
0.6010611653327942,1.0,1
0.5786062479019165,1.0,1
0.0758201852440834,1.0,1
0.44140028953552246,1.0,1
0.41651034355163574,1.0,1
0.3193287253379822,1.0,1
0.33191102743148804,1.0,1
0.32152649760246277,1.0,1
0.2970477044582367,1.0,1
0.11095830053091049,1.0,1
0.31556910276412964,1.0,1
0.21100576221942902,1.0,1
0.3900207579135895,1.0,1
0.11349346488714218,1.0,1
0.20204083621501923,1.0,1
0.7415580749511719,1.0,1
0.08476106822490692,1.0,1
0.27874836325645447,1.0,1
0.21364441514015198,1.0,1
0.24924346804618835,1.0,1
0.20745733380317688,1.0,1
0.8642975091934204,1.0,1
0.3641257584095001,1.0,1
0.06316057592630386,1.0,1
0.18843579292297363,1.0,1
0.9274175763130188,1.0,0
0.8371270298957825,1.0,1
0.18500050902366638,1.0,1
0.25140467286109924,1.0,1
0.1272841840982437,1.0,1
0.25629934668540955,1.0,1
0.14944948256015778,1.0,1
0.6897634267807007,1.0,1
0.03695192188024521,1.0,1
0.5741830468177795,1.0,1
0.3012447655200958,1.0,1
0.4895966947078705,1.0,1
0.7667678594589233,1.0,1
0.8731675148010254,1.0,1
0.44610080122947693,1.0,1
0.8966926336288452,1.0,0
0.4990765452384949,1.0,1
0.33962759375572205,1.0,1
1.1538269519805908,1.0,0
0.8092755079269409,1.0,1
0.9108556509017944,1.0,0
1.2084414958953857,1.0,0
0.46903467178344727,1.0,1
0.3567392826080322,1.0,1
0.5702575445175171,1.0,1
0.4428597092628479,1.0,1
0.3291449546813965,1.0,1
0.7975471019744873,1.0,1
1.2447621822357178,1.0,0
0.22195594012737274,1.0,1
0.6654013395309448,1.0,1
0.9022943377494812,1.0,0
0.3080311715602875,1.0,1
0.48408418893814087,1.0,1
0.37683242559432983,1.0,1
0.3951720893383026,1.0,1
0.44294866919517517,1.0,1
1.248260259628296,1.0,0
0.05508073419332504,1.0,1
0.20959803462028503,1.0,1
0.24392127990722656,1.0,1
0.6637246608734131,1.0,1
0.5503756999969482,1.0,1
0.06660813838243484,1.0,1
0.6986818313598633,1.0,1
0.7700692415237427,1.0,1
0.2511707842350006,1.0,1
0.9058645367622375,1.0,0
0.5612097978591919,1.0,1
0.7488583326339722,1.0,1
0.761583149433136,1.0,1
0.6241465210914612,1.0,1
0.2418723851442337,1.0,1
0.1640106439590454,1.0,1
0.3745092451572418,1.0,1
0.45395177602767944,1.0,1
0.41634446382522583,1.0,1
0.5465396046638489,1.0,1
0.2730693221092224,1.0,1
0.5494532585144043,1.0,1
0.5705220699310303,1.0,1
0.8526656031608582,1.0,1
0.19109278917312622,1.0,1
0.33376631140708923,1.0,1
1.105931043624878,1.0,0
0.44031229615211487,1.0,1
0.03559761866927147,1.0,1
0.2813335359096527,1.0,1
0.08894427120685577,1.0,1
0.13642272353172302,1.0,1
0.6661749482154846,1.0,1
0.49044838547706604,1.0,1
0.12273657321929932,1.0,1
0.6310794949531555,1.0,1
1.145097255706787,1.0,0
0.44181713461875916,1.0,1
0.16615068912506104,1.0,1
0.14633981883525848,1.0,1
0.5128950476646423,1.0,1
0.6037245988845825,1.0,1
0.4191891551017761,1.0,1
0.3185778260231018,1.0,1
0.34642279148101807,1.0,1
0.09396324306726456,1.0,1
0.2766750454902649,1.0,1
0.5555421710014343,1.0,1
0.8029870986938477,1.0,1
0.2435339391231537,1.0,1
0.24666786193847656,1.0,1
0.22550292313098907,1.0,1
0.709626317024231,1.0,1
0.3844251036643982,1.0,1
0.3783988952636719,1.0,1
0.7122819423675537,1.0,1
0.6702753305435181,1.0,1
0.20579485595226288,1.0,1
0.08464183658361435,1.0,1
0.31958338618278503,1.0,1
0.4864180088043213,1.0,1
0.26129150390625,1.0,1
0.14114262163639069,1.0,1
0.5492523312568665,1.0,1
0.5187605619430542,1.0,1
0.595687747001648,1.0,1
0.7626131176948547,1.0,1
0.5169517397880554,1.0,1
0.35470816493034363,1.0,1
0.2678248882293701,1.0,1
0.4915791153907776,1.0,1
1.1020193099975586,1.0,0
0.31156957149505615,1.0,1
0.053317271173000336,1.0,1
0.7226482629776001,1.0,1
0.5102601647377014,1.0,1
0.26791054010391235,1.0,1
0.07375525683164597,1.0,1
0.32819002866744995,1.0,1
0.7503721117973328,1.0,1
0.5277329683303833,1.0,1
1.0828417539596558,1.0,0
0.22280383110046387,1.0,1
0.43107256293296814,1.0,1
0.41471415758132935,1.0,1
0.28555208444595337,1.0,1
0.27208200097084045,1.0,1
0.44616109132766724,1.0,1
0.7425665855407715,1.0,1
0.8820172548294067,1.0,0
0.3290826380252838,1.0,1
0.2044537365436554,1.0,1
0.15204718708992004,1.0,1
0.3552190363407135,1.0,1
0.2942676544189453,1.0,1
0.3839625418186188,1.0,1
0.2123999297618866,1.0,1
0.4968441426753998,1.0,1
0.21207280457019806,1.0,1
0.9293456077575684,1.0,0
0.5850948691368103,1.0,1
0.8302662968635559,1.0,1
0.24569281935691833,1.0,1
0.5949468612670898,1.0,1
0.8559454083442688,1.0,1
0.46282392740249634,1.0,1
0.47928160429000854,1.0,1
0.5237661600112915,1.0,1
0.6991310119628906,1.0,1
0.5932019948959351,1.0,1
0.47984737157821655,1.0,1
0.28693702816963196,1.0,1
0.52179354429245,1.0,1
0.393998920917511,1.0,1
0.18364161252975464,1.0,1
0.7009227871894836,1.0,1
0.23101897537708282,1.0,1
0.42484480142593384,1.0,1
0.6733238697052002,1.0,1
0.7266974449157715,1.0,1
0.17214226722717285,1.0,1
0.10571334511041641,1.0,1
0.5801039934158325,1.0,1
0.47024470567703247,1.0,1
1.0497032403945923,1.0,0
0.5749014019966125,1.0,1
0.46200522780418396,1.0,1
0.510283887386322,1.0,1
0.7837417721748352,1.0,1
0.5190037488937378,1.0,1
0.37288686633110046,1.0,1
0.14385287463665009,1.0,1
0.7962536215782166,1.0,1
0.3863869309425354,1.0,1
0.3816589117050171,1.0,1
0.06874191015958786,1.0,1
0.6321233510971069,1.0,1
0.46707457304000854,1.0,1
0.06931459903717041,1.0,1
0.2903063893318176,1.0,1
0.5793485045433044,1.0,1
0.5018258690834045,1.0,1
0.23636583983898163,1.0,1
0.15030765533447266,1.0,1
0.459465891122818,1.0,1
0.5024563074111938,1.0,1
0.21047154068946838,1.0,1
0.24114198982715607,1.0,1
0.6805651187896729,1.0,1
0.9334263801574707,1.0,0
0.30856671929359436,1.0,1
0.5082181692123413,1.0,1
0.20346805453300476,1.0,1
0.4442797303199768,1.0,1
0.6334061026573181,1.0,1
0.09219799190759659,1.0,1
0.37840011715888977,1.0,1
0.8291264772415161,1.0,1
0.3281986117362976,1.0,1
0.2859559953212738,1.0,1
0.35649317502975464,1.0,1
0.17079368233680725,1.0,1
0.5261313915252686,1.0,1
0.17181676626205444,1.0,1
0.1634768545627594,1.0,1
0.7265991568565369,1.0,1
0.36558961868286133,1.0,1
1.1061080694198608,1.0,0
0.0461774617433548,1.0,1
0.20844320952892303,1.0,1
0.44962015748023987,1.0,1
0.16397884488105774,1.0,1
0.49250340461730957,1.0,1
1.011757493019104,1.0,0
0.42377084493637085,1.0,1
0.42812901735305786,1.0,1
0.3938218057155609,1.0,1
0.4243531823158264,1.0,1
0.6562069058418274,1.0,1
0.6347663402557373,1.0,1
0.3831575810909271,1.0,1
0.46359920501708984,1.0,1
0.5423441529273987,1.0,1
0.5071603059768677,1.0,1
0.5600062608718872,1.0,1
0.4992533326148987,1.0,1
0.8503854870796204,1.0,1
0.9198721647262573,1.0,0
0.2666158676147461,1.0,1
0.5208317041397095,1.0,1
0.3179803192615509,1.0,1
0.1681128293275833,1.0,1
0.08677379786968231,1.0,1
1.128723382949829,1.0,0
0.8973422050476074,1.0,0
0.444934219121933,1.0,1
0.44357413053512573,1.0,1
0.6959265470504761,1.0,1
0.6589142084121704,1.0,1
0.14112327992916107,1.0,1
0.7433754205703735,1.0,1
0.18478190898895264,1.0,1
0.43398982286453247,1.0,1
0.9481477737426758,1.0,0
0.7457304000854492,1.0,1
0.6463278532028198,1.0,1
0.22874048352241516,1.0,1
0.5475069284439087,1.0,1
0.41519254446029663,1.0,1
0.6164634227752686,1.0,1
0.2767682373523712,1.0,1
0.6216513514518738,1.0,1
0.5664841532707214,1.0,1
0.17538535594940186,1.0,1
1.3314838409423828,1.0,0
0.14368978142738342,1.0,1
0.25646260380744934,1.0,1
0.6624331474304199,1.0,1
0.5941259264945984,1.0,1
0.14683212339878082,1.0,1
0.44236356019973755,1.0,1
0.17794117331504822,1.0,1
0.19006550312042236,1.0,1
0.706369936466217,1.0,1
0.1881330907344818,1.0,1
0.35396137833595276,1.0,1
0.4655531048774719,1.0,1
0.602362871170044,1.0,1
0.11086259037256241,1.0,1
0.5564104318618774,1.0,1
0.3679090738296509,1.0,1
0.48755258321762085,1.0,1
0.7826765775680542,1.0,1
0.292826384305954,1.0,1
0.7877889275550842,1.0,1
0.17601387202739716,1.0,1
0.48525911569595337,1.0,1
0.43841785192489624,1.0,1
0.27050334215164185,1.0,1
0.4773704409599304,1.0,1
0.273365318775177,1.0,1
0.19939765334129333,1.0,1
0.15820671617984772,1.0,1
0.4947289526462555,1.0,1
0.683801531791687,1.0,1
0.9027897119522095,1.0,0
0.2599973678588867,1.0,1
0.9015509486198425,1.0,0
0.5912717580795288,1.0,1
0.4440235197544098,1.0,1
0.942609429359436,1.0,0
0.35977262258529663,1.0,1
0.802171528339386,1.0,1
0.7869885563850403,1.0,1
0.22978878021240234,1.0,1
0.16354380548000336,1.0,1
0.22749868035316467,1.0,1
0.40762796998023987,1.0,1
0.6055623888969421,1.0,1
1.097798466682434,1.0,0
0.2834773659706116,1.0,1
0.29660564661026,1.0,1
0.3784298300743103,1.0,1
0.3126024305820465,1.0,1
0.43440404534339905,1.0,1
0.8461540341377258,1.0,1
0.268216073513031,1.0,1
0.6696774959564209,1.0,1
0.5065827369689941,1.0,1
0.3551875650882721,1.0,1
0.5940207839012146,1.0,1
0.2584766149520874,1.0,1
1.1067798137664795,1.0,0
0.8082772493362427,1.0,1
0.43055176734924316,1.0,1
0.2377808541059494,1.0,1
0.39963147044181824,1.0,1
0.07880868017673492,1.0,1
0.507681131362915,1.0,1
0.4023877680301666,1.0,1
0.73993980884552,1.0,1
0.18833684921264648,1.0,1
0.729060709476471,1.0,1
0.5514054894447327,1.0,1
0.11534285545349121,1.0,1
0.9467476606369019,1.0,0
0.684698224067688,1.0,1
0.8763861656188965,1.0,0
0.260739803314209,1.0,1
0.4948352873325348,1.0,1
0.8554216623306274,1.0,1
0.24506525695323944,1.0,1
0.07584810256958008,1.0,1
0.4916728138923645,1.0,1
0.15597519278526306,1.0,1
0.030998453497886658,1.0,1
0.5962316989898682,1.0,1
0.5456052422523499,1.0,1
0.5161144137382507,1.0,1
0.19951191544532776,1.0,1
0.2193419486284256,1.0,1
0.2989984452724457,1.0,1
0.21787495911121368,1.0,1
0.21385273337364197,1.0,1
0.4097701609134674,1.0,1
0.4874400496482849,1.0,1
0.33083203434944153,1.0,1
1.053600788116455,1.0,0
0.3479467034339905,1.0,1
0.26568156480789185,1.0,1
0.5357385277748108,1.0,1
0.32556796073913574,1.0,1
0.3330288529396057,1.0,1
0.4573396146297455,1.0,1
0.3023984134197235,1.0,1
0.4570963382720947,1.0,1
0.26662421226501465,1.0,1
0.4562716484069824,1.0,1
0.5839541554450989,1.0,1
0.19382748007774353,1.0,1
0.1288009136915207,1.0,1
0.05811368301510811,1.0,1
0.654255211353302,1.0,1
0.6979672312736511,1.0,1
0.03866608813405037,1.0,1
0.0684199184179306,1.0,1
0.6938081979751587,1.0,1
0.3570326566696167,1.0,1
0.5780321359634399,1.0,1
0.7255876660346985,1.0,1
0.5468238592147827,1.0,1
0.35866791009902954,1.0,1
0.5791501998901367,1.0,1
0.4804926812648773,1.0,1
0.3010982871055603,1.0,1
0.2318236380815506,1.0,1
1.171579122543335,1.0,0
0.3188669681549072,1.0,1
0.08129026740789413,1.0,1
0.7208307981491089,1.0,1
0.09983275830745697,1.0,1
0.08237715065479279,1.0,1
0.15922138094902039,1.0,1
0.495697021484375,1.0,1
0.20475611090660095,1.0,1
0.22278587520122528,1.0,1
0.1527176797389984,1.0,1
0.4977607727050781,1.0,1
0.2745407521724701,1.0,1
0.558921754360199,1.0,1
0.5480209589004517,1.0,1
0.24480125308036804,1.0,1
0.07956334203481674,1.0,1
0.40894728899002075,1.0,1
0.6912338137626648,1.0,1
0.26161831617355347,1.0,1
1.0683352947235107,1.0,0
0.17511725425720215,1.0,1
0.7695327997207642,1.0,1
0.12382389605045319,1.0,1
0.2940782904624939,1.0,1
0.2023344486951828,1.0,1
0.5318640470504761,1.0,1
0.7043601274490356,1.0,1
0.10870858281850815,1.0,1
0.649803638458252,1.0,1
0.25145208835601807,1.0,1
0.20695047080516815,1.0,1
0.03768625482916832,1.0,1
0.3309738337993622,1.0,1
0.7035073041915894,1.0,1
0.3029490113258362,1.0,1
0.4965871274471283,1.0,1
0.10215560346841812,1.0,1
0.14029273390769958,1.0,1
0.1733834147453308,1.0,1
0.14438827335834503,1.0,1
0.531822681427002,1.0,1
0.20006433129310608,1.0,1
0.1804131418466568,1.0,1
0.3694574236869812,1.0,1
0.14233726263046265,1.0,1
0.17534402012825012,1.0,1
0.757657527923584,1.0,1
0.6309796571731567,1.0,1
0.6859878897666931,1.0,1
0.4470960199832916,1.0,1
0.15291215479373932,1.0,1
0.4231528639793396,1.0,1
0.8704686164855957,1.0,1
0.3417154848575592,1.0,1
0.38811975717544556,1.0,1
0.42628616094589233,1.0,1
0.12215522676706314,1.0,1
0.5503939390182495,1.0,1
0.41169363260269165,1.0,1
0.6266751289367676,1.0,1
0.6825518608093262,1.0,1
0.1551186740398407,1.0,1
0.5845543742179871,1.0,1
0.05030864477157593,1.0,1
0.13873383402824402,1.0,1
0.22154350578784943,1.0,1
0.5547423958778381,1.0,1
0.22014650702476501,1.0,1
0.31068649888038635,1.0,1
0.12147644907236099,1.0,1
0.18158987164497375,1.0,1
0.1537928432226181,1.0,1
0.3411327004432678,1.0,1
0.7518056035041809,1.0,1
0.1397509127855301,1.0,1
0.36295169591903687,1.0,1
0.29305532574653625,1.0,1
0.18398313224315643,1.0,1
0.5350415110588074,1.0,1
0.28023937344551086,1.0,1
0.034144967794418335,1.0,1
0.1872977316379547,1.0,1
1.0754083395004272,1.0,0
0.8573290705680847,1.0,1
0.5294256210327148,1.0,1
0.42569899559020996,1.0,1
0.6796589493751526,1.0,1
0.7911542654037476,1.0,1
0.3014792501926422,1.0,1
0.5684517025947571,1.0,1
0.7409278154373169,1.0,1
0.8714900016784668,1.0,1
0.2776944637298584,1.0,1
0.3262166976928711,1.0,1
0.4809018075466156,1.0,1
1.312408208847046,1.0,0
0.22369404137134552,1.0,1
0.4063350558280945,1.0,1
0.3625296652317047,1.0,1
0.5473840832710266,1.0,1
0.3264913856983185,1.0,1
0.35385388135910034,1.0,1
0.3592044711112976,1.0,1
0.4445939064025879,1.0,1
0.6019470691680908,1.0,1
0.03284844383597374,1.0,1
0.7072328329086304,1.0,1
0.47407492995262146,1.0,1
0.8045215606689453,1.0,1
0.41102534532546997,1.0,1
0.3950343728065491,1.0,1
0.868592381477356,1.0,1
0.26836857199668884,1.0,1
0.900566577911377,1.0,0
0.282863050699234,1.0,1
0.47989192605018616,1.0,1
0.6200962066650391,1.0,1
0.5148836374282837,1.0,1
0.15532833337783813,1.0,1
0.2812374532222748,1.0,1
0.549558162689209,1.0,1
0.2528340220451355,1.0,1
0.2814900279045105,1.0,1
0.18314340710639954,1.0,1
0.5757850408554077,1.0,1
0.6271114945411682,1.0,1
0.7814297080039978,1.0,1
0.5867353081703186,1.0,1
0.4979325234889984,1.0,1
0.09824801981449127,1.0,1
0.4584154188632965,1.0,1
0.3804456889629364,1.0,1
0.7504007816314697,1.0,1
0.2965260148048401,1.0,1
0.6776927709579468,1.0,1
0.4609408378601074,1.0,1
0.29047900438308716,1.0,1
1.002939224243164,1.0,0
0.08434988558292389,1.0,1
0.47258391976356506,1.0,1
0.27378547191619873,1.0,1
0.4872560501098633,1.0,1
0.16249042749404907,1.0,1
0.05634284019470215,1.0,1
0.03723470866680145,1.0,1
0.5534113049507141,1.0,1
0.7884217500686646,1.0,1
0.3959333598613739,1.0,1
0.7888346910476685,1.0,1
0.1626156121492386,1.0,1
0.22817187011241913,1.0,1
0.3736477196216583,1.0,1
0.2954525947570801,1.0,1
0.31967002153396606,1.0,1
0.4854767322540283,1.0,1
0.3241131901741028,1.0,1
0.3182486891746521,1.0,1
0.9871721267700195,1.0,0
0.23315377533435822,1.0,1
0.30525752902030945,1.0,1
1.07875394821167,1.0,0
0.5634161829948425,1.0,1
0.40761250257492065,1.0,1
0.4891122877597809,1.0,1
0.29676011204719543,1.0,1
0.15456362068653107,1.0,1
0.5142361521720886,1.0,1
0.605798602104187,1.0,1
0.396450400352478,1.0,1
0.34297704696655273,1.0,1
0.2702115476131439,1.0,1
0.168252095580101,1.0,1
0.5194185972213745,1.0,1
0.2064909040927887,1.0,1
0.12427620589733124,1.0,1
0.057021550834178925,1.0,1
0.4080761969089508,1.0,1
0.43425169587135315,1.0,1
0.9959723353385925,1.0,0
0.22001715004444122,1.0,1
0.6617336273193359,1.0,1
0.16236267983913422,1.0,1
0.394037663936615,1.0,1
1.153923749923706,1.0,0
0.22371867299079895,1.0,1
0.2078949213027954,1.0,1
0.8979412317276001,1.0,0
0.37333130836486816,1.0,1
0.14991562068462372,1.0,1
0.6962063908576965,1.0,1
0.15723301470279694,1.0,1
0.2903164029121399,1.0,1
0.9325214624404907,1.0,0
0.6203003525733948,1.0,1
0.8035742044448853,1.0,1
0.46034306287765503,1.0,1
0.2943803668022156,1.0,1
0.1054045706987381,1.0,1
0.39945363998413086,1.0,1
0.20120541751384735,1.0,1
0.4216901659965515,1.0,1
0.5138639211654663,1.0,1
0.3774789273738861,1.0,1
0.36134904623031616,1.0,1
0.06668217480182648,1.0,1
0.9013401865959167,1.0,0
0.6398928761482239,1.0,1
0.11920374631881714,1.0,1
0.4058396816253662,1.0,1
1.2485030889511108,1.0,0
0.3041608929634094,1.0,1
0.2650424540042877,1.0,1
0.3521406650543213,1.0,1
0.2791135311126709,1.0,1
0.6405979990959167,1.0,1
0.5185968279838562,1.0,1
0.33676761388778687,1.0,1
0.10838887840509415,1.0,1
0.07017206400632858,1.0,1
0.1488797962665558,1.0,1
0.7980276942253113,1.0,1
0.6054400205612183,1.0,1
0.8936250805854797,1.0,0
0.4866355061531067,1.0,1
0.3188524842262268,1.0,1
0.22184959053993225,1.0,1
0.36931997537612915,1.0,1
0.3020535409450531,1.0,1
0.07120739668607712,1.0,1
0.14222975075244904,1.0,1
0.6233097314834595,1.0,1
0.08005011826753616,1.0,1
0.37608927488327026,1.0,1
1.1743896007537842,1.0,0
0.5874977707862854,1.0,1
0.9546570777893066,1.0,0
0.08478286117315292,1.0,1
0.4756084084510803,1.0,1
0.5502661466598511,1.0,1
0.5710397362709045,1.0,1
0.43131622672080994,1.0,1
0.3524652123451233,1.0,1
0.3168630003929138,1.0,1
0.12071380764245987,1.0,1
0.7694374322891235,1.0,1
0.18457680940628052,1.0,1
0.26791784167289734,1.0,1
0.47247639298439026,1.0,1
0.5573614835739136,1.0,1
0.25034961104393005,1.0,1
0.22277145087718964,1.0,1
0.25623172521591187,1.0,1
1.0181854963302612,1.0,0
0.31757575273513794,1.0,1
0.43294596672058105,1.0,1
0.691810667514801,1.0,1
0.7966116070747375,1.0,1
0.2652755379676819,1.0,1
0.6673170328140259,1.0,1
0.23601751029491425,1.0,1
0.36187320947647095,1.0,1
0.22326239943504333,1.0,1
1.009680151939392,1.0,0
0.2604824900627136,1.0,1
0.13284900784492493,1.0,1
0.1630459725856781,1.0,1
0.4814757704734802,1.0,1
0.5691133737564087,1.0,1
0.6876136064529419,1.0,1
0.6064215898513794,1.0,1
0.43294626474380493,1.0,1
0.36811545491218567,1.0,1
0.5873914361000061,1.0,1
0.6583775281906128,1.0,1
0.9082905054092407,1.0,0
0.8251951932907104,1.0,1
0.35729002952575684,1.0,1
0.3678766191005707,1.0,1
0.04626043513417244,1.0,1
0.5721688270568848,1.0,1
0.3825558125972748,1.0,1
0.5207701921463013,1.0,1
0.3353307545185089,1.0,1
0.5299895405769348,1.0,1
0.343522846698761,1.0,1
0.6567755341529846,1.0,1
0.42319226264953613,1.0,1
0.6376814842224121,1.0,1
0.21808767318725586,1.0,1
0.3108901381492615,1.0,1
0.34909525513648987,1.0,1
0.6102233529090881,1.0,1
0.39044415950775146,1.0,1
0.5294197201728821,1.0,1
0.7881795167922974,1.0,1
0.6908036470413208,1.0,1
0.45477399230003357,1.0,1
0.24461424350738525,1.0,1
0.5622550249099731,1.0,1
0.34339237213134766,1.0,1
0.32524532079696655,1.0,1
0.6713270545005798,1.0,1
0.822364330291748,1.0,1
0.3363174498081207,1.0,1
0.09782309830188751,1.0,1
0.21895833313465118,1.0,1
0.47501206398010254,1.0,1
0.06796154379844666,1.0,1
0.32563430070877075,1.0,1
0.2408371865749359,1.0,1
1.3353118896484375,1.0,0
0.5259219408035278,1.0,1
0.39873045682907104,1.0,1
0.10895106941461563,1.0,1
0.146147221326828,1.0,1
0.4868839681148529,1.0,1
0.48669901490211487,1.0,1
0.6962769031524658,1.0,1
0.2027420997619629,1.0,1
0.3166423738002777,1.0,1
0.4150400757789612,1.0,1
0.16636674106121063,1.0,1
0.2347044050693512,1.0,1
0.17053228616714478,1.0,1
0.0718800351023674,1.0,1
0.3902415335178375,1.0,1
0.28777605295181274,1.0,1
0.31000006198883057,1.0,1
0.09374579787254333,1.0,1
0.1958550661802292,1.0,1
0.6486784815788269,1.0,1
0.28577756881713867,1.0,1
0.23610572516918182,1.0,1
0.8947941660881042,1.0,0
0.1591348946094513,1.0,1
0.7844619154930115,1.0,1
0.12730008363723755,1.0,1
0.5266194939613342,1.0,1
0.2948691248893738,1.0,1
0.7070155739784241,1.0,1
0.41246503591537476,1.0,1
0.9023686647415161,1.0,0
1.0176085233688354,1.0,0
0.3631570637226105,1.0,1
0.5102558732032776,1.0,1
0.24948227405548096,1.0,1
0.4028623700141907,1.0,1
0.4124526083469391,1.0,1
0.19512726366519928,1.0,1
0.3801463544368744,1.0,1
0.9271112680435181,1.0,0
0.35020485520362854,1.0,1
0.5934394001960754,1.0,1
0.4961423873901367,1.0,1
0.6950250864028931,1.0,1
0.47398391366004944,1.0,1
0.3627243638038635,1.0,1
0.573794960975647,1.0,1
0.6126497387886047,1.0,1
0.7663194537162781,1.0,1
0.44821253418922424,1.0,1
0.4183831214904785,1.0,1
0.8411635160446167,1.0,1
0.8409312963485718,1.0,1
0.3921937346458435,1.0,1
0.38098183274269104,1.0,1
0.15228049457073212,1.0,1
0.7254940867424011,1.0,1
0.6649271249771118,1.0,1
0.17428117990493774,1.0,1
0.36450809240341187,1.0,1
0.17192307114601135,1.0,1
0.1829666793346405,1.0,1
0.16164809465408325,1.0,1
0.6819669008255005,1.0,1
0.3316977024078369,1.0,1
0.10432203114032745,1.0,1
0.5308231711387634,1.0,1
0.2757938504219055,1.0,1
0.11168725788593292,1.0,1
0.23017914593219757,1.0,1
0.3726045787334442,1.0,1
0.1924532800912857,1.0,1
0.04609303921461105,1.0,1
0.2511884570121765,1.0,1
0.42997121810913086,1.0,1
0.09574320167303085,1.0,1
0.28344976902008057,1.0,1
0.5534631609916687,1.0,1
0.19829367101192474,1.0,1
0.9104485511779785,1.0,0
0.12593184411525726,1.0,1
0.36732012033462524,1.0,1
0.4949120581150055,1.0,1
0.7996410131454468,1.0,1
0.4768925607204437,1.0,1
0.7735472321510315,1.0,1
0.2324802428483963,1.0,1
0.43960684537887573,1.0,1
0.8890836834907532,1.0,0
0.5256491899490356,1.0,1
0.20797379314899445,1.0,1
0.2913684844970703,1.0,1
0.3139946758747101,1.0,1
0.40050584077835083,1.0,1
0.4534521996974945,1.0,1
0.19194163382053375,1.0,1
0.06721615791320801,1.0,1
1.087005853652954,1.0,0
0.30871838331222534,1.0,1
0.25343161821365356,1.0,1
0.3391205966472626,1.0,1
0.828194797039032,1.0,1
0.08920059353113174,1.0,1
0.45699343085289,1.0,1
0.46612676978111267,1.0,1
0.9922488331794739,1.0,0
0.5633759498596191,1.0,1
0.556464433670044,1.0,1
0.9622421264648438,1.0,0
0.2724274694919586,1.0,1
0.33187541365623474,1.0,1
0.6324065327644348,1.0,1
0.2319616824388504,1.0,1
0.8520630598068237,1.0,1
0.12828871607780457,1.0,1
0.19756397604942322,1.0,1
0.5796796083450317,1.0,1
0.1429002583026886,1.0,1
0.42800959944725037,1.0,1
0.9644888639450073,1.0,0
0.2091284543275833,1.0,1
0.8639796376228333,1.0,1
0.5191322565078735,1.0,1
0.49807071685791016,1.0,1
0.2747095823287964,1.0,1
0.4265131950378418,1.0,1
0.2478879988193512,1.0,1
0.4102698862552643,1.0,1
0.27983927726745605,1.0,1
0.09393243491649628,1.0,1
0.2086409330368042,1.0,1
0.5024438500404358,1.0,1
0.16768008470535278,1.0,1
0.3060276210308075,1.0,1
0.6372148990631104,1.0,1
1.1361849308013916,1.0,0
0.5058408975601196,1.0,1
0.4971637725830078,1.0,1
0.3508533835411072,1.0,1
0.448944628238678,1.0,1
0.038324885070323944,1.0,1
0.12327609211206436,1.0,1
0.652333676815033,1.0,1
0.05264090374112129,1.0,1
0.13443243503570557,1.0,1
0.3704013526439667,1.0,1
0.2737402319908142,1.0,1
0.7458122372627258,1.0,1
0.7009257078170776,1.0,1
0.4814990162849426,1.0,1
0.488609254360199,1.0,1
0.24421465396881104,1.0,1
0.16979067027568817,1.0,1
0.452434778213501,1.0,1
0.40781956911087036,1.0,1
0.6615524291992188,1.0,1
0.6339861750602722,1.0,1
0.418213427066803,1.0,1
0.41128069162368774,1.0,1
0.42196598649024963,1.0,1
0.2004377394914627,1.0,1
0.33913207054138184,1.0,1
1.0406569242477417,1.0,0
0.5432053208351135,1.0,1
0.2383662909269333,1.0,1
1.2028642892837524,1.0,0
0.5736851096153259,1.0,1
0.7744181156158447,1.0,1
0.5064674615859985,1.0,1
0.04970931261777878,1.0,1
0.3414211571216583,1.0,1
0.6320403814315796,1.0,1
0.3067513704299927,1.0,1
0.36628443002700806,1.0,1
0.49499577283859253,1.0,1
0.6809319257736206,1.0,1
0.8240700960159302,1.0,1
0.29016783833503723,1.0,1
0.3025360703468323,1.0,1
0.4530431628227234,1.0,1
1.1328498125076294,1.0,0
0.45741480588912964,1.0,1
0.21416859328746796,1.0,1
0.6083547472953796,1.0,1
0.1829397827386856,1.0,1
0.35205137729644775,1.0,1
0.6762872338294983,1.0,1
0.34278804063796997,1.0,1
0.626498281955719,1.0,1
0.35450536012649536,1.0,1
0.1741725355386734,1.0,1
0.5583930611610413,1.0,1
0.5427173972129822,1.0,1
0.9684451818466187,1.0,0
1.0396815538406372,1.0,0
0.7296005487442017,1.0,1
1.0389361381530762,1.0,0
0.4196869730949402,1.0,1
0.1491292119026184,1.0,1
0.6676026582717896,1.0,1
0.750725507736206,1.0,1
0.823520302772522,1.0,1
0.5456749796867371,1.0,1
0.42192190885543823,1.0,1
0.3005225658416748,1.0,1
0.8069596290588379,1.0,1
0.6698538661003113,1.0,1
0.2506464421749115,1.0,1
0.48342543840408325,1.0,1
0.6386650800704956,1.0,1
0.1497560441493988,1.0,1
0.9393284916877747,1.0,0
0.28598684072494507,1.0,1
0.45092806220054626,1.0,1
0.1642504632472992,1.0,1
0.5461707711219788,1.0,1
0.3717409372329712,1.0,1
0.2843629717826843,1.0,1
0.0975966528058052,1.0,1
0.17728985846042633,1.0,1
0.533025860786438,1.0,1
0.36479562520980835,1.0,1
0.40925922989845276,1.0,1
0.4700694978237152,1.0,1
0.8140071630477905,1.0,1
0.1916615068912506,1.0,1
0.26641446352005005,1.0,1
0.43142586946487427,1.0,1
0.7197012305259705,1.0,1
1.0822527408599854,1.0,0
0.08862663805484772,1.0,1
0.37067079544067383,1.0,1
0.38029712438583374,1.0,1
0.641864538192749,1.0,1
0.24771395325660706,1.0,1
0.7460312843322754,1.0,1
0.5022318959236145,1.0,1
0.39692649245262146,1.0,1
0.3037826716899872,1.0,1
0.41020384430885315,1.0,1
0.3352981209754944,1.0,1
0.420250803232193,1.0,1
0.48865899443626404,1.0,1
0.3020753562450409,1.0,1
0.8978225588798523,1.0,0
0.5491063594818115,1.0,1
1.0443670749664307,1.0,0
0.18787838518619537,1.0,1
0.5344467759132385,1.0,1
0.0699366107583046,1.0,1
0.19070422649383545,1.0,1
0.35622602701187134,1.0,1
0.6664141416549683,1.0,1
0.031197205185890198,1.0,1
0.7488318085670471,1.0,1
0.4062421917915344,1.0,1
0.5379319787025452,1.0,1
0.5122708082199097,1.0,1
1.0691897869110107,1.0,0
0.3399654030799866,1.0,1
0.25023090839385986,1.0,1
0.41746124625205994,1.0,1
0.6138486862182617,1.0,1
0.23442921042442322,1.0,1
0.41530099511146545,1.0,1
0.24754264950752258,1.0,1
0.39883556962013245,1.0,1
0.5628739595413208,1.0,1
0.7155742049217224,1.0,1
0.37813088297843933,1.0,1
0.3339293599128723,1.0,1
0.24220748245716095,1.0,1
0.6153667569160461,1.0,1
0.5972791910171509,1.0,1
0.41009384393692017,1.0,1
0.41925424337387085,1.0,1
0.17548628151416779,1.0,1
0.4108976721763611,1.0,1
0.3690919578075409,1.0,1
0.3107658326625824,1.0,1
0.4373868405818939,1.0,1
0.1764220893383026,1.0,1
1.3543031215667725,1.0,0
0.07633200287818909,1.0,1
1.1989107131958008,1.0,0
0.5138232111930847,1.0,1
0.5300623774528503,1.0,1
0.27602046728134155,1.0,1
0.3669903576374054,1.0,1
0.8530265092849731,1.0,1
0.38406771421432495,1.0,1
0.5563321709632874,1.0,1
0.4957163333892822,1.0,1
0.511837899684906,1.0,1
1.0065855979919434,1.0,0
0.4447965621948242,1.0,1
0.6395953893661499,1.0,1
0.6558559536933899,1.0,1
0.8191526532173157,1.0,1
0.6133710145950317,1.0,1
0.2160150110721588,1.0,1
0.038407254964113235,1.0,1
0.439910888671875,1.0,1
0.4836825430393219,1.0,1
0.25097382068634033,1.0,1
0.5627847909927368,1.0,1
0.11222530901432037,1.0,1
0.22562608122825623,1.0,1
0.2952960133552551,1.0,1
0.6678500771522522,1.0,1
0.306322306394577,1.0,1
0.35978934168815613,1.0,1
0.4635184407234192,1.0,1
0.6606236696243286,1.0,1
0.04335411638021469,1.0,1
0.029610415920615196,1.0,1
1.0446815490722656,1.0,0
0.311175674200058,1.0,1
0.5446445941925049,1.0,1
0.646807074546814,1.0,1
0.6682015657424927,1.0,1
0.20893685519695282,1.0,1
0.44159165024757385,1.0,1
0.4423513412475586,1.0,1
0.5980059504508972,1.0,1
0.3906475901603699,1.0,1
0.590061604976654,1.0,1
0.32231423258781433,1.0,1
0.34444722533226013,1.0,1
0.3409605622291565,1.0,1
0.4306817650794983,1.0,1
0.4141983091831207,1.0,1
0.12151584774255753,1.0,1
0.9394677877426147,1.0,0
0.5651403665542603,1.0,1
0.6846868991851807,1.0,1
0.2856415808200836,1.0,1
1.0465643405914307,1.0,0
0.6789839267730713,1.0,1
1.1236072778701782,1.0,0
0.0687514990568161,1.0,1
0.5433923006057739,1.0,1
0.6452186703681946,1.0,1
0.4969418942928314,1.0,1
0.3922592103481293,1.0,1
0.16747359931468964,1.0,1
0.055923450738191605,1.0,1
0.3807584047317505,1.0,1
1.0838168859481812,1.0,0
0.18354521691799164,1.0,1
0.4579823911190033,1.0,1
0.1521155834197998,1.0,1
0.5625733137130737,1.0,1
0.4977465569972992,1.0,1
0.6969608068466187,1.0,1
0.37810105085372925,1.0,1
0.5450395345687866,1.0,1
1.2476176023483276,1.0,0
0.2056109607219696,1.0,1
0.16794875264167786,1.0,1
0.4858102798461914,1.0,1
0.7433680891990662,1.0,1
0.44762706756591797,1.0,1
0.5703872442245483,1.0,1
0.4714900553226471,1.0,1
0.13506412506103516,1.0,1
0.17336709797382355,1.0,1
0.2709081470966339,1.0,1
0.5800277590751648,1.0,1
0.332027405500412,1.0,1
0.641725480556488,1.0,1
0.30637994408607483,1.0,1
0.2808237373828888,1.0,1
0.7944717407226562,1.0,1
0.08348755538463593,1.0,1
0.3068467676639557,1.0,1
0.6355873346328735,1.0,1
0.21048462390899658,1.0,1
0.7292768359184265,1.0,1
0.31287968158721924,1.0,1
0.4667688310146332,1.0,1
0.09031836688518524,1.0,1
0.5695088505744934,1.0,1
0.8383157849311829,1.0,1
0.34319379925727844,1.0,1
0.9315493702888489,1.0,0
0.6567332744598389,1.0,1
0.38022398948669434,1.0,1
0.4842956066131592,1.0,1
0.36164391040802,1.0,1
0.5045742988586426,1.0,1
0.34643325209617615,1.0,1
0.6276523470878601,1.0,1
0.2883731722831726,1.0,1
0.19847388565540314,1.0,1
1.2313189506530762,1.0,0
0.7084442377090454,1.0,1
0.3556211292743683,1.0,1
0.45349058508872986,1.0,1
0.28791046142578125,1.0,1
0.607857346534729,1.0,1
0.36334556341171265,1.0,1
1.0338743925094604,1.0,0
0.6840614080429077,1.0,1
0.32531219720840454,1.0,1
0.6743749380111694,1.0,1
0.3463026285171509,1.0,1
0.6634824275970459,1.0,1
0.14012818038463593,1.0,1
1.32711660861969,1.0,0
0.12215352058410645,1.0,1
0.14194568991661072,1.0,1
0.6296745538711548,1.0,1
0.6352678537368774,1.0,1
0.19860951602458954,1.0,1
0.3847281336784363,1.0,1
0.906267523765564,1.0,0
1.2751007080078125,1.0,0
0.2704567015171051,1.0,1
0.07843650877475739,1.0,1
0.1495751440525055,1.0,1
0.33580127358436584,1.0,1
0.7917319536209106,1.0,1
0.5721959471702576,1.0,1
0.27520865201950073,1.0,1
1.0438271760940552,1.0,0
0.5832983255386353,1.0,1
0.9871117472648621,1.0,0
0.667157769203186,1.0,1
0.410698801279068,1.0,1
0.39250439405441284,1.0,1
0.5110359191894531,1.0,1
0.6666494607925415,1.0,1
0.2807382047176361,1.0,1
0.8789917230606079,1.0,0
0.43533188104629517,1.0,1
0.7296162843704224,1.0,1
0.040786758065223694,1.0,1
0.33600398898124695,1.0,1
0.7597663998603821,1.0,1
0.25548648834228516,1.0,1
0.7264446020126343,1.0,1
0.8009422421455383,1.0,1
0.22934146225452423,1.0,1
0.8383305668830872,1.0,1
0.47099900245666504,1.0,1
0.41876429319381714,1.0,1
0.24449796974658966,1.0,1
0.23827946186065674,1.0,1
0.7431392669677734,1.0,1
0.16714398562908173,1.0,1
0.8896123766899109,1.0,0
0.20161199569702148,1.0,1
0.4578196406364441,1.0,1
0.6715660691261292,1.0,1
0.8774553537368774,1.0,0
0.26690009236335754,1.0,1
0.4156297743320465,1.0,1
0.5572187304496765,1.0,1
0.41458335518836975,1.0,1
0.18373799324035645,1.0,1
1.0203933715820312,1.0,0
0.24324023723602295,1.0,1
0.48182663321495056,1.0,1
0.4708300232887268,1.0,1
0.5915995836257935,1.0,1
0.35194891691207886,1.0,1
0.5548498630523682,1.0,1
0.37993139028549194,1.0,1
0.21331219375133514,1.0,1
0.3231508135795593,1.0,1
0.5417345762252808,1.0,1
0.6277404427528381,1.0,1
0.4467880129814148,1.0,1
0.3950405418872833,1.0,1
0.5904858708381653,1.0,1
0.26773878931999207,1.0,1
0.9254166483879089,1.0,0
0.2857862412929535,1.0,1
0.9745280146598816,1.0,0
0.4458836615085602,1.0,1
0.6782949566841125,1.0,1
0.457341730594635,1.0,1
0.2729784846305847,1.0,1
0.3634624779224396,1.0,1
0.7213085889816284,1.0,1
0.6773825287818909,1.0,1
0.43413376808166504,1.0,1
0.5948370695114136,1.0,1
0.7710083723068237,1.0,1
0.5644968152046204,1.0,1
0.45318517088890076,1.0,1
0.35786163806915283,1.0,1
0.22505764663219452,1.0,1
0.3038976788520813,1.0,1
0.190092995762825,1.0,1
0.5713434815406799,1.0,1
0.2670498192310333,1.0,1
0.5473394989967346,1.0,1
0.47999072074890137,1.0,1
0.8363522291183472,1.0,1
0.3077143430709839,1.0,1
0.21272769570350647,1.0,1
0.7781429290771484,1.0,1
0.3424229025840759,1.0,1
0.5687168836593628,1.0,1
0.26072409749031067,1.0,1
0.4803985059261322,1.0,1
0.5041206479072571,1.0,1
0.2376406192779541,1.0,1
0.7501892447471619,1.0,1
0.3543490767478943,1.0,1
0.6496950387954712,1.0,1
0.586307168006897,1.0,1
0.7347823977470398,1.0,1
0.8803804516792297,1.0,0
0.9725915193557739,1.0,0
0.2536965310573578,1.0,1
0.7445383667945862,1.0,1
0.42739224433898926,1.0,1
0.3993432819843292,1.0,1
1.1011394262313843,1.0,0
0.477714478969574,1.0,1
0.2757501006126404,1.0,1
0.8505011796951294,1.0,1
0.7277615070343018,1.0,1
0.7375393509864807,1.0,1
0.23220641911029816,1.0,1
0.32035988569259644,1.0,1
1.1105238199234009,1.0,0
0.5789192318916321,1.0,1
0.45853739976882935,1.0,1
0.5763635039329529,1.0,1
1.0077455043792725,1.0,0
0.4446873068809509,1.0,1
0.45656782388687134,1.0,1
0.6910308003425598,1.0,1
1.023437261581421,1.0,0
0.5596922636032104,1.0,1
0.526161789894104,1.0,1
0.47716593742370605,1.0,1
0.28837791085243225,1.0,1
0.18136151134967804,1.0,1
0.43227848410606384,1.0,1
0.20732219517230988,1.0,1
1.1050628423690796,1.0,0
0.16200529038906097,1.0,1
0.6831537485122681,1.0,1
0.6210396885871887,1.0,1
1.4635034799575806,1.0,0
0.4765377938747406,1.0,1
0.47220468521118164,1.0,1
0.5465221405029297,1.0,1
0.08416539430618286,1.0,1
0.1187838762998581,1.0,1
0.8493534326553345,1.0,1
0.44635701179504395,1.0,1
0.2033141553401947,1.0,1
0.8210827708244324,1.0,1
1.1879804134368896,1.0,0
0.2503528296947479,1.0,1
0.6868281960487366,1.0,1
0.7751350998878479,1.0,1
0.12612803280353546,1.0,1
0.926474392414093,1.0,0
0.5221107602119446,1.0,1
0.3757370412349701,1.0,1
0.40401166677474976,1.0,1
0.35817456245422363,1.0,1
0.7762447595596313,1.0,1
0.924526035785675,1.0,0
0.8902128338813782,1.0,0
0.2981554865837097,1.0,1
0.2878863513469696,1.0,1
0.5003470182418823,1.0,1
0.2580030560493469,1.0,1
0.8128306269645691,1.0,1
0.1331169456243515,1.0,1
0.25024083256721497,1.0,1
0.19743944704532623,1.0,1
0.21558615565299988,1.0,1
0.748766303062439,1.0,1
0.39963650703430176,1.0,1
0.5208459496498108,1.0,1
0.9784470796585083,1.0,0
0.5474863052368164,1.0,1
0.303470641374588,1.0,1
0.467585951089859,1.0,1
0.3166653513908386,1.0,1
0.22611384093761444,1.0,1
0.6972585916519165,1.0,1
0.1700473427772522,1.0,1
0.1628480851650238,1.0,1
0.20242592692375183,1.0,1
0.8421352505683899,1.0,1
0.7339905500411987,1.0,1
1.0973674058914185,1.0,0
0.5667747259140015,1.0,1
0.23791976273059845,1.0,1
0.26831942796707153,1.0,1
0.5621664524078369,1.0,1
0.42470112442970276,1.0,1
0.19427776336669922,1.0,1
0.3912807106971741,1.0,1
0.33717888593673706,1.0,1
0.5427379608154297,1.0,1
0.8868957757949829,1.0,0
0.5069452524185181,1.0,1
0.27203169465065,1.0,1
0.7368080615997314,1.0,1
0.1823655366897583,1.0,1
0.16837430000305176,1.0,1
0.42689085006713867,1.0,1
0.5279115438461304,1.0,1
0.569742739200592,1.0,1
0.2555834650993347,1.0,1
0.02857283316552639,1.0,1
0.028952235355973244,1.0,1
0.3748299479484558,1.0,1
1.4460183382034302,1.0,0
0.3331654667854309,1.0,1
1.2090263366699219,1.0,0
0.6481934189796448,1.0,1
0.3264034688472748,1.0,1
0.10732297599315643,1.0,1
0.16127201914787292,1.0,1
0.19055470824241638,1.0,1
0.1993400603532791,1.0,1
0.4937000274658203,1.0,1
1.103710412979126,1.0,0
0.2716270089149475,1.0,1
0.38794922828674316,1.0,1
0.6786415576934814,1.0,1
0.5780104398727417,1.0,1
0.501953661441803,1.0,1
0.2670101523399353,1.0,1
0.4543377757072449,1.0,1
0.20829352736473083,1.0,1
0.7116614580154419,1.0,1
0.6432651281356812,1.0,1
0.5333119630813599,1.0,1
0.32217904925346375,1.0,1
0.2513953149318695,1.0,1
0.6097023487091064,1.0,1
0.6339948773384094,1.0,1
0.5625305771827698,1.0,1
0.3795367479324341,1.0,1
0.9360067248344421,1.0,0
0.49771589040756226,1.0,1
0.43674078583717346,1.0,1
0.052571821957826614,1.0,1
0.34695667028427124,1.0,1
0.4427284300327301,1.0,1
0.1027330756187439,1.0,1
0.36770814657211304,1.0,1
0.22049684822559357,1.0,1
0.6978269815444946,1.0,1
0.6430381536483765,1.0,1
0.21578070521354675,1.0,1
0.7148227691650391,1.0,1
0.28245991468429565,1.0,1
0.38322359323501587,1.0,1
0.7194021344184875,1.0,1
0.04279844090342522,1.0,1
0.2475224733352661,1.0,1
0.4767822325229645,1.0,1
0.22503367066383362,1.0,1
0.5535905361175537,1.0,1
0.5655412673950195,1.0,1
0.3023376166820526,1.0,1
0.2662777304649353,1.0,1
0.2543911039829254,1.0,1
0.927582859992981,1.0,0
0.10078517347574234,1.0,1
0.5312691926956177,1.0,1
0.3881182372570038,1.0,1
0.2877199053764343,1.0,1
0.267939031124115,1.0,1
1.1616765260696411,1.0,0
0.20017802715301514,1.0,1
0.5281630754470825,1.0,1
0.32161828875541687,1.0,1
0.39651748538017273,1.0,1
0.5407192707061768,1.0,1
0.17206773161888123,1.0,1
0.20818571746349335,1.0,1
0.2985624670982361,1.0,1
0.6931192278862,1.0,1
0.7862175703048706,1.0,1
0.6178053617477417,1.0,1
0.29091551899909973,1.0,1
0.23091070353984833,1.0,1
0.3233991861343384,1.0,1
0.6471236944198608,1.0,1
0.786800742149353,1.0,1
0.20160403847694397,1.0,1
0.5016152262687683,1.0,1
0.568178117275238,1.0,1
0.5347723960876465,1.0,1
0.5521457195281982,1.0,1
0.25344711542129517,1.0,1
0.6184773445129395,1.0,1
0.12377424538135529,1.0,1
0.3317919373512268,1.0,1
0.37364667654037476,1.0,1
0.9107657670974731,1.0,0
1.1259276866912842,1.0,0
0.5833654403686523,1.0,1
0.7534191012382507,1.0,1
0.5676211714744568,1.0,1
0.940477192401886,1.0,0
0.501003623008728,1.0,1
0.41224947571754456,1.0,1
0.18961124122142792,1.0,1
0.04185466095805168,1.0,1
0.2848570942878723,1.0,1
0.2558494210243225,1.0,1
1.1185139417648315,1.0,0
0.06670527160167694,1.0,1
0.3296373188495636,1.0,1
0.3510568141937256,1.0,1
0.41373881697654724,1.0,1
0.2596963047981262,1.0,1
0.485053688287735,1.0,1
0.6259012818336487,1.0,1
0.9831236600875854,1.0,0
0.7195224165916443,1.0,1
0.4264577031135559,1.0,1
0.23635093867778778,1.0,1
0.5764456391334534,1.0,1
0.30352073907852173,1.0,1
0.22033675014972687,1.0,1
0.22625477612018585,1.0,1
0.7395111918449402,1.0,1
0.23729392886161804,1.0,1
0.37246647477149963,1.0,1
0.11969301849603653,1.0,1
0.9172698855400085,1.0,0
1.1405831575393677,1.0,0
0.4265684485435486,1.0,1
0.1258654147386551,1.0,1
0.7809005975723267,1.0,1
0.9171309471130371,1.0,0
0.17384007573127747,1.0,1
0.2715815603733063,1.0,1
1.5530705451965332,1.0,0
0.46026116609573364,1.0,1
0.4737285077571869,1.0,1
0.9656688570976257,1.0,0
0.8379570841789246,1.0,1
0.5614458322525024,1.0,1
0.9641413688659668,1.0,0
0.15082740783691406,1.0,1
0.2418779879808426,1.0,1
0.3014086186885834,1.0,1
0.058718133717775345,1.0,1
0.12128808349370956,1.0,1
0.6596306562423706,1.0,1
0.9802185893058777,1.0,0
0.5435635447502136,1.0,1
0.2569388747215271,1.0,1
1.1019313335418701,1.0,0
0.6762176752090454,1.0,1
0.5374929308891296,1.0,1
0.23487214744091034,1.0,1
0.2799697816371918,1.0,1
0.7170352935791016,1.0,1
0.393960177898407,1.0,1
0.5860834717750549,1.0,1
0.38003841042518616,1.0,1
0.2144491970539093,1.0,1
0.10121623426675797,1.0,1
0.3885256052017212,1.0,1
0.656946063041687,1.0,1
0.16516126692295074,1.0,1
0.3108462393283844,1.0,1
0.8846435546875,1.0,0
0.062337618321180344,1.0,1
0.5639618635177612,1.0,1
0.2696033716201782,1.0,1
0.9979084134101868,1.0,0
0.6621183753013611,1.0,1
0.3339480459690094,1.0,1
0.39913269877433777,1.0,1
0.6648193597793579,1.0,1
0.13615481555461884,1.0,1
0.38312143087387085,1.0,1
0.06842948496341705,1.0,1
0.1817018985748291,1.0,1
0.2637456953525543,1.0,1
0.8224310874938965,1.0,1
0.5086294412612915,1.0,1
0.6083580255508423,1.0,1
0.32969099283218384,1.0,1
0.9117960929870605,1.0,0
0.7883058786392212,1.0,1
0.41961774230003357,1.0,1
0.3473847806453705,1.0,1
0.4859127998352051,1.0,1
0.22060242295265198,1.0,1
0.15271231532096863,1.0,1
0.6503644585609436,1.0,1
0.34975466132164,1.0,1
0.6305645108222961,1.0,1
0.06728406250476837,1.0,1
0.2519828677177429,1.0,1
0.9288427233695984,1.0,0
0.46994104981422424,1.0,1
0.39562079310417175,1.0,1
0.5613033175468445,1.0,1
0.7455164194107056,1.0,1
0.1098746657371521,1.0,1
0.3958031237125397,1.0,1
0.053530048578977585,1.0,1
0.4597112238407135,1.0,1
0.20289769768714905,1.0,1
0.8031318783760071,1.0,1
0.3035114109516144,1.0,1
0.4223021864891052,1.0,1
0.04881281405687332,1.0,1
0.28312182426452637,1.0,1
0.24086186289787292,1.0,1
0.34740301966667175,1.0,1
0.4842047691345215,1.0,1
0.9725285768508911,1.0,0
0.23439955711364746,1.0,1
0.6732007265090942,1.0,1
0.28538432717323303,1.0,1
0.25108394026756287,1.0,1
0.03769632428884506,1.0,1
0.3355051577091217,1.0,1
0.9699419140815735,1.0,0
0.3145902454853058,1.0,1
0.8429598808288574,1.0,1
0.8417133092880249,1.0,1
0.8359697461128235,1.0,1
0.6286481618881226,1.0,1
0.324070543050766,1.0,1
1.2592087984085083,1.0,0
0.27848273515701294,1.0,1
0.23210754990577698,1.0,1
0.503736674785614,1.0,1
0.2699854075908661,1.0,1
0.27527865767478943,1.0,1
0.13477160036563873,1.0,1
0.3839269280433655,1.0,1
0.16895142197608948,1.0,1
0.7929785251617432,1.0,1
0.04109852761030197,1.0,1
0.7064551115036011,1.0,1
0.1274961680173874,1.0,1
0.4065634310245514,1.0,1
0.33600950241088867,1.0,1
0.380398690700531,1.0,1
0.44283589720726013,1.0,1
0.16630074381828308,1.0,1
0.907597541809082,1.0,0
0.6786048412322998,1.0,1
0.30208975076675415,1.0,1
0.7565401792526245,1.0,1
0.6925123929977417,1.0,1
0.4342432916164398,1.0,1
0.22366806864738464,1.0,1
0.5537778735160828,1.0,1
0.286689817905426,1.0,1
0.16895286738872528,1.0,1
0.46996912360191345,1.0,1
0.3614389896392822,1.0,1
0.4591333866119385,1.0,1
0.13277967274188995,1.0,1
0.5325273275375366,1.0,1
0.5686630010604858,1.0,1
0.35989704728126526,1.0,1
0.49349266290664673,1.0,1
0.26425832509994507,1.0,1
0.7068973779678345,1.0,1
0.6748692393302917,1.0,1
0.7609055638313293,1.0,1
0.18814827501773834,1.0,1
0.43328753113746643,1.0,1
0.5845175981521606,1.0,1
0.1570570468902588,1.0,1
0.3793579041957855,1.0,1
0.9254652857780457,1.0,0
0.23058061301708221,1.0,1
0.3782239854335785,1.0,1
0.5869987607002258,1.0,1
0.42636775970458984,1.0,1
0.11586694419384003,1.0,1
0.1697251945734024,1.0,1
0.2298445701599121,1.0,1
1.029130220413208,1.0,0
0.5287021994590759,1.0,1
0.7227070927619934,1.0,1
0.9351454973220825,1.0,0
0.48470520973205566,1.0,1
0.8273847699165344,1.0,1
0.1281890720129013,1.0,1
0.3625118136405945,1.0,1
0.7548637390136719,1.0,1
0.32441648840904236,1.0,1
0.7663660049438477,1.0,1
0.385381281375885,1.0,1
0.580048143863678,1.0,1
0.22560052573680878,1.0,1
0.819445788860321,1.0,1
0.6127745509147644,1.0,1
0.3421739935874939,1.0,1
0.3627564311027527,1.0,1
0.5761383771896362,1.0,1
0.521094024181366,1.0,1
0.3818475902080536,1.0,1
0.35137858986854553,1.0,1
0.2118760347366333,1.0,1
0.42844492197036743,1.0,1
0.47816967964172363,1.0,1
0.6280403137207031,1.0,1
0.11475247144699097,1.0,1
0.2310432642698288,1.0,1
0.3233432173728943,1.0,1
0.19010545313358307,1.0,1
0.11892948299646378,1.0,1
0.319479376077652,1.0,1
0.5659161806106567,1.0,1
0.5903645753860474,1.0,1
0.5968872308731079,1.0,1
0.28174978494644165,1.0,1
0.6399379968643188,1.0,1
0.5158107876777649,1.0,1
0.2995806038379669,1.0,1
0.6960458755493164,1.0,1
0.6375301480293274,1.0,1
0.3529379367828369,1.0,1
0.3380521833896637,1.0,1
0.38741347193717957,1.0,1
0.20946545898914337,1.0,1
0.11045314371585846,1.0,1
0.7912243604660034,1.0,1
0.5188952684402466,1.0,1
0.6113145351409912,1.0,1
0.19239571690559387,1.0,1
0.5163062810897827,1.0,1
0.29513421654701233,1.0,1
0.5023665428161621,1.0,1
0.43715935945510864,1.0,1
0.3874029815196991,1.0,1
0.0505029670894146,1.0,1
0.24244122207164764,1.0,1
0.31175506114959717,1.0,1
0.6988792419433594,1.0,1
0.25828486680984497,1.0,1
0.24021756649017334,1.0,1
0.66209876537323,1.0,1
0.21487049758434296,1.0,1
0.1516871303319931,1.0,1
0.21167230606079102,1.0,1
0.6504062414169312,1.0,1
0.6199808120727539,1.0,1
0.6320250034332275,1.0,1
0.766653299331665,1.0,1
0.33449405431747437,1.0,1
0.12326030433177948,1.0,1
0.47498005628585815,1.0,1
0.19078035652637482,1.0,1
0.3745691180229187,1.0,1
0.8631351590156555,1.0,1
0.4683842658996582,1.0,1
0.0278603695333004,1.0,1
0.5487066507339478,1.0,1
0.552883505821228,1.0,1
0.9698096513748169,1.0,0
0.8196398019790649,1.0,1
0.21643543243408203,1.0,1
0.28419360518455505,1.0,1
0.5792841911315918,1.0,1
0.7116762399673462,1.0,1
0.6386467218399048,1.0,1
0.7088322639465332,1.0,1
0.5390640497207642,1.0,1
0.32029101252555847,1.0,1
1.4509183168411255,1.0,0
0.7055377960205078,1.0,1
0.1692207157611847,1.0,1
0.32901671528816223,1.0,1
0.185275599360466,1.0,1
0.967751145362854,1.0,0
0.7205852270126343,1.0,1
0.2431923896074295,1.0,1
0.5582978129386902,1.0,1
0.14756183326244354,1.0,1
0.2566602826118469,1.0,1
0.21792073547840118,1.0,1
0.4966478943824768,1.0,1
0.18350963294506073,1.0,1
0.8160761594772339,1.0,1
0.6343724131584167,1.0,1
0.39614683389663696,1.0,1
0.29818859696388245,1.0,1
0.6071823239326477,1.0,1
0.040737904608249664,1.0,1
0.4106937348842621,1.0,1
0.3522162437438965,1.0,1
0.42552438378334045,1.0,1
0.37498489022254944,1.0,1
0.4127122759819031,1.0,1
0.6093782782554626,1.0,1
0.5980150103569031,1.0,1
0.5246569514274597,1.0,1
0.6428490877151489,1.0,1
1.0344178676605225,1.0,0
0.3287138342857361,1.0,1
0.6250148415565491,1.0,1
0.8765266537666321,1.0,0
0.16974104940891266,1.0,1
0.48084139823913574,1.0,1
1.2443965673446655,1.0,0
0.37499696016311646,1.0,1
0.6114883422851562,1.0,1
0.36677393317222595,1.0,1
0.8221471905708313,1.0,1
0.20532166957855225,1.0,1
0.8046716451644897,1.0,1
0.5584174394607544,1.0,1
0.2909815311431885,1.0,1
0.34073829650878906,1.0,1
0.45165807008743286,1.0,1
0.3335684537887573,1.0,1
0.9302188158035278,1.0,0
0.9546252489089966,1.0,0
0.41306930780410767,1.0,1
0.8955572247505188,1.0,0
0.16235323250293732,1.0,1
0.4415346682071686,1.0,1
0.2277173101902008,1.0,1
0.2191162109375,1.0,1
0.40615516901016235,1.0,1
0.3086778521537781,1.0,1
0.8481162190437317,1.0,1
0.34806472063064575,1.0,1
0.20062899589538574,1.0,1
0.21715188026428223,1.0,1
0.29359495639801025,1.0,1
0.1897871196269989,1.0,1
0.16717776656150818,1.0,1
0.3014158308506012,1.0,1
0.578087329864502,1.0,1
0.32661914825439453,1.0,1
1.4345725774765015,1.0,0
0.28709644079208374,1.0,1
0.539469838142395,1.0,1
0.26320600509643555,1.0,1
0.3636292517185211,1.0,1
0.37895315885543823,1.0,1
0.7010286450386047,1.0,1
0.46690672636032104,1.0,1
0.402474582195282,1.0,1
0.49960845708847046,1.0,1
0.25503286719322205,1.0,1
1.0015754699707031,1.0,0
0.592389702796936,1.0,1
0.7706298828125,1.0,1
0.20024506747722626,1.0,1
0.7729637622833252,1.0,1
0.5052640438079834,1.0,1
0.5423892736434937,1.0,1
0.37969642877578735,1.0,1
0.3105359375476837,1.0,1
0.878005862236023,1.0,0
0.5202761888504028,1.0,1
0.8629609942436218,1.0,1
0.43102025985717773,1.0,1
0.4378572404384613,1.0,1
0.18595586717128754,1.0,1
0.5847765207290649,1.0,1
0.3912960886955261,1.0,1
0.5158122777938843,1.0,1
0.1819830685853958,1.0,1
0.5733513832092285,1.0,1
0.4420585036277771,1.0,1
0.7389125823974609,1.0,1
0.5184105634689331,1.0,1
0.5085118412971497,1.0,1
0.27313432097435,1.0,1
0.6335912346839905,1.0,1
0.1736154854297638,1.0,1
0.32291704416275024,1.0,1
0.05912858247756958,1.0,1
0.18868136405944824,1.0,1
0.6796070337295532,1.0,1
0.6992172002792358,1.0,1
0.6314268708229065,1.0,1
0.34722670912742615,1.0,1
0.20331497490406036,1.0,1
0.40063899755477905,1.0,1
0.542741060256958,1.0,1
0.4968782365322113,1.0,1
0.5297396183013916,1.0,1
0.03686440363526344,1.0,1
0.65929114818573,1.0,1
0.9511290788650513,1.0,0
0.1284433901309967,1.0,1
0.40205854177474976,1.0,1
0.6458719968795776,1.0,1
0.4800140857696533,1.0,1
0.6243829131126404,1.0,1
0.5757186412811279,1.0,1
0.34517043828964233,1.0,1
0.2666241228580475,1.0,1
0.47450247406959534,1.0,1
0.41277018189430237,1.0,1
0.3263627886772156,1.0,1
0.4538336396217346,1.0,1
0.33261638879776,1.0,1
0.4796634316444397,1.0,1
0.8021214604377747,1.0,1
0.6631714105606079,1.0,1
0.5301647782325745,1.0,1
0.2728691101074219,1.0,1
1.0347075462341309,1.0,0
0.5047736763954163,1.0,1
0.2787433862686157,1.0,1
0.527019739151001,1.0,1
0.5603441596031189,1.0,1
0.28368616104125977,1.0,1
0.264796644449234,1.0,1
0.2799059748649597,1.0,1
0.7061235308647156,1.0,1
0.42312055826187134,1.0,1
0.42513155937194824,1.0,1
0.02882726863026619,1.0,1
0.5995095372200012,1.0,1
0.7908889651298523,1.0,1
0.6578245759010315,1.0,1
0.6836710572242737,1.0,1
0.22367291152477264,1.0,1
0.5717012286186218,1.0,1
0.2570413053035736,1.0,1
0.49975523352622986,1.0,1
0.188452810049057,1.0,1
0.8835552930831909,1.0,0
0.49437665939331055,1.0,1
0.5118168592453003,1.0,1
0.34304937720298767,1.0,1
0.3390212655067444,1.0,1
0.645702064037323,1.0,1
0.7468631267547607,1.0,1
0.48815637826919556,1.0,1
0.554797351360321,1.0,1
0.6969693899154663,1.0,1
0.05127160996198654,1.0,1
0.8039745092391968,1.0,1
0.619637131690979,1.0,1
0.9238063097000122,1.0,0
0.2977847456932068,1.0,1
0.3374420702457428,1.0,1
0.1555383950471878,1.0,1
0.6859001517295837,1.0,1
0.3433369994163513,1.0,1
0.629919171333313,1.0,1
0.13200142979621887,1.0,1
0.8417268991470337,1.0,1
0.3341616988182068,1.0,1
0.413648784160614,1.0,1
0.7779032588005066,1.0,1
0.3491414189338684,1.0,1
0.23506636917591095,1.0,1
0.25412309169769287,1.0,1
0.8542162179946899,1.0,1
0.48034873604774475,1.0,1
0.722733736038208,1.0,1
0.4715222716331482,1.0,1
0.20330211520195007,1.0,1
0.6583504676818848,1.0,1
0.3221592307090759,1.0,1
0.8925549387931824,1.0,0
0.03068828210234642,1.0,1
0.6909173727035522,1.0,1
1.1204874515533447,1.0,0
0.7246147394180298,1.0,1
0.3491363525390625,1.0,1
0.22959265112876892,1.0,1
0.3043730556964874,1.0,1
0.471722275018692,1.0,1
0.724435567855835,1.0,1
0.5779892802238464,1.0,1
0.2660667896270752,1.0,1
0.3139573335647583,1.0,1
0.2804524302482605,1.0,1
0.41962140798568726,1.0,1
0.2779022455215454,1.0,1
0.5907899737358093,1.0,1
0.1343201845884323,1.0,1
0.4792719781398773,1.0,1
1.1223320960998535,1.0,0
0.39127007126808167,1.0,1
0.36549100279808044,1.0,1
0.2938939332962036,1.0,1
0.5742613077163696,1.0,1
0.24260488152503967,1.0,1
0.497558057308197,1.0,1
1.455837607383728,1.0,0
0.428322970867157,1.0,1
0.18304170668125153,1.0,1
0.13034522533416748,1.0,1
0.25666388869285583,1.0,1
0.5761866569519043,1.0,1
0.2221331149339676,1.0,1
0.14892977476119995,1.0,1
0.2287791520357132,1.0,1
0.6669299006462097,1.0,1
1.310312271118164,1.0,0
0.7213507294654846,1.0,1
0.17074649035930634,1.0,1
0.16724255681037903,1.0,1
0.26890015602111816,1.0,1
0.3701491951942444,1.0,1
1.1687763929367065,1.0,0
0.6290079355239868,1.0,1
0.20583443343639374,1.0,1
0.14707715809345245,1.0,1
0.5708305239677429,1.0,1
0.8414531946182251,1.0,1
0.46543416380882263,1.0,1
0.4939603805541992,1.0,1
0.7195937037467957,1.0,1
0.6443110108375549,1.0,1
0.3899115324020386,1.0,1
0.410569429397583,1.0,1
0.40560492873191833,1.0,1
0.044904451817274094,1.0,1
0.12464456260204315,1.0,1
0.6760770678520203,1.0,1
0.1151537075638771,1.0,1
0.3643698990345001,1.0,1
0.3911357820034027,1.0,1
0.09668902307748795,1.0,1
0.4812842011451721,1.0,1
0.8074687123298645,1.0,1
0.535515308380127,1.0,1
0.6529400944709778,1.0,1
0.8073630332946777,1.0,1
0.4922811985015869,1.0,1
0.4178168773651123,1.0,1
0.24350473284721375,1.0,1
0.5752807855606079,1.0,1
0.2319972813129425,1.0,1
0.206157848238945,1.0,1
0.5383039712905884,1.0,1
0.18243536353111267,1.0,1
0.13530923426151276,1.0,1
0.47323542833328247,1.0,1
0.529024600982666,1.0,1
0.6083347201347351,1.0,1
0.3421539068222046,1.0,1
0.7140453457832336,1.0,1
0.06799376010894775,1.0,1
0.23292633891105652,1.0,1
0.3788832724094391,1.0,1
0.4875856339931488,1.0,1
0.35183021426200867,1.0,1
0.08512239158153534,1.0,1
0.5345970392227173,1.0,1
0.37260082364082336,1.0,1
0.37156954407691956,1.0,1
0.2661649286746979,1.0,1
0.22365018725395203,1.0,1
0.3248356282711029,1.0,1
0.4806942939758301,1.0,1
0.4459722936153412,1.0,1
0.33296528458595276,1.0,1
0.6869460344314575,1.0,1
0.6786054372787476,1.0,1
0.4611353874206543,1.0,1
0.4589304029941559,1.0,1
0.08508177101612091,1.0,1
0.31435656547546387,1.0,1
0.8445339202880859,1.0,1
0.3396344482898712,1.0,1
0.6646796464920044,1.0,1
0.811806321144104,1.0,1
0.43022385239601135,1.0,1
0.2014881670475006,1.0,1
0.6299515962600708,1.0,1
0.2606205344200134,1.0,1
0.34139710664749146,1.0,1
0.25192561745643616,1.0,1
0.24221739172935486,1.0,1
0.0721951574087143,1.0,1
0.4340095520019531,1.0,1
1.0404013395309448,1.0,0
0.5857735872268677,1.0,1
0.43982845544815063,1.0,1
0.40759342908859253,1.0,1
0.22269216179847717,1.0,1
0.3063136041164398,1.0,1
0.43044909834861755,1.0,1
0.5507505536079407,1.0,1
0.4982336163520813,1.0,1
0.48656949400901794,1.0,1
0.30850622057914734,1.0,1
0.11432571709156036,1.0,1
0.1632879227399826,1.0,1
0.5722078084945679,1.0,1
0.3878193795681,1.0,1
0.45882660150527954,1.0,1
0.4340011179447174,1.0,1
0.598057210445404,1.0,1
0.3679135739803314,1.0,1
0.6573276519775391,1.0,1
0.5401700139045715,1.0,1
0.5691243410110474,1.0,1
0.3158157467842102,1.0,1
1.129558801651001,1.0,0
0.09551689028739929,1.0,1
0.14828260242938995,1.0,1
0.27398204803466797,1.0,1
0.4136577546596527,1.0,1
0.369462788105011,1.0,1
0.8226116895675659,1.0,1
0.8860565423965454,1.0,0
0.47104987502098083,1.0,1
0.1830694079399109,1.0,1
0.3611166179180145,1.0,1
0.6758481860160828,1.0,1
0.5100563764572144,1.0,1
0.3231126666069031,1.0,1
0.7898624539375305,1.0,1
0.8741620779037476,1.0,0
0.3361366391181946,1.0,1
0.6296109557151794,1.0,1
0.39832961559295654,1.0,1
0.4607664942741394,1.0,1
0.6328070759773254,1.0,1
0.2392103672027588,1.0,1
0.46764078736305237,1.0,1
0.43190616369247437,1.0,1
0.8308337926864624,1.0,1
0.4770854115486145,1.0,1
0.10528819262981415,1.0,1
0.10821028053760529,1.0,1
1.327314019203186,1.0,0
0.20320527255535126,1.0,1
0.18451371788978577,1.0,1
0.4678758680820465,1.0,1
0.3518598675727844,1.0,1
0.9081770181655884,1.0,0
0.050589896738529205,1.0,1
0.33003079891204834,1.0,1
0.34073808789253235,1.0,1
0.6153880953788757,1.0,1
0.4296565651893616,1.0,1
0.4044092297554016,1.0,1
0.4074578881263733,1.0,1
0.20477835834026337,1.0,1
0.7625388503074646,1.0,1
0.41072791814804077,1.0,1
0.4485626816749573,1.0,1
0.236546590924263,1.0,1
0.24129776656627655,1.0,1
0.4083276391029358,1.0,1
0.5177971720695496,1.0,1
0.28976956009864807,1.0,1
0.36811840534210205,1.0,1
0.39090365171432495,1.0,1
0.3700108528137207,1.0,1
0.35213953256607056,1.0,1
0.6605837941169739,1.0,1
0.7285017371177673,1.0,1
0.294874370098114,1.0,1
0.9111353754997253,1.0,0
0.2260492742061615,1.0,1
0.08313858509063721,1.0,1
0.9319183230400085,1.0,0
0.5208156704902649,1.0,1
0.17810675501823425,1.0,1
0.06722226738929749,1.0,1
0.1218523234128952,1.0,1
0.3813903033733368,1.0,1
0.8186320066452026,1.0,1
0.795923113822937,1.0,1
0.5356987714767456,1.0,1
0.2669118642807007,1.0,1
0.8156269788742065,1.0,1
0.5801482200622559,1.0,1
0.546026349067688,1.0,1
0.3653486967086792,1.0,1
1.0913408994674683,1.0,0
0.9244295358657837,1.0,0
0.710681676864624,1.0,1
0.4276551604270935,1.0,1
0.40614575147628784,1.0,1
0.15886633098125458,1.0,1
0.3207651972770691,1.0,1
0.05048585683107376,1.0,1
0.8388363718986511,1.0,1
0.3310866057872772,1.0,1
0.09683694690465927,1.0,1
0.3175452649593353,1.0,1
0.3759647011756897,1.0,1
1.113469123840332,1.0,0
0.09750299900770187,1.0,1
0.45128732919692993,1.0,1
0.5527018904685974,1.0,1
0.31940749287605286,1.0,1
0.41785067319869995,1.0,1
0.4868972897529602,1.0,1
0.590354323387146,1.0,1
0.5973135828971863,1.0,1
0.3479025661945343,1.0,1
0.10953389108181,1.0,1
0.37248727679252625,1.0,1
0.44583314657211304,1.0,1
0.28666234016418457,1.0,1
0.43674349784851074,1.0,1
0.5591957569122314,1.0,1
0.21146228909492493,1.0,1
0.9735573530197144,1.0,0
0.1548481434583664,1.0,1
0.8713434338569641,1.0,1
0.7235870361328125,1.0,1
0.42661958932876587,1.0,1
0.24782423675060272,1.0,1
0.13622750341892242,1.0,1
0.5006556510925293,1.0,1
0.3822924792766571,1.0,1
0.18541398644447327,1.0,1
0.4095764756202698,1.0,1
0.2122197449207306,1.0,1
0.794035017490387,1.0,1
0.30976414680480957,1.0,1
0.3229319453239441,1.0,1
0.03818756714463234,1.0,1
0.376294881105423,1.0,1
0.4361552298069,1.0,1
0.6056219339370728,1.0,1
0.19201788306236267,1.0,1
0.7926884889602661,1.0,1
0.6450167894363403,1.0,1
0.6035360097885132,1.0,1
0.3729342520236969,1.0,1
0.44199877977371216,1.0,1
0.531237006187439,1.0,1
0.41646724939346313,1.0,1
0.269460529088974,1.0,1
0.6282806992530823,1.0,1
0.4209815561771393,1.0,1
0.736275315284729,1.0,1
0.20998990535736084,1.0,1
0.9011538624763489,1.0,0
0.12462155520915985,1.0,1
0.32865017652511597,1.0,1
0.36555254459381104,1.0,1
0.6970434784889221,1.0,1
0.46774688363075256,1.0,1
0.6244155764579773,1.0,1
1.0619709491729736,1.0,0
0.325936496257782,1.0,1
0.14793923497200012,1.0,1
0.46161213517189026,1.0,1
1.339208960533142,1.0,0
0.1356692910194397,1.0,1
0.4667634963989258,1.0,1
0.643921971321106,1.0,1
0.45194244384765625,1.0,1
0.2799719274044037,1.0,1
0.2799449563026428,1.0,1
0.6800529360771179,1.0,1
0.1338893175125122,1.0,1
0.34665852785110474,1.0,1
0.9205056428909302,1.0,0
0.1964651644229889,1.0,1
1.1080082654953003,1.0,0
0.50736403465271,1.0,1
0.2958482503890991,1.0,1
0.2409811019897461,1.0,1
0.8573819994926453,1.0,1
0.75909024477005,1.0,1
0.27988553047180176,1.0,1
0.9637874364852905,1.0,0
0.1726571023464203,1.0,1
0.17718300223350525,1.0,1
0.4356161653995514,1.0,1
0.3229242265224457,1.0,1
0.48812800645828247,1.0,1
0.36139798164367676,1.0,1
0.8751228451728821,1.0,0
1.1317707300186157,1.0,0
0.574435293674469,1.0,1
0.04392851144075394,1.0,1
0.7226720452308655,1.0,1
0.674096405506134,1.0,1
0.5221433043479919,1.0,1
0.35427185893058777,1.0,1
0.5648326277732849,1.0,1
0.1764858514070511,1.0,1
0.6323821544647217,1.0,1
0.6934768557548523,1.0,1
0.25520727038383484,1.0,1
0.18083496391773224,1.0,1
0.7417848706245422,1.0,1
0.3348621129989624,1.0,1
0.2792477011680603,1.0,1
0.03238159418106079,1.0,1
0.5408784747123718,1.0,1
0.6760352849960327,1.0,1
0.09547196328639984,1.0,1
0.11625796556472778,1.0,1
0.18796785175800323,1.0,1
0.5586420893669128,1.0,1
0.3176907002925873,1.0,1
0.7526826858520508,1.0,1
0.524072527885437,1.0,1
0.3904556334018707,1.0,1
0.39187535643577576,1.0,1
0.2799486815929413,1.0,1
0.21188731491565704,1.0,1
1.2419970035552979,1.0,0
0.7150472402572632,1.0,1
0.4232029914855957,1.0,1
0.281185120344162,1.0,1
0.522491991519928,1.0,1
0.21694537997245789,1.0,1
0.6064890027046204,1.0,1
0.1332911252975464,1.0,1
0.45908403396606445,1.0,1
0.4098584055900574,1.0,1
0.2795482873916626,1.0,1
0.24017365276813507,1.0,1
1.0243029594421387,1.0,0
0.4078841805458069,1.0,1
0.43356674909591675,1.0,1
0.19497902691364288,1.0,1
0.9410405158996582,1.0,0
0.4527643620967865,1.0,1
0.5687379837036133,1.0,1
0.4343481957912445,1.0,1
0.22565121948719025,1.0,1
1.1877392530441284,1.0,0
0.5119112133979797,1.0,1
0.41551437973976135,1.0,1
0.18689845502376556,1.0,1
0.10646693408489227,1.0,1
0.3697490692138672,1.0,1
0.41726580262184143,1.0,1
0.43554872274398804,1.0,1
0.20944920182228088,1.0,1
0.11134787648916245,1.0,1
0.7952976226806641,1.0,1
0.33263251185417175,1.0,1
0.3856770992279053,1.0,1
0.22899329662322998,1.0,1
0.5341277122497559,1.0,1
0.45361852645874023,1.0,1
0.8202735781669617,1.0,1
0.44552770256996155,1.0,1
0.21674184501171112,1.0,1
0.44848793745040894,1.0,1
0.4663003981113434,1.0,1
0.7015365362167358,1.0,1
0.49564671516418457,1.0,1
0.5581081509590149,1.0,1
0.5358397960662842,1.0,1
0.5508202314376831,1.0,1
1.092482328414917,1.0,0
0.0603267140686512,1.0,1
0.6559492349624634,1.0,1
0.1650974154472351,1.0,1
0.5892989039421082,1.0,1
1.094063639640808,1.0,0
0.23680202662944794,1.0,1
0.1261998862028122,1.0,1
0.5808831453323364,1.0,1
0.8802996873855591,1.0,0
0.2923087179660797,1.0,1
0.6248524785041809,1.0,1
0.20157933235168457,1.0,1
0.6411443948745728,1.0,1
1.2614096403121948,1.0,0
0.6736459732055664,1.0,1
0.2714124321937561,1.0,1
0.3102622628211975,1.0,1
0.481057733297348,1.0,1
0.6123022437095642,1.0,1
0.36103782057762146,1.0,1
0.18689505755901337,1.0,1
0.42397308349609375,1.0,1
0.570320725440979,1.0,1
0.22946913540363312,1.0,1
0.02901151403784752,1.0,1
0.2376956045627594,1.0,1
0.38260966539382935,1.0,1
0.47874927520751953,1.0,1
0.682684600353241,1.0,1
0.9489445686340332,1.0,0
0.23333477973937988,1.0,1
0.42829641699790955,1.0,1
0.2764008641242981,1.0,1
0.45802658796310425,1.0,1
0.7074705958366394,1.0,1
0.08540025353431702,1.0,1
0.5890344977378845,1.0,1
0.2938418388366699,1.0,1
0.523221492767334,1.0,1
0.5713289380073547,1.0,1
0.3874008059501648,1.0,1
0.7096308469772339,1.0,1
0.3281748294830322,1.0,1
0.4619677662849426,1.0,1
0.3742893636226654,1.0,1
0.33274370431900024,1.0,1
0.14877521991729736,1.0,1
0.25129827857017517,1.0,1
0.20118919014930725,1.0,1
0.5057359933853149,1.0,1
0.7760187983512878,1.0,1
0.36018267273902893,1.0,1
0.26184943318367004,1.0,1
0.47576838731765747,1.0,1
0.3614834249019623,1.0,1
0.22725793719291687,1.0,1
0.10869546979665756,1.0,1
0.5264965295791626,1.0,1
0.22010378539562225,1.0,1
0.261050820350647,1.0,1
0.4663284718990326,1.0,1
0.1752631515264511,1.0,1
1.2476203441619873,1.0,0
0.16825105249881744,1.0,1
0.32767242193222046,1.0,1
0.60003262758255,1.0,1
0.5129213333129883,1.0,1
0.7715080976486206,1.0,1
0.8030933141708374,1.0,1
0.787274956703186,1.0,1
0.19088956713676453,1.0,1
0.6055048108100891,1.0,1
0.1706511676311493,1.0,1
0.6536672711372375,1.0,1
0.2363196164369583,1.0,1
0.4778420925140381,1.0,1
0.820976734161377,1.0,1
0.27048632502555847,1.0,1
1.0632106065750122,1.0,0
0.8003217577934265,1.0,1
0.5474478602409363,1.0,1
0.6027501225471497,1.0,1
0.26176029443740845,1.0,1
0.29775750637054443,1.0,1
0.3134022653102875,1.0,1
0.5979273915290833,1.0,1
0.19048795104026794,1.0,1
0.17192156612873077,1.0,1
0.1489136517047882,1.0,1
0.7203868627548218,1.0,1
0.4103667140007019,1.0,1
0.9029294848442078,1.0,0
0.2667926847934723,1.0,1
0.23270420730113983,1.0,1
0.08718907833099365,1.0,1
0.1473316252231598,1.0,1
0.3808301091194153,1.0,1
0.7612245678901672,1.0,1
0.4236831068992615,1.0,1
0.573136031627655,1.0,1
0.04244985431432724,1.0,1
0.6550156474113464,1.0,1
1.0569181442260742,1.0,0
0.5043125748634338,1.0,1
0.2514057159423828,1.0,1
0.2038920819759369,1.0,1
0.35180985927581787,1.0,1
0.5317789316177368,1.0,1
0.11143295466899872,1.0,1
0.25737789273262024,1.0,1
0.7549261450767517,1.0,1
0.1114698275923729,1.0,1
0.5074971914291382,1.0,1
0.3532143533229828,1.0,1
0.24257461726665497,1.0,1
0.30017513036727905,1.0,1
0.3755386173725128,1.0,1
0.6705654263496399,1.0,1
0.20232343673706055,1.0,1
0.3545394539833069,1.0,1
0.2346145659685135,1.0,1
0.28332746028900146,1.0,1
0.22667467594146729,1.0,1
1.0035151243209839,1.0,0
0.40837550163269043,1.0,1
0.5317925214767456,1.0,1
0.40445441007614136,1.0,1
0.43011340498924255,1.0,1
0.21637693047523499,1.0,1
0.37920790910720825,1.0,1
0.19388094544410706,1.0,1
0.11766167730093002,1.0,1
0.39065831899642944,1.0,1
0.29117950797080994,1.0,1
0.28777459263801575,1.0,1
0.19531261920928955,1.0,1
0.9841399192810059,1.0,0
0.6009531021118164,1.0,1
0.47591671347618103,1.0,1
0.5758768320083618,1.0,1
0.19693462550640106,1.0,1
0.48862987756729126,1.0,1
0.28485533595085144,1.0,1
0.6652650833129883,1.0,1
0.8405688405036926,1.0,1
0.5553256273269653,1.0,1
0.21840424835681915,1.0,1
0.6058671474456787,1.0,1
0.18353451788425446,1.0,1
0.32497283816337585,1.0,1
1.059896469116211,1.0,0
0.225271075963974,1.0,1
0.7040895223617554,1.0,1
0.856131911277771,1.0,1
0.47148507833480835,1.0,1
0.5230321884155273,1.0,1
0.3717222809791565,1.0,1
0.5056077241897583,1.0,1
0.16298417747020721,1.0,1
0.4544443190097809,1.0,1
0.21147370338439941,1.0,1
0.8259747624397278,1.0,1
0.5128936171531677,1.0,1
0.4001384675502777,1.0,1
0.15957936644554138,1.0,1
0.3705783486366272,1.0,1
0.4248674511909485,1.0,1
0.7436574697494507,1.0,1
0.5078753232955933,1.0,1
0.06679413467645645,1.0,1
0.07315202802419662,1.0,1
0.523296594619751,1.0,1
0.11446525901556015,1.0,1
0.8089536428451538,1.0,1
0.7082414627075195,1.0,1
0.400048166513443,1.0,1
0.6112508773803711,1.0,1
0.3465333580970764,1.0,1
0.4515348970890045,1.0,1
0.3186076283454895,1.0,1
0.5033291578292847,1.0,1
0.411293089389801,1.0,1
0.20432472229003906,1.0,1
0.4340563416481018,1.0,1
0.41010403633117676,1.0,1
0.45066720247268677,1.0,1
0.38988399505615234,1.0,1
0.28834331035614014,1.0,1
0.5967725515365601,1.0,1
0.5780819654464722,1.0,1
0.5363357663154602,1.0,1
0.2855652868747711,1.0,1
0.6337823867797852,1.0,1
0.6798602342605591,1.0,1
0.3793773651123047,1.0,1
1.0060884952545166,1.0,0
0.17046770453453064,1.0,1
0.20446725189685822,1.0,1
0.47822389006614685,1.0,1
0.6840670704841614,1.0,1
0.27053847908973694,1.0,1
0.2515103220939636,1.0,1
0.6711856126785278,1.0,1
0.3069964051246643,1.0,1
0.37683218717575073,1.0,1
0.25478190183639526,1.0,1
0.5690897703170776,1.0,1
0.6167964935302734,1.0,1
0.47850722074508667,1.0,1
0.45794349908828735,1.0,1
0.5376132130622864,1.0,1
0.6162306666374207,1.0,1
0.5715981721878052,1.0,1
0.6765133142471313,1.0,1
0.7845242023468018,1.0,1
0.41207146644592285,1.0,1
0.391571968793869,1.0,1
0.12062203884124756,1.0,1
0.4035382866859436,1.0,1
0.42746639251708984,1.0,1
0.17398950457572937,1.0,1
0.4524161219596863,1.0,1
0.145265132188797,1.0,1
0.3262876570224762,1.0,1
0.40255099534988403,1.0,1
0.8140263557434082,1.0,1
0.38501912355422974,1.0,1
0.47472134232521057,1.0,1
0.2711605727672577,1.0,1
0.2062324583530426,1.0,1
0.5309914350509644,1.0,1
0.4487805962562561,1.0,1
0.5720558762550354,1.0,1
0.33756107091903687,1.0,1
0.7705320119857788,1.0,1
0.3252091705799103,1.0,1
0.5468184351921082,1.0,1
0.659567654132843,1.0,1
0.41435107588768005,1.0,1
0.3711186647415161,1.0,1
0.3286210894584656,1.0,1
0.5722125172615051,1.0,1
0.22522921860218048,1.0,1
0.214301198720932,1.0,1
0.443509578704834,1.0,1
0.2950534522533417,1.0,1
0.341124027967453,1.0,1
0.7510092854499817,1.0,1
0.3382567763328552,1.0,1
0.539807915687561,1.0,1
0.7175041437149048,1.0,1
0.5136523842811584,1.0,1
0.3845459818840027,1.0,1
0.07025961577892303,1.0,1
0.6523925065994263,1.0,1
0.24314554035663605,1.0,1
0.32575419545173645,1.0,1
0.2444014996290207,1.0,1
0.38733142614364624,1.0,1
0.2319411039352417,1.0,1
0.7056794762611389,1.0,1
0.7258481979370117,1.0,1
1.0353121757507324,1.0,0
0.9990217089653015,1.0,0
0.7033507823944092,1.0,1
0.4291648268699646,1.0,1
0.3085022270679474,1.0,1
0.2786254286766052,1.0,1
0.11592252552509308,1.0,1
0.8889508247375488,1.0,0
0.25819092988967896,1.0,1
0.6865143775939941,1.0,1
0.24660547077655792,1.0,1
0.3307778239250183,1.0,1
0.4771951138973236,1.0,1
0.3912264406681061,1.0,1
0.26777172088623047,1.0,1
0.6561316847801208,1.0,1
0.07396446913480759,1.0,1
0.24105949699878693,1.0,1
0.21943505108356476,1.0,1
0.04368690401315689,1.0,1
0.7643450498580933,1.0,1
0.7477629780769348,1.0,1
1.013437032699585,1.0,0
0.7760471105575562,1.0,1
0.5556334853172302,1.0,1
0.03713008016347885,1.0,1
0.6513935923576355,1.0,1
0.4425753951072693,1.0,1
0.8010348081588745,1.0,1
0.6545380353927612,1.0,1
0.2305196225643158,1.0,1
0.9340475797653198,1.0,0
0.46632152795791626,1.0,1
0.6423159837722778,1.0,1
0.29108181595802307,1.0,1
0.46240973472595215,1.0,1
0.6557587385177612,1.0,1
0.822919487953186,1.0,1
0.20713475346565247,1.0,1
0.9485380053520203,1.0,0
1.2645059823989868,1.0,0
0.6173598170280457,1.0,1
0.11735926568508148,1.0,1
0.2561856210231781,1.0,1
0.1031627431511879,1.0,1
0.5583528280258179,1.0,1
0.28799837827682495,1.0,1
0.2728314995765686,1.0,1
0.4503477215766907,1.0,1
0.7981200814247131,1.0,1
0.5874777436256409,1.0,1
1.2814300060272217,1.0,0
0.36135655641555786,1.0,1
0.6231388449668884,1.0,1
0.645919680595398,1.0,1
0.02931356057524681,1.0,1
0.2350982427597046,1.0,1
0.4666202664375305,1.0,1
0.9085359573364258,1.0,0
0.230625718832016,1.0,1
0.6738380193710327,1.0,1
0.13088560104370117,1.0,1
0.43290719389915466,1.0,1
0.5591493844985962,1.0,1
0.8601506352424622,1.0,1
0.5795169472694397,1.0,1
0.35146650671958923,1.0,1
0.6722437143325806,1.0,1
1.392394781112671,1.0,0
0.14907494187355042,1.0,1
0.0573606863617897,1.0,1
0.5842477083206177,1.0,1
0.04624640569090843,1.0,1
0.34499385952949524,1.0,1
0.15968802571296692,1.0,1
0.3694581091403961,1.0,1
0.20729494094848633,1.0,1
0.610765278339386,1.0,1
0.4414713382720947,1.0,1
0.28115740418434143,1.0,1
0.3054496645927429,1.0,1
0.2487400472164154,1.0,1
0.2626977264881134,1.0,1
0.3792997896671295,1.0,1
0.47201260924339294,1.0,1
0.8276525735855103,1.0,1
0.5117287635803223,1.0,1
1.0957666635513306,1.0,0
0.21990446746349335,1.0,1
0.5561738610267639,1.0,1
0.5639156103134155,1.0,1
0.4264518618583679,1.0,1
0.3627886474132538,1.0,1
0.7325842380523682,1.0,1
0.47872430086135864,1.0,1
0.23336701095104218,1.0,1
1.0502221584320068,1.0,0
0.5528289675712585,1.0,1
0.8868606686592102,1.0,0
0.14524683356285095,1.0,1
0.31652507185935974,1.0,1
0.9373403787612915,1.0,0
0.7015730142593384,1.0,1
0.36199864745140076,1.0,1
0.7457385063171387,1.0,1
0.3792312741279602,1.0,1
0.20552346110343933,1.0,1
0.6173044443130493,1.0,1
0.4665049910545349,1.0,1
0.4950016140937805,1.0,1
0.5576704740524292,1.0,1
0.14822982251644135,1.0,1
0.5604203939437866,1.0,1
0.1900521218776703,1.0,1
0.5056588053703308,1.0,1
0.23899948596954346,1.0,1
0.7103788256645203,1.0,1
0.14821156859397888,1.0,1
0.10543990135192871,1.0,1
0.3612516522407532,1.0,1
0.31241917610168457,1.0,1
0.10723378509283066,1.0,1
0.7791904211044312,1.0,1
0.45588475465774536,1.0,1
0.5792531371116638,1.0,1
0.31576114892959595,1.0,1
1.10783052444458,1.0,0
0.45909222960472107,1.0,1
0.3732031583786011,1.0,1
0.19882886111736298,1.0,1
0.39259153604507446,1.0,1
0.1763426810503006,1.0,1
0.3146619498729706,1.0,1
0.9425338506698608,1.0,0
0.291276216506958,1.0,1
0.12977924942970276,1.0,1
0.22521445155143738,1.0,1
0.2231224775314331,1.0,1
0.14506369829177856,1.0,1
0.296211838722229,1.0,1
0.4824979305267334,1.0,1
0.38161107897758484,1.0,1
0.7381036281585693,1.0,1
0.16647818684577942,1.0,1
0.24477644264698029,1.0,1
0.25296318531036377,1.0,1
0.7391144037246704,1.0,1
0.39991939067840576,1.0,1
0.9568983316421509,1.0,0
0.1205202117562294,1.0,1
0.38123732805252075,1.0,1
0.33834031224250793,1.0,1
0.7078878879547119,1.0,1
0.44975534081459045,1.0,1
0.3562255799770355,1.0,1
0.2488764226436615,1.0,1
0.2019214928150177,1.0,1
0.3093293011188507,1.0,1
0.3249166011810303,1.0,1
0.22928154468536377,1.0,1
0.932462215423584,1.0,0
0.0332455039024353,1.0,1
0.341387540102005,1.0,1
0.285007119178772,1.0,1
0.7870922088623047,1.0,1
0.5514770746231079,1.0,1
0.5212887525558472,1.0,1
0.2726890444755554,1.0,1
0.3055710792541504,1.0,1
0.2178683578968048,1.0,1
0.8644653558731079,1.0,1
0.6794353127479553,1.0,1
0.03580613061785698,1.0,1
0.21701984107494354,1.0,1
0.2089567631483078,1.0,1
0.48059749603271484,1.0,1
0.6773432493209839,1.0,1
0.03303041309118271,1.0,1
0.18520230054855347,1.0,1
0.24111251533031464,1.0,1
0.7952836155891418,1.0,1
0.37725162506103516,1.0,1
0.7263011336326599,1.0,1
0.8335540890693665,1.0,1
0.9207213521003723,1.0,0
0.28640216588974,1.0,1
0.5151456594467163,1.0,1
0.25129765272140503,1.0,1
0.8328467607498169,1.0,1
0.45155468583106995,1.0,1
0.33392390608787537,1.0,1
0.7673406600952148,1.0,1
0.1891051083803177,1.0,1
0.30176249146461487,1.0,1
0.31725528836250305,1.0,1
0.21862903237342834,1.0,1
0.3632904887199402,1.0,1
0.2195168286561966,1.0,1
0.3495170772075653,1.0,1
0.39245253801345825,1.0,1
0.5215542912483215,1.0,1
0.4021688997745514,1.0,1
0.7987787127494812,1.0,1
0.2322506606578827,1.0,1
0.8451696634292603,1.0,1
0.5177155137062073,1.0,1
0.3364364802837372,1.0,1
0.2592313587665558,1.0,1
0.44163185358047485,1.0,1
0.3273550868034363,1.0,1
0.29014962911605835,1.0,1
0.21529635787010193,1.0,1
0.677571177482605,1.0,1
0.8912495374679565,1.0,0
0.2225113809108734,1.0,1
0.08321251720190048,1.0,1
0.5902882814407349,1.0,1
1.1462738513946533,1.0,0
0.32472220063209534,1.0,1
0.34503576159477234,1.0,1
0.5492615103721619,1.0,1
0.8134053945541382,1.0,1
0.2530479431152344,1.0,1
0.6610033512115479,1.0,1
0.25186485052108765,1.0,1
0.3211614489555359,1.0,1
0.4371549189090729,1.0,1
0.5323129296302795,1.0,1
1.0491145849227905,1.0,0
0.33785009384155273,1.0,1
0.9031518697738647,1.0,0
0.6668989658355713,1.0,1
0.7232252359390259,1.0,1
0.23409588634967804,1.0,1
0.6355568170547485,1.0,1
0.33354681730270386,1.0,1
0.2351972758769989,1.0,1
0.32984092831611633,1.0,1
0.4219515323638916,1.0,1
0.290173202753067,1.0,1
0.05926160886883736,1.0,1
0.5708822011947632,1.0,1
0.3378760814666748,1.0,1
0.2740077078342438,1.0,1
0.3692072629928589,1.0,1
0.42345890402793884,1.0,1
0.14862962067127228,1.0,1
0.16620440781116486,1.0,1
0.2288578450679779,1.0,1
0.5148118734359741,1.0,1
0.4053270220756531,1.0,1
0.3673244118690491,1.0,1
0.4062632620334625,1.0,1
0.7155190706253052,1.0,1
0.8254599571228027,1.0,1
0.24538107216358185,1.0,1
1.0421770811080933,1.0,0
0.2608147859573364,1.0,1
0.3979432284832001,1.0,1
0.0323672853410244,1.0,1
0.3016665577888489,1.0,1
0.24280977249145508,1.0,1
0.9860769510269165,1.0,0
0.6249387264251709,1.0,1
0.6449058055877686,1.0,1
0.6877850294113159,1.0,1
0.5638011693954468,1.0,1
0.15129674971103668,1.0,1
0.1911245882511139,1.0,1
0.5047226548194885,1.0,1
0.06514261662960052,1.0,1
0.4599331021308899,1.0,1
0.6687666177749634,1.0,1
0.9401199221611023,1.0,0
0.12895086407661438,1.0,1
0.08303884416818619,1.0,1
0.12384651601314545,1.0,1
0.3638959527015686,1.0,1
0.563460648059845,1.0,1
0.5271203517913818,1.0,1
0.7334251403808594,1.0,1
0.3620636761188507,1.0,1
0.05366440862417221,1.0,1
0.9195680618286133,1.0,0
0.1603565514087677,1.0,1
0.7303038835525513,1.0,1
0.5039252638816833,1.0,1
0.16864264011383057,1.0,1
0.16576379537582397,1.0,1
0.28172415494918823,1.0,1
0.35039022564888,1.0,1
0.813465416431427,1.0,1
0.2924274802207947,1.0,1
0.5026852488517761,1.0,1
0.318954199552536,1.0,1
0.6204267144203186,1.0,1
0.8628964424133301,1.0,1
0.5766639709472656,1.0,1
0.4279330372810364,1.0,1
0.13348489999771118,1.0,1
0.19466181099414825,1.0,1
0.6950074434280396,1.0,1
0.3041212260723114,1.0,1
0.5091520547866821,1.0,1
0.2046063393354416,1.0,1
0.11113953590393066,1.0,1
0.1835714876651764,1.0,1
0.3970951437950134,1.0,1
0.03194244205951691,1.0,1
0.3354732394218445,1.0,1
0.3269044756889343,1.0,1
0.9437445402145386,1.0,0
0.6909596920013428,1.0,1
0.4783828854560852,1.0,1
0.4252394735813141,1.0,1
0.5548134446144104,1.0,1
0.20458710193634033,1.0,1
0.41063737869262695,1.0,1
0.2397281676530838,1.0,1
0.6457282304763794,1.0,1
0.8362345695495605,1.0,1
0.21387150883674622,1.0,1
0.288506418466568,1.0,1
0.16723105311393738,1.0,1
0.473285049200058,1.0,1
0.33231550455093384,1.0,1
0.12089590728282928,1.0,1
0.22524237632751465,1.0,1
0.651689350605011,1.0,1
0.6221776604652405,1.0,1
0.460915744304657,1.0,1
0.458763062953949,1.0,1
0.27332377433776855,1.0,1
0.5343526601791382,1.0,1
0.3950473666191101,1.0,1
0.052623581141233444,1.0,1
0.855087161064148,1.0,1
0.19402135908603668,1.0,1
0.6541103720664978,1.0,1
0.1871635913848877,1.0,1
0.4104890823364258,1.0,1
0.6289528608322144,1.0,1
0.8543645739555359,1.0,1
0.8492094874382019,1.0,1
0.1987370103597641,1.0,1
0.7902861833572388,1.0,1
0.3637580871582031,1.0,1
0.1626116931438446,1.0,1
0.2863653600215912,1.0,1
0.13043351471424103,1.0,1
0.3883114755153656,1.0,1
0.5544246435165405,1.0,1
0.2599678337574005,1.0,1
0.5947241187095642,1.0,1
0.2361871302127838,1.0,1
0.22170250117778778,1.0,1
0.3747284412384033,1.0,1
0.445933997631073,1.0,1
0.5633435845375061,1.0,1
1.1820138692855835,1.0,0
0.13716945052146912,1.0,1
0.34667497873306274,1.0,1
0.32750627398490906,1.0,1
0.5738434791564941,1.0,1
0.42774611711502075,1.0,1
0.292926549911499,1.0,1
0.6249427199363708,1.0,1
0.16708481311798096,1.0,1
0.5799365639686584,1.0,1
0.07093797624111176,1.0,1
0.5870469212532043,1.0,1
0.4558766484260559,1.0,1
0.7119287252426147,1.0,1
0.39001160860061646,1.0,1
0.5756782293319702,1.0,1
1.1733323335647583,1.0,0
0.20068684220314026,1.0,1
0.3348349928855896,1.0,1
0.6155794858932495,1.0,1
0.1529565304517746,1.0,1
0.21502280235290527,1.0,1
0.36700695753097534,1.0,1
0.5349211692810059,1.0,1
0.2594263255596161,1.0,1
0.29749003052711487,1.0,1
0.4508058428764343,1.0,1
0.54427170753479,1.0,1
0.4509708881378174,1.0,1
0.660920262336731,1.0,1
0.74968022108078,1.0,1
0.17212270200252533,1.0,1
0.4840417802333832,1.0,1
0.29855746030807495,1.0,1
0.3525241017341614,1.0,1
0.1111455112695694,1.0,1
0.5522582530975342,1.0,1
0.1768612414598465,1.0,1
0.5445190668106079,1.0,1
0.77784264087677,1.0,1
0.541314423084259,1.0,1
0.5792742967605591,1.0,1
0.27786630392074585,1.0,1
0.08958359062671661,1.0,1
0.30895885825157166,1.0,1
0.49663931131362915,1.0,1
0.33124735951423645,1.0,1
0.03270517289638519,1.0,1
0.3062838315963745,1.0,1
0.43660035729408264,1.0,1
0.8749082684516907,1.0,0
0.3640391528606415,1.0,1
0.26995474100112915,1.0,1
0.19140012562274933,1.0,1
0.5263979434967041,1.0,1
0.22086195647716522,1.0,1
0.4358616769313812,1.0,1
0.862613320350647,1.0,1
0.4656972289085388,1.0,1
0.5410982370376587,1.0,1
0.3204847276210785,1.0,1
1.0131542682647705,1.0,0
0.2234015166759491,1.0,1
0.7249125242233276,1.0,1
0.11692690849304199,1.0,1
0.18272051215171814,1.0,1
0.7688855528831482,1.0,1
0.2757505476474762,1.0,1
0.40260472893714905,1.0,1
0.41310423612594604,1.0,1
0.3710816204547882,1.0,1
0.20937475562095642,1.0,1
0.46789446473121643,1.0,1
0.6004026532173157,1.0,1
0.10543401539325714,1.0,1
0.18325912952423096,1.0,1
0.24766011536121368,1.0,1
0.660541832447052,1.0,1
0.20212391018867493,1.0,1
0.3862145245075226,1.0,1
0.7408020496368408,1.0,1
1.0252845287322998,1.0,0
0.3243047595024109,1.0,1
0.34177151322364807,1.0,1
0.4426571726799011,1.0,1
0.5967941284179688,1.0,1
0.6066901087760925,1.0,1
0.7940415740013123,1.0,1
0.2576000392436981,1.0,1
0.788127064704895,1.0,1
0.23244652152061462,1.0,1
0.5084942579269409,1.0,1
0.9665325880050659,1.0,0
0.6201525926589966,1.0,1
0.3130994141101837,1.0,1
0.3768153786659241,1.0,1
0.4756805896759033,1.0,1
0.18325836956501007,1.0,1
0.1535467654466629,1.0,1
0.9294072985649109,1.0,0
0.7881371378898621,1.0,1
0.8336480855941772,1.0,1
0.43728694319725037,1.0,1
0.6606983542442322,1.0,1
0.12061065435409546,1.0,1
0.5250052213668823,1.0,1
0.48380088806152344,1.0,1
1.2013349533081055,1.0,0
0.48940524458885193,1.0,1
0.19265931844711304,1.0,1
0.27801182866096497,1.0,1
0.2116193324327469,1.0,1
0.8270072937011719,1.0,1
0.5634534358978271,1.0,1
0.4527409076690674,1.0,1
0.33463162183761597,1.0,1
0.3617590069770813,1.0,1
0.7607070803642273,1.0,1
0.8472656011581421,1.0,1
0.6599337458610535,1.0,1
0.17041032016277313,1.0,1
0.39169541001319885,1.0,1
0.23909644782543182,1.0,1
0.3377232253551483,1.0,1
0.35233229398727417,1.0,1
0.33175891637802124,1.0,1
0.34071415662765503,1.0,1
0.2338559925556183,1.0,1
0.44824570417404175,1.0,1
0.7467165589332581,1.0,1
0.5529529452323914,1.0,1
0.1101851835846901,1.0,1
0.33452311158180237,1.0,1
0.5005717277526855,1.0,1
0.559085488319397,1.0,1
0.3853563070297241,1.0,1
0.34856462478637695,1.0,1
0.6020268201828003,1.0,1
0.14299294352531433,1.0,1
0.36323848366737366,1.0,1
0.2729567587375641,1.0,1
0.38287532329559326,1.0,1
0.6704784035682678,1.0,1
0.09132391959428787,1.0,1
0.7310253381729126,1.0,1
0.5629662275314331,1.0,1
0.49311041831970215,1.0,1
0.30823901295661926,1.0,1
0.3003375828266144,1.0,1
0.4669276177883148,1.0,1
0.3817434310913086,1.0,1
0.3765730857849121,1.0,1
0.8623137474060059,1.0,1
0.15161648392677307,1.0,1
0.6212464570999146,1.0,1
0.3849627375602722,1.0,1
0.17327232658863068,1.0,1
0.5514751672744751,1.0,1
0.560373842716217,1.0,1
0.2897406220436096,1.0,1
0.22567400336265564,1.0,1
0.5157329440116882,1.0,1
0.26627781987190247,1.0,1
0.8031395673751831,1.0,1
1.0776052474975586,1.0,0
0.40490514039993286,1.0,1
0.4009946882724762,1.0,1
0.49446502327919006,1.0,1
0.3999179005622864,1.0,1
0.09534795582294464,1.0,1
0.18923862278461456,1.0,1
0.12888899445533752,1.0,1
0.4214438498020172,1.0,1
0.153321772813797,1.0,1
0.8414456248283386,1.0,1
0.6231117248535156,1.0,1
0.24651026725769043,1.0,1
0.2894216477870941,1.0,1
0.6437618136405945,1.0,1
0.3947189450263977,1.0,1
0.1523670107126236,1.0,1
0.28321129083633423,1.0,1
0.23593828082084656,1.0,1
0.501520037651062,1.0,1
0.5037019848823547,1.0,1
0.15491299331188202,1.0,1
0.9294556379318237,1.0,0
0.2481251060962677,1.0,1
0.19803902506828308,1.0,1
0.7565890550613403,1.0,1
0.3807232677936554,1.0,1
0.8927233815193176,1.0,0
0.26190900802612305,1.0,1
0.33446377515792847,1.0,1
0.4035412669181824,1.0,1
0.41477832198143005,1.0,1
0.6745151877403259,1.0,1
0.1699644774198532,1.0,1
0.4302711486816406,1.0,1
0.6761087775230408,1.0,1
0.4537333846092224,1.0,1
0.21983659267425537,1.0,1
0.34898295998573303,1.0,1
0.47415047883987427,1.0,1
0.6096943020820618,1.0,1
0.588860034942627,1.0,1
0.4829495847225189,1.0,1
0.11329255998134613,1.0,1
0.6975305676460266,1.0,1
0.7427656054496765,1.0,1
0.49572810530662537,1.0,1
0.4948206841945648,1.0,1
0.09840322285890579,1.0,1
0.29432398080825806,1.0,1
0.27698034048080444,1.0,1
0.4841068685054779,1.0,1
0.49387603998184204,1.0,1
0.0588284432888031,1.0,1
0.17793014645576477,1.0,1
0.7368451356887817,1.0,1
0.798183023929596,1.0,1
0.47204262018203735,1.0,1
0.40722209215164185,1.0,1
0.6880778074264526,1.0,1
0.7828145623207092,1.0,1
0.8579553365707397,1.0,1
0.9722062945365906,1.0,0
0.26444992423057556,1.0,1
0.8059597015380859,1.0,1
0.47431111335754395,1.0,1
0.5311292409896851,1.0,1
0.5101631283760071,1.0,1
0.2541159391403198,1.0,1
0.4962497651576996,1.0,1
0.5428905487060547,1.0,1
0.37052518129348755,1.0,1
0.933025062084198,1.0,0
0.24258485436439514,1.0,1
0.6261054873466492,1.0,1
0.4804593622684479,1.0,1
1.0023876428604126,1.0,0
0.5322366952896118,1.0,1
0.4335988461971283,1.0,1
0.28154057264328003,1.0,1
0.47104334831237793,1.0,1
0.3989521861076355,1.0,1
0.7397574186325073,1.0,1
0.31796661019325256,1.0,1
0.3528931140899658,1.0,1
0.4838387370109558,1.0,1
0.44572943449020386,1.0,1
0.5837046504020691,1.0,1
0.3128970265388489,1.0,1
0.6358639001846313,1.0,1
0.7654818296432495,1.0,1
0.03639722615480423,1.0,1
0.1832745373249054,1.0,1
1.0032193660736084,1.0,0
0.7001218795776367,1.0,1
0.8474739789962769,1.0,1
0.4418056607246399,1.0,1
0.32043635845184326,1.0,1
0.25206875801086426,1.0,1
0.8125384449958801,1.0,1
0.14199358224868774,1.0,1
0.2606387138366699,1.0,1
0.7366443872451782,1.0,1
0.20976945757865906,1.0,1
0.3013733923435211,1.0,1
0.1279517412185669,1.0,1
0.33986562490463257,1.0,1
0.6273838877677917,1.0,1
0.3686140179634094,1.0,1
0.8075939416885376,1.0,1
0.553412914276123,1.0,1
0.05780365318059921,1.0,1
0.47463923692703247,1.0,1
0.27447646856307983,1.0,1
0.1792428195476532,1.0,1
0.24414727091789246,1.0,1
0.28532105684280396,1.0,1
0.7355586886405945,1.0,1
0.3142549991607666,1.0,1
0.4267250895500183,1.0,1
0.6767659187316895,1.0,1
0.4819868206977844,1.0,1
0.04001437872648239,1.0,1
0.28578439354896545,1.0,1
0.27120888233184814,1.0,1
0.2712683081626892,1.0,1
0.20535635948181152,1.0,1
0.08489013463258743,1.0,1
0.2959970533847809,1.0,1
0.4104095995426178,1.0,1
0.47765597701072693,1.0,1
0.5295950770378113,1.0,1
0.5641105771064758,1.0,1
0.0856979563832283,1.0,1
0.16140154004096985,1.0,1
0.5431350469589233,1.0,1
0.6777319312095642,1.0,1
0.8123480677604675,1.0,1
0.33963656425476074,1.0,1
0.3445902168750763,1.0,1
0.49603399634361267,1.0,1
0.30489110946655273,1.0,1
0.349080353975296,1.0,1
0.5907968282699585,1.0,1
0.26628929376602173,1.0,1
0.2272491157054901,1.0,1
0.6601298451423645,1.0,1
0.4909239709377289,1.0,1
0.21216745674610138,1.0,1
0.9108245968818665,1.0,0
0.26549866795539856,1.0,1
0.3253348767757416,1.0,1
0.38325804471969604,1.0,1
0.23588693141937256,1.0,1
0.4702097475528717,1.0,1
0.7035248279571533,1.0,1
0.41868168115615845,1.0,1
0.4788331985473633,1.0,1
0.30473560094833374,1.0,1
0.2325180023908615,1.0,1
0.9464398622512817,1.0,0
0.3824809193611145,1.0,1
0.8089945912361145,1.0,1
0.5891889333724976,1.0,1
0.8916948437690735,1.0,0
0.8192279934883118,1.0,1
0.7851284146308899,1.0,1
0.45665884017944336,1.0,1
0.17778371274471283,1.0,1
0.3117855191230774,1.0,1
0.5082413554191589,1.0,1
0.7931205630302429,1.0,1
0.6898964643478394,1.0,1
0.34510719776153564,1.0,1
0.3485555052757263,1.0,1
0.3387223184108734,1.0,1
0.2914838194847107,1.0,1
0.15625488758087158,1.0,1
0.8265379071235657,1.0,1
0.2847425937652588,1.0,1
0.21756108105182648,1.0,1
0.7026420831680298,1.0,1
1.0108258724212646,1.0,0
0.5389471650123596,1.0,1
0.34702831506729126,1.0,1
0.7463895678520203,1.0,1
0.7291806936264038,1.0,1
0.528042197227478,1.0,1
0.4539810121059418,1.0,1
0.7229506373405457,1.0,1
0.2853342890739441,1.0,1
0.4994373917579651,1.0,1
0.22246646881103516,1.0,1
0.4884796142578125,1.0,1
0.3001679480075836,1.0,1
0.3376277983188629,1.0,1
0.11568931490182877,1.0,1
0.26565009355545044,1.0,1
0.06783852726221085,1.0,1
0.8931498527526855,1.0,0
0.31350940465927124,1.0,1
0.08640357106924057,1.0,1
0.3844779133796692,1.0,1
0.4769982695579529,1.0,1
0.4090440273284912,1.0,1
0.02961541712284088,1.0,1
0.6708998084068298,1.0,1
0.20274153351783752,1.0,1
1.04805588722229,1.0,0
0.3485249876976013,1.0,1
0.8303656578063965,1.0,1
0.9964513778686523,1.0,0
0.22829243540763855,1.0,1
0.37274155020713806,1.0,1
0.5917686223983765,1.0,1
1.4038203954696655,1.0,0
0.2717229425907135,1.0,1
0.20897500216960907,1.0,1
0.5740077495574951,1.0,1
0.8045037388801575,1.0,1
0.4707438349723816,1.0,1
1.0745590925216675,1.0,0
0.21786300837993622,1.0,1
0.3901544511318207,1.0,1
0.594640851020813,1.0,1
0.10614772140979767,1.0,1
0.17010577023029327,1.0,1
0.29612404108047485,1.0,1
0.4731784760951996,1.0,1
0.3164885640144348,1.0,1
0.4796435832977295,1.0,1
1.149353265762329,1.0,0
0.24474820494651794,1.0,1
0.9163318872451782,1.0,0
0.13782092928886414,1.0,1
0.2733970284461975,1.0,1
1.0930004119873047,1.0,0
1.0224292278289795,1.0,0
0.9019673466682434,1.0,0
0.5374073386192322,1.0,1
0.47359246015548706,1.0,1
0.665410041809082,1.0,1
0.4651741087436676,1.0,1
0.8979514837265015,1.0,0
0.36717668175697327,1.0,1
0.4534884989261627,1.0,1
0.43472790718078613,1.0,1
0.49522846937179565,1.0,1
0.33068937063217163,1.0,1
0.2218397855758667,1.0,1
0.21364951133728027,1.0,1
0.11389180272817612,1.0,1
0.8114621043205261,1.0,1
0.938509464263916,1.0,0
1.0230376720428467,1.0,0
0.47849100828170776,1.0,1
0.5282822251319885,1.0,1
0.3576527237892151,1.0,1
0.7616382241249084,1.0,1
0.23221555352210999,1.0,1
0.3396744430065155,1.0,1
0.8616735339164734,1.0,1
0.2943292260169983,1.0,1
0.388717383146286,1.0,1
0.8777817487716675,1.0,0
0.9263235330581665,1.0,0
1.4050325155258179,1.0,0
0.7446334958076477,1.0,1
0.8966487050056458,1.0,0
0.5572775602340698,1.0,1
0.3277350664138794,1.0,1
0.4445625841617584,1.0,1
0.870525062084198,1.0,1
0.6123096942901611,1.0,1
0.8123425245285034,1.0,1
0.7968562841415405,1.0,1
0.5300189256668091,1.0,1
0.6699227094650269,1.0,1
0.4490227699279785,1.0,1
0.23835253715515137,1.0,1
1.4855971336364746,1.0,0
0.7839571237564087,1.0,1
0.7982252836227417,1.0,1
0.3043534755706787,1.0,1
0.7739111185073853,1.0,1
0.14381834864616394,1.0,1
0.2806236445903778,1.0,1
0.5377835035324097,1.0,1
0.7244617938995361,1.0,1
0.5513929128646851,1.0,1
0.7866443991661072,1.0,1
0.4367062449455261,1.0,1
0.982403576374054,1.0,0
0.16845440864562988,1.0,1
0.49023717641830444,1.0,1
0.21958903968334198,1.0,1
0.8959313631057739,1.0,0
0.7762921452522278,1.0,1
0.9825164675712585,1.0,0
0.22843369841575623,1.0,1
0.10210355371236801,1.0,1
1.1226398944854736,1.0,0
0.5493075251579285,1.0,1
0.6374345421791077,1.0,1
0.26168355345726013,1.0,1
0.7677923440933228,1.0,1
0.5062371492385864,1.0,1
0.4298805296421051,1.0,1
0.3589549958705902,1.0,1
0.32068949937820435,1.0,1
0.7709225416183472,1.0,1
0.3859964907169342,1.0,1
0.6963629126548767,1.0,1
0.24401268362998962,1.0,1
0.46435457468032837,1.0,1
0.3453877568244934,1.0,1
0.1897495687007904,1.0,1
0.4905779957771301,1.0,1
0.44821375608444214,1.0,1
0.8712197542190552,1.0,1
0.5273732542991638,1.0,1
0.2512637972831726,1.0,1
0.09964977949857712,1.0,1
0.6920732855796814,1.0,1
0.3589100241661072,1.0,1
0.24182648956775665,1.0,1
0.06313876807689667,1.0,1
0.38723888993263245,1.0,1
0.6127718687057495,1.0,1
0.33973437547683716,1.0,1
0.4981984496116638,1.0,1
0.2507631182670593,1.0,1
0.06960858404636383,1.0,1
0.6131726503372192,1.0,1
0.19999347627162933,1.0,1
0.440194308757782,1.0,1
0.14506796002388,1.0,1
0.6094916462898254,1.0,1
0.23989851772785187,1.0,1
0.43124574422836304,1.0,1
0.8292892575263977,1.0,1
1.280845284461975,1.0,0
0.2713179886341095,1.0,1
0.39111456274986267,1.0,1
0.5079934597015381,1.0,1
0.7347472906112671,1.0,1
0.3990703225135803,1.0,1
0.6799402832984924,1.0,1
0.42139768600463867,1.0,1
0.5033825039863586,1.0,1
0.8714598417282104,1.0,1
0.1718936413526535,1.0,1
0.778725266456604,1.0,1
0.12073163688182831,1.0,1
0.8717969655990601,1.0,1
0.5700525641441345,1.0,1
0.22061452269554138,1.0,1
0.46819424629211426,1.0,1
0.22137212753295898,1.0,1
0.522735595703125,1.0,1
0.31428179144859314,1.0,1
0.5484932065010071,1.0,1
0.5618587732315063,1.0,1
0.6262218356132507,1.0,1
0.3322645425796509,1.0,1
0.13281872868537903,1.0,1
0.3830488920211792,1.0,1
0.7555641531944275,1.0,1
0.23313196003437042,1.0,1
0.6048842668533325,1.0,1
0.42515915632247925,1.0,1
0.23183973133563995,1.0,1
0.6821460127830505,1.0,1
0.20464292168617249,1.0,1
0.23446175456047058,1.0,1
0.27843374013900757,1.0,1
0.583154559135437,1.0,1
0.21720704436302185,1.0,1
0.4769633710384369,1.0,1
0.48087888956069946,1.0,1
0.4257868826389313,1.0,1
0.7743027210235596,1.0,1
0.25625160336494446,1.0,1
0.08226214349269867,1.0,1
0.9268744587898254,1.0,0
0.23382124304771423,1.0,1
0.2961956262588501,1.0,1
0.4733160436153412,1.0,1
0.9372018575668335,1.0,0
0.7351863384246826,1.0,1
0.46237969398498535,1.0,1
0.4793240427970886,1.0,1
0.23663505911827087,1.0,1
0.38324227929115295,1.0,1
0.05320841073989868,1.0,1
0.4125455319881439,1.0,1
0.3364381194114685,1.0,1
0.18741515278816223,1.0,1
0.2208806276321411,1.0,1
0.19340083003044128,1.0,1
0.5275630354881287,1.0,1
0.3040725588798523,1.0,1
0.6201343536376953,1.0,1
0.7532511949539185,1.0,1
0.4108133316040039,1.0,1
0.043811436742544174,1.0,1
1.2829370498657227,1.0,0
0.740051805973053,1.0,1
0.5490439534187317,1.0,1
0.6093382239341736,1.0,1
0.3103870749473572,1.0,1
0.408784955739975,1.0,1
0.4193916916847229,1.0,1
0.33585119247436523,1.0,1
0.6595987677574158,1.0,1
0.7261450886726379,1.0,1
0.6523832678794861,1.0,1
0.4093169569969177,1.0,1
0.40568074584007263,1.0,1
0.4792462885379791,1.0,1
0.312522292137146,1.0,1
0.7519091367721558,1.0,1
0.22175247967243195,1.0,1
0.9205690622329712,1.0,0
0.4241047501564026,1.0,1
0.23232316970825195,1.0,1
0.8377253413200378,1.0,1
0.4846819341182709,1.0,1
0.8029699325561523,1.0,1
0.12561875581741333,1.0,1
0.11129770427942276,1.0,1
0.3537077009677887,1.0,1
0.2470274418592453,1.0,1
0.9864228367805481,1.0,0
0.1444029062986374,1.0,1
0.2826910614967346,1.0,1
0.442848265171051,1.0,1
0.44013386964797974,1.0,1
0.2835862636566162,1.0,1
0.47941142320632935,1.0,1
0.19569997489452362,1.0,1
0.5409208536148071,1.0,1
0.3732517659664154,1.0,1
0.6505435705184937,1.0,1
0.6049731969833374,1.0,1
0.6903005242347717,1.0,1
0.6097676157951355,1.0,1
0.5689665079116821,1.0,1
1.1053556203842163,1.0,0
0.257982075214386,1.0,1
0.7872498631477356,1.0,1
0.6940070986747742,1.0,1
0.22267644107341766,1.0,1
0.21184761822223663,1.0,1
0.7366350889205933,1.0,1
0.29187488555908203,1.0,1
0.1829775869846344,1.0,1
0.5216099619865417,1.0,1
0.1840355396270752,1.0,1
0.18985587358474731,1.0,1
0.20754508674144745,1.0,1
0.7901720404624939,1.0,1
0.14148500561714172,1.0,1
0.44832682609558105,1.0,1
1.1108286380767822,1.0,0
0.5634784698486328,1.0,1
0.5234668254852295,1.0,1
0.09637607634067535,1.0,1
0.8102320432662964,1.0,1
0.5768688917160034,1.0,1
0.5607059597969055,1.0,1
0.43025678396224976,1.0,1
0.8855630159378052,1.0,0
0.7340208888053894,1.0,1
0.6716440916061401,1.0,1
0.18869581818580627,1.0,1
0.27423086762428284,1.0,1
0.4031156897544861,1.0,1
0.41004911065101624,1.0,1
0.4949459135532379,1.0,1
0.28844907879829407,1.0,1
0.40947216749191284,1.0,1
0.8729873895645142,1.0,1
0.41075730323791504,1.0,1
0.36132654547691345,1.0,1
0.5127272605895996,1.0,1
0.6628144383430481,1.0,1
0.5870362520217896,1.0,1
0.29158127307891846,1.0,1
0.20130698382854462,1.0,1
0.09791591018438339,1.0,1
0.8379185795783997,1.0,1
0.49977749586105347,1.0,1
0.5813411474227905,1.0,1
0.4491261839866638,1.0,1
0.5156914591789246,1.0,1
0.21551677584648132,1.0,1
0.3976894021034241,1.0,1
0.41679757833480835,1.0,1
0.25231045484542847,1.0,1
0.18257884681224823,1.0,1
0.29251208901405334,1.0,1
0.587672233581543,1.0,1
0.28409212827682495,1.0,1
0.3916442096233368,1.0,1
0.3112029433250427,1.0,1
0.29372045397758484,1.0,1
0.5958439111709595,1.0,1
0.928449809551239,1.0,0
0.8210893869400024,1.0,1
0.7975187301635742,1.0,1
0.23326992988586426,1.0,1
0.6513636708259583,1.0,1
0.7474838495254517,1.0,1
0.18309900164604187,1.0,1
0.9112138748168945,1.0,0
0.3442445397377014,1.0,1
0.7017648816108704,1.0,1
0.4649612307548523,1.0,1
0.625183641910553,1.0,1
0.03868017718195915,1.0,1
0.8225585222244263,1.0,1
0.2365843951702118,1.0,1
0.8321674466133118,1.0,1
0.14154335856437683,1.0,1
0.5666433572769165,1.0,1
0.32560718059539795,1.0,1
1.0619430541992188,1.0,0
0.7983372211456299,1.0,1
0.03193943202495575,1.0,1
0.58931964635849,1.0,1
0.48856157064437866,1.0,1
0.2378285825252533,1.0,1
0.4344603419303894,1.0,1
0.19743137061595917,1.0,1
0.4921410083770752,1.0,1
0.45112666487693787,1.0,1
0.6675095558166504,1.0,1
0.8131573796272278,1.0,1
0.6017995476722717,1.0,1
0.5215338468551636,1.0,1
0.46349865198135376,1.0,1
0.48970070481300354,1.0,1
0.7257407903671265,1.0,1
0.47328177094459534,1.0,1
0.28574493527412415,1.0,1
0.27310529351234436,1.0,1
0.3028947710990906,1.0,1
0.44408828020095825,1.0,1
0.36783817410469055,1.0,1
0.43911829590797424,1.0,1
1.0948762893676758,1.0,0
0.23112483322620392,1.0,1
0.8340851068496704,1.0,1
0.9549808502197266,1.0,0
0.12904396653175354,1.0,1
0.3134903311729431,1.0,1
0.41640496253967285,1.0,1
0.6342489123344421,1.0,1
0.5266203880310059,1.0,1
0.28713881969451904,1.0,1
0.6342962384223938,1.0,1
0.23726484179496765,1.0,1
0.45219430327415466,1.0,1
0.5440419912338257,1.0,1
0.24810802936553955,1.0,1
0.05434063822031021,1.0,1
0.4314401149749756,1.0,1
0.4949938654899597,1.0,1
0.2725859582424164,1.0,1
0.21299448609352112,1.0,1
0.3008062541484833,1.0,1
0.3068225681781769,1.0,1
0.5535842776298523,1.0,1
0.03347458317875862,1.0,1
0.8384757041931152,1.0,1
0.23073048889636993,1.0,1
0.09291957318782806,1.0,1
0.7186335921287537,1.0,1
0.45144909620285034,1.0,1
0.1359919160604477,1.0,1
0.6363154053688049,1.0,1
0.047876741737127304,1.0,1
0.06635593622922897,1.0,1
0.389860063791275,1.0,1
0.37334874272346497,1.0,1
0.4552249014377594,1.0,1
0.6771777868270874,1.0,1
0.08752195537090302,1.0,1
0.8452267646789551,1.0,1
0.7013739943504333,1.0,1
0.42813602089881897,1.0,1
0.8249446749687195,1.0,1
0.27259883284568787,1.0,1
0.729333758354187,1.0,1
0.769343912601471,1.0,1
0.3372405171394348,1.0,1
0.0362323522567749,1.0,1
0.6231796741485596,1.0,1
0.24608317017555237,1.0,1
0.6402122974395752,1.0,1
1.0919348001480103,1.0,0
0.5163184404373169,1.0,1
0.36807382106781006,1.0,1
1.139761209487915,1.0,0
0.3591175973415375,1.0,1
0.22166261076927185,1.0,1
0.5459505319595337,1.0,1
0.4490317404270172,1.0,1
0.49597740173339844,1.0,1
0.44201770424842834,1.0,1
0.41778844594955444,1.0,1
0.49767643213272095,1.0,1
0.40288978815078735,1.0,1
0.4877242147922516,1.0,1
0.30887776613235474,1.0,1
0.6253842115402222,1.0,1
0.3274083137512207,1.0,1
0.37595558166503906,1.0,1
0.34440797567367554,1.0,1
0.7762554883956909,1.0,1
0.27753904461860657,1.0,1
0.4154055714607239,1.0,1
0.9064878225326538,1.0,0
0.6304904222488403,1.0,1
0.4181134104728699,1.0,1
0.4816721975803375,1.0,1
1.0183758735656738,1.0,0
0.4600551128387451,1.0,1
0.5250256061553955,1.0,1
0.6668353080749512,1.0,1
0.24157457053661346,1.0,1
0.3889835774898529,1.0,1
0.41765227913856506,1.0,1
0.18762536346912384,1.0,1
0.2705265283584595,1.0,1
0.46518492698669434,1.0,1
0.9536862373352051,1.0,0
0.6406691670417786,1.0,1
0.17136305570602417,1.0,1
0.24042317271232605,1.0,1
0.2787175476551056,1.0,1
0.1162867546081543,1.0,1
0.9673367738723755,1.0,0
0.25201067328453064,1.0,1
0.3696284592151642,1.0,1
0.4840315282344818,1.0,1
0.27693766355514526,1.0,1
0.6826075315475464,1.0,1
0.040615878999233246,1.0,1
0.1279940903186798,1.0,1
0.405026912689209,1.0,1
0.15646854043006897,1.0,1
0.6586920022964478,1.0,1
0.39473333954811096,1.0,1
0.5041133761405945,1.0,1
0.27525007724761963,1.0,1
0.5160381197929382,1.0,1
0.8639119267463684,1.0,1
0.1768937110900879,1.0,1
0.673618733882904,1.0,1
0.2076830416917801,1.0,1
0.3287854790687561,1.0,1
1.0167500972747803,1.0,0
0.6080166101455688,1.0,1
0.2913481593132019,1.0,1
0.8167425394058228,1.0,1
0.19267863035202026,1.0,1
0.8269253969192505,1.0,1
0.43100571632385254,1.0,1
0.14995290338993073,1.0,1
0.8005414009094238,1.0,1
0.44543522596359253,1.0,1
0.3461315929889679,1.0,1
0.6611406803131104,1.0,1
0.2944095730781555,1.0,1
1.086529016494751,1.0,0
0.49068179726600647,1.0,1
0.31473904848098755,1.0,1
0.23467238247394562,1.0,1
0.3167773485183716,1.0,1
0.27518922090530396,1.0,1
0.22892121970653534,1.0,1
0.5676864981651306,1.0,1
0.13695408403873444,1.0,1
0.2742350697517395,1.0,1
0.14958953857421875,1.0,1
0.30564451217651367,1.0,1
0.27421826124191284,1.0,1
0.32827121019363403,1.0,1
0.509766697883606,1.0,1
0.44821539521217346,1.0,1
0.7145410776138306,1.0,1
0.7041200995445251,1.0,1
0.8441482782363892,1.0,1
0.6448401212692261,1.0,1
0.4413088262081146,1.0,1
0.5375646352767944,1.0,1
1.0138951539993286,1.0,0
0.3964199125766754,1.0,1
0.9513897895812988,1.0,0
0.3643881678581238,1.0,1
0.07796895503997803,1.0,1
0.4661463797092438,1.0,1
0.5286064147949219,1.0,1
0.5764590501785278,1.0,1
0.46210184693336487,1.0,1
0.2391740381717682,1.0,1
0.30728259682655334,1.0,1
1.0431358814239502,1.0,0
0.2628474235534668,1.0,1
0.5289695858955383,1.0,1
0.36308160424232483,1.0,1
0.36720186471939087,1.0,1
0.1740390658378601,1.0,1
0.9299723505973816,1.0,0
0.22726821899414062,1.0,1
0.4067401885986328,1.0,1
0.35660380125045776,1.0,1
0.3364247679710388,1.0,1
1.1643553972244263,1.0,0
0.5355398654937744,1.0,1
0.778762698173523,1.0,1
0.22187280654907227,1.0,1
0.9636573791503906,1.0,0
0.3082268238067627,1.0,1
0.30879586935043335,1.0,1
0.210499569773674,1.0,1
0.44247546792030334,1.0,1
0.30399423837661743,1.0,1
0.40848129987716675,1.0,1
0.5684231519699097,1.0,1
0.45536622405052185,1.0,1
0.2197776734828949,1.0,1
0.37367814779281616,1.0,1
0.5995181798934937,1.0,1
0.37817543745040894,1.0,1
0.7233632802963257,1.0,1
0.9616364240646362,1.0,0
0.5765033960342407,1.0,1
0.5941210389137268,1.0,1
0.19880083203315735,1.0,1
0.5476557612419128,1.0,1
0.19721969962120056,1.0,1
0.4468674063682556,1.0,1
0.13304896652698517,1.0,1
0.3836269676685333,1.0,1
0.6080363392829895,1.0,1
0.3058905005455017,1.0,1
0.28879818320274353,1.0,1
0.15298119187355042,1.0,1
0.34163618087768555,1.0,1
0.24335244297981262,1.0,1
0.5102384686470032,1.0,1
0.07117803394794464,1.0,1
0.4758670926094055,1.0,1
0.45556551218032837,1.0,1
0.1661141812801361,1.0,1
0.9046378135681152,1.0,0
0.9657519459724426,1.0,0
0.5647550821304321,1.0,1
0.11339328438043594,1.0,1
0.5586540102958679,1.0,1
0.24786779284477234,1.0,1
0.6776127219200134,1.0,1
0.19556491076946259,1.0,1
0.03413409739732742,1.0,1
1.036837100982666,1.0,0
0.43372979760169983,1.0,1
1.0133814811706543,1.0,0
0.43924203515052795,1.0,1
0.8737127184867859,1.0,1
0.2574441432952881,1.0,1
0.19664505124092102,1.0,1
0.46461981534957886,1.0,1
0.658882737159729,1.0,1
0.2618935704231262,1.0,1
0.4542422890663147,1.0,1
0.5771653056144714,1.0,1
0.45450887084007263,1.0,1
0.5144502520561218,1.0,1
0.9365876317024231,1.0,0
0.42141708731651306,1.0,1
0.5833174586296082,1.0,1
0.28217828273773193,1.0,1
0.2460634708404541,1.0,1
0.38817524909973145,1.0,1
0.23302917182445526,1.0,1
0.5582016706466675,1.0,1
0.21861056983470917,1.0,1
0.3686911165714264,1.0,1
0.6827911138534546,1.0,1
0.41224250197410583,1.0,1
1.01151704788208,1.0,0
0.12947338819503784,1.0,1
0.8244569897651672,1.0,1
0.33466988801956177,1.0,1
0.17054393887519836,1.0,1
0.3764212131500244,1.0,1
0.8627740144729614,1.0,1
0.4748758375644684,1.0,1
0.18506601452827454,1.0,1
0.1590949147939682,1.0,1
0.4414117932319641,1.0,1
0.9661580920219421,1.0,0
0.2999770939350128,1.0,1
0.5493990182876587,1.0,1
0.09770236909389496,1.0,1
0.3337234854698181,1.0,1
0.4085889458656311,1.0,1
0.6466444730758667,1.0,1
0.2939055562019348,1.0,1
0.31752896308898926,1.0,1
0.8156924247741699,1.0,1
0.03462594375014305,1.0,1
0.39759522676467896,1.0,1
0.4516087472438812,1.0,1
0.4377860128879547,1.0,1
0.16160418093204498,1.0,1
0.29662030935287476,1.0,1
0.2253459244966507,1.0,1
0.40573081374168396,1.0,1
0.09672185033559799,1.0,1
0.723717451095581,1.0,1
0.23931603133678436,1.0,1
0.5534628033638,1.0,1
1.100446343421936,1.0,0
0.39285215735435486,1.0,1
0.436758428812027,1.0,1
0.6964040994644165,1.0,1
0.1402347981929779,1.0,1
0.3535119891166687,1.0,1
0.6003206372261047,1.0,1
0.5204198956489563,1.0,1
0.49882692098617554,1.0,1
0.2500718832015991,1.0,1
0.6544860601425171,1.0,1
0.9823011159896851,1.0,0
0.45019134879112244,1.0,1
0.28541380167007446,1.0,1
0.21747827529907227,1.0,1
0.1093103289604187,1.0,1
0.5625200271606445,1.0,1
0.4294632375240326,1.0,1
0.7509156465530396,1.0,1
0.5611652731895447,1.0,1
0.25810420513153076,1.0,1
1.0044058561325073,1.0,0
0.3587096333503723,1.0,1
0.06340940296649933,1.0,1
0.2259736806154251,1.0,1
0.27193519473075867,1.0,1
0.9461264610290527,1.0,0
0.19593307375907898,1.0,1
0.45749568939208984,1.0,1
0.5990551114082336,1.0,1
1.0321588516235352,1.0,0
0.5549424886703491,1.0,1
0.3024246394634247,1.0,1
0.5623705387115479,1.0,1
0.3531803488731384,1.0,1
0.49682244658470154,1.0,1
0.35985031723976135,1.0,1
0.20482143759727478,1.0,1
0.27616339921951294,1.0,1
0.5273690223693848,1.0,1
0.3424236476421356,1.0,1
0.09313640743494034,1.0,1
0.28716105222702026,1.0,1
0.40904712677001953,1.0,1
0.41268378496170044,1.0,1
0.2438742220401764,1.0,1
0.250495582818985,1.0,1
0.23739385604858398,1.0,1
0.4240664541721344,1.0,1
0.11870547384023666,1.0,1
0.6604050397872925,1.0,1
0.4508787989616394,1.0,1
0.6828579306602478,1.0,1
0.2262541949748993,1.0,1
0.2642773687839508,1.0,1
0.8391475677490234,1.0,1
0.6235665082931519,1.0,1
0.2510938048362732,1.0,1
0.8551875352859497,1.0,1
0.38292574882507324,1.0,1
0.3235115110874176,1.0,1
0.8478142023086548,1.0,1
0.4367991089820862,1.0,1
0.527056097984314,1.0,1
0.3463901877403259,1.0,1
0.1506451815366745,1.0,1
0.07146334648132324,1.0,1
0.5530282855033875,1.0,1
0.2942671477794647,1.0,1
0.2783944010734558,1.0,1
0.367525190114975,1.0,1
0.9436641931533813,1.0,0
0.19273705780506134,1.0,1
0.686357855796814,1.0,1
0.37415811419487,1.0,1
0.45111727714538574,1.0,1
0.495601087808609,1.0,1
0.5046244859695435,1.0,1
0.2996128499507904,1.0,1
0.3476192057132721,1.0,1
0.29184478521347046,1.0,1
0.302204430103302,1.0,1
0.6676505208015442,1.0,1
0.9934511184692383,1.0,0
0.11879837512969971,1.0,1
0.8333158493041992,1.0,1
0.7174361348152161,1.0,1
0.43699151277542114,1.0,1
0.9755454063415527,1.0,0
1.210108995437622,1.0,0
0.2247254103422165,1.0,1
0.34886276721954346,1.0,1
0.3865426182746887,1.0,1
0.9498804211616516,1.0,0
0.34036070108413696,1.0,1
0.5367898344993591,1.0,1
0.789806067943573,1.0,1
0.631499707698822,1.0,1
0.8383085131645203,1.0,1
0.4886525273323059,1.0,1
0.0925719141960144,1.0,1
0.3250584602355957,1.0,1
0.5128463506698608,1.0,1
0.3010891377925873,1.0,1
0.4302193224430084,1.0,1
0.23943009972572327,1.0,1
0.12382593005895615,1.0,1
0.6956937909126282,1.0,1
0.3896297812461853,1.0,1
0.2082521915435791,1.0,1
0.33609849214553833,1.0,1
0.6650232076644897,1.0,1
0.13677503168582916,1.0,1
0.7101516723632812,1.0,1
0.24289143085479736,1.0,1
0.890030562877655,1.0,0
0.8917126655578613,1.0,0
0.1965721696615219,1.0,1
0.4946710169315338,1.0,1
0.09349893033504486,1.0,1
1.0620250701904297,1.0,0
0.41687899827957153,1.0,1
0.8784626126289368,1.0,0
0.28715160489082336,1.0,1
1.1790943145751953,1.0,0
0.3685872554779053,1.0,1
0.618739664554596,1.0,1
1.074310541152954,1.0,0
0.2043665647506714,1.0,1
0.7737234234809875,1.0,1
0.6920746564865112,1.0,1
0.24161812663078308,1.0,1
0.12096194922924042,1.0,1
0.40034985542297363,1.0,1
0.2869449853897095,1.0,1
0.5557559728622437,1.0,1
0.9231724739074707,1.0,0
0.21831810474395752,1.0,1
1.342477560043335,1.0,0
0.45529747009277344,1.0,1
1.090893030166626,1.0,0
0.6327885985374451,1.0,1
0.3433493971824646,1.0,1
0.24770143628120422,1.0,1
0.17633602023124695,1.0,1
0.5109483599662781,1.0,1
0.06761881709098816,1.0,1
0.6532313227653503,1.0,1
0.35879379510879517,1.0,1
0.5068967342376709,1.0,1
0.8287261724472046,1.0,1
0.14763329923152924,1.0,1
0.2958107590675354,1.0,1
0.29409459233283997,1.0,1
0.1325482428073883,1.0,1
0.6115601062774658,1.0,1
0.6448789834976196,1.0,1
0.7856183648109436,1.0,1
0.2095334827899933,1.0,1
0.6356892585754395,1.0,1
0.6260219812393188,1.0,1
0.296173632144928,1.0,1
0.6115300059318542,1.0,1
0.4295443594455719,1.0,1
0.24599678814411163,1.0,1
0.6819689869880676,1.0,1
0.4870833456516266,1.0,1
0.34246397018432617,1.0,1
0.1617022007703781,1.0,1
0.3028722405433655,1.0,1
0.1338353157043457,1.0,1
0.04693128168582916,1.0,1
0.33152446150779724,1.0,1
0.5385164022445679,1.0,1
0.6017612218856812,1.0,1
0.13327132165431976,1.0,1
0.848569393157959,1.0,1
0.19892434775829315,1.0,1
0.3881714940071106,1.0,1
0.5176354050636292,1.0,1
0.05619215965270996,1.0,1
0.21744665503501892,1.0,1
0.7097147703170776,1.0,1
0.7794820666313171,1.0,1
0.37365156412124634,1.0,1
0.38634905219078064,1.0,1
0.29766085743904114,1.0,1
0.8040925860404968,1.0,1
0.29279977083206177,1.0,1
0.2654632329940796,1.0,1
0.5088819861412048,1.0,1
0.18188777565956116,1.0,1
0.20475229620933533,1.0,1
0.4101296365261078,1.0,1
0.25719016790390015,1.0,1
0.2020496129989624,1.0,1
0.4726242125034332,1.0,1
0.21886475384235382,1.0,1
0.6244580149650574,1.0,1
0.06214188411831856,1.0,1
0.26504436135292053,1.0,1
0.5468319058418274,1.0,1
0.342467725276947,1.0,1
0.1927284300327301,1.0,1
0.4432089924812317,1.0,1
0.39621227979660034,1.0,1
0.8178027272224426,1.0,1
0.24096830189228058,1.0,1
0.429624080657959,1.0,1
0.22703678905963898,1.0,1
0.3893730938434601,1.0,1
0.6375991702079773,1.0,1
0.5520285367965698,1.0,1
0.3991929888725281,1.0,1
0.4799662232398987,1.0,1
0.3383064866065979,1.0,1
0.2870781421661377,1.0,1
0.7817667722702026,1.0,1
0.34305933117866516,1.0,1
1.1690642833709717,1.0,0
0.9292290806770325,1.0,0
0.7073233723640442,1.0,1
0.5367156267166138,1.0,1
0.4984150528907776,1.0,1
0.6037207841873169,1.0,1
0.13418634235858917,1.0,1
0.5859969258308411,1.0,1
0.8499065637588501,1.0,1
0.43762049078941345,1.0,1
0.26957646012306213,1.0,1
0.4719569683074951,1.0,1
0.6856881380081177,1.0,1
0.25914937257766724,1.0,1
0.3957173228263855,1.0,1
0.411196768283844,1.0,1
0.45353803038597107,1.0,1
0.40255266427993774,1.0,1
1.2326277494430542,1.0,0
0.2775614261627197,1.0,1
0.2609502673149109,1.0,1
0.6230247020721436,1.0,1
0.17217031121253967,1.0,1
0.3629124164581299,1.0,1
0.7917276620864868,1.0,1
0.2147190123796463,1.0,1
0.4873253405094147,1.0,1
0.3023037612438202,1.0,1
0.42016226053237915,1.0,1
0.742057204246521,1.0,1
0.22744551301002502,1.0,1
0.267255574464798,1.0,1
0.36772438883781433,1.0,1
0.2347283810377121,1.0,1
0.1710096001625061,1.0,1
0.4080418050289154,1.0,1
0.4227779805660248,1.0,1
0.3231687843799591,1.0,1
0.1414542943239212,1.0,1
0.7406059503555298,1.0,1
0.10158316045999527,1.0,1
0.9017492532730103,1.0,0
0.8606957197189331,1.0,1
1.3350938558578491,1.0,0
0.2282549887895584,1.0,1
0.17801859974861145,1.0,1
0.3243367671966553,1.0,1
0.7813805341720581,1.0,1
0.6378964185714722,1.0,1
0.3464146554470062,1.0,1
0.9700794219970703,1.0,0
0.25120437145233154,1.0,1
0.20882780849933624,1.0,1
0.2446736842393875,1.0,1
0.42076292634010315,1.0,1
0.2921575605869293,1.0,1
0.6709051132202148,1.0,1
0.467031866312027,1.0,1
0.5850335359573364,1.0,1
0.06856436282396317,1.0,1
0.48954254388809204,1.0,1
0.26944583654403687,1.0,1
0.21413259208202362,1.0,1
0.3892987370491028,1.0,1
0.6042712926864624,1.0,1
0.19392144680023193,1.0,1
0.13827231526374817,1.0,1
0.47871074080467224,1.0,1
0.16658881306648254,1.0,1
0.22418880462646484,1.0,1
0.5979950428009033,1.0,1
0.3293713927268982,1.0,1
0.3336833119392395,1.0,1
0.25989025831222534,1.0,1
0.3017679750919342,1.0,1
1.345644235610962,1.0,0
0.1429835855960846,1.0,1
0.09594117105007172,1.0,1
0.3619382679462433,1.0,1
0.3281416893005371,1.0,1
0.09621268510818481,1.0,1
0.48073071241378784,1.0,1
0.24869148433208466,1.0,1
0.3052324652671814,1.0,1
1.091104507446289,1.0,0
0.22708404064178467,1.0,1
0.38488733768463135,1.0,1
0.11189799010753632,1.0,1
0.41906827688217163,1.0,1
0.11425534635782242,1.0,1
0.31100720167160034,1.0,1
0.47839632630348206,1.0,1
0.055683523416519165,1.0,1
0.3804016709327698,1.0,1
0.5865856409072876,1.0,1
0.2739342749118805,1.0,1
0.17455746233463287,1.0,1
0.3686104416847229,1.0,1
0.20302481949329376,1.0,1
1.0044636726379395,1.0,0
0.15003061294555664,1.0,1
0.6499916911125183,1.0,1
0.7911737561225891,1.0,1
0.8662422895431519,1.0,1
0.2817111611366272,1.0,1
0.08684583008289337,1.0,1
0.6546494960784912,1.0,1
0.6261765956878662,1.0,1
0.5581792593002319,1.0,1
0.20089571177959442,1.0,1
0.6062020063400269,1.0,1
0.5656205415725708,1.0,1
0.5890389680862427,1.0,1
0.5446234941482544,1.0,1
0.18254303932189941,1.0,1
0.2237122803926468,1.0,1
0.2975860834121704,1.0,1
0.6607099175453186,1.0,1
0.9336814880371094,1.0,0
0.6617695689201355,1.0,1
0.21280983090400696,1.0,1
0.8351941108703613,1.0,1
0.19872358441352844,1.0,1
1.108510136604309,1.0,0
0.5074790716171265,1.0,1
0.8147016763687134,1.0,1
0.33850085735321045,1.0,1
0.4170773923397064,1.0,1
0.5054076910018921,1.0,1
0.22235329449176788,1.0,1
0.5226612091064453,1.0,1
0.44299253821372986,1.0,1
0.5626104474067688,1.0,1
0.4577156603336334,1.0,1
0.06994041800498962,1.0,1
0.5785359144210815,1.0,1
0.5151352286338806,1.0,1
0.15578290820121765,1.0,1
0.5453703999519348,1.0,1
0.28959590196609497,1.0,1
0.8988445401191711,1.0,0
1.2014052867889404,1.0,0
0.37247711420059204,1.0,1
0.3188494145870209,1.0,1
0.6630309820175171,1.0,1
0.047642841935157776,1.0,1
0.3843764364719391,1.0,1
0.9018734097480774,1.0,0
0.4910913407802582,1.0,1
0.17484240233898163,1.0,1
0.35049811005592346,1.0,1
0.9208225011825562,1.0,0
0.31547775864601135,1.0,1
1.0692033767700195,1.0,0
0.2509792447090149,1.0,1
0.6389929056167603,1.0,1
0.6255416870117188,1.0,1
0.21288509666919708,1.0,1
1.0619757175445557,1.0,0
0.7039179801940918,1.0,1
0.5798345804214478,1.0,1
0.22583536803722382,1.0,1
0.6657798290252686,1.0,1
0.5900553464889526,1.0,1
0.6623033285140991,1.0,1
0.30695900321006775,1.0,1
0.933763861656189,1.0,0
0.41212955117225647,1.0,1
0.41011708974838257,1.0,1
0.1436285674571991,1.0,1
0.30689799785614014,1.0,1
0.21189120411872864,1.0,1
0.26149868965148926,1.0,1
0.14562687277793884,1.0,1
0.10974331200122833,1.0,1
0.39263659715652466,1.0,1
0.437490850687027,1.0,1
0.627255380153656,1.0,1
0.8729971647262573,1.0,1
0.36693108081817627,1.0,1
0.43672141432762146,1.0,1
0.734533429145813,1.0,1
0.2822802662849426,1.0,1
0.31450361013412476,1.0,1
1.2576085329055786,1.0,0
0.5983976125717163,1.0,1
0.4762440621852875,1.0,1
0.8273255228996277,1.0,1
0.30818384885787964,1.0,1
0.13443300127983093,1.0,1
0.2639849781990051,1.0,1
1.0307103395462036,1.0,0
0.1712242066860199,1.0,1
0.7974826693534851,1.0,1
0.19457268714904785,1.0,1
0.5168283581733704,1.0,1
0.5896111726760864,1.0,1
0.8304813504219055,1.0,1
0.23934730887413025,1.0,1
0.049158938229084015,1.0,1
0.03308603912591934,1.0,1
0.5248529314994812,1.0,1
0.5643855333328247,1.0,1
0.9729738235473633,1.0,0
0.9264631271362305,1.0,0
0.536044716835022,1.0,1
0.09099612385034561,1.0,1
0.11840023845434189,1.0,1
0.9245921969413757,1.0,0
0.2560693621635437,1.0,1
0.1029888242483139,1.0,1
0.3951513171195984,1.0,1
0.2089948207139969,1.0,1
0.8226956129074097,1.0,1
0.22390885651111603,1.0,1
0.43147778511047363,1.0,1
0.11925604194402695,1.0,1
0.7907205820083618,1.0,1
0.2039962112903595,1.0,1
0.48780912160873413,1.0,1
0.7984034419059753,1.0,1
0.23456916213035583,1.0,1
0.4858216643333435,1.0,1
0.5566104650497437,1.0,1
0.2939550280570984,1.0,1
0.48883670568466187,1.0,1
0.2595246136188507,1.0,1
0.4670353829860687,1.0,1
0.38241884112358093,1.0,1
0.3678537905216217,1.0,1
0.19713211059570312,1.0,1
0.2812510132789612,1.0,1
0.0424266941845417,1.0,1
0.22767114639282227,1.0,1
0.9350684285163879,1.0,0
0.9598638415336609,1.0,0
0.5012512803077698,1.0,1
0.7518621683120728,1.0,1
0.4448090195655823,1.0,1
0.2874033451080322,1.0,1
0.15380814671516418,1.0,1
0.5647678971290588,1.0,1
0.5148959159851074,1.0,1
0.3519122004508972,1.0,1
1.0440685749053955,1.0,0
0.5570136904716492,1.0,1
0.8126867413520813,1.0,1
0.4835766851902008,1.0,1
0.6941812038421631,1.0,1
0.22227296233177185,1.0,1
0.6077831387519836,1.0,1
0.7869011163711548,1.0,1
1.0025031566619873,1.0,0
0.6176720857620239,1.0,1
0.2692139446735382,1.0,1
0.3550430238246918,1.0,1
0.3124644160270691,1.0,1
0.8020232319831848,1.0,1
0.09409008175134659,1.0,1
0.4606759548187256,1.0,1
0.3459484875202179,1.0,1
0.7860538959503174,1.0,1
0.12420149147510529,1.0,1
0.12721556425094604,1.0,1
0.37381088733673096,1.0,1
0.148880273103714,1.0,1
0.4534073770046234,1.0,1
0.2847803831100464,1.0,1
0.3014205992221832,1.0,1
0.5907741189002991,1.0,1
0.4364779591560364,1.0,1
0.6037340760231018,1.0,1
0.394470751285553,1.0,1
0.34513407945632935,1.0,1
0.5766666531562805,1.0,1
0.25015372037887573,1.0,1
0.1781395673751831,1.0,1
0.6987943649291992,1.0,1
0.42167043685913086,1.0,1
0.26139843463897705,1.0,1
0.2735297381877899,1.0,1
0.6553792953491211,1.0,1
0.2933294177055359,1.0,1
0.2979199290275574,1.0,1
0.8806878924369812,1.0,0
0.1578965187072754,1.0,1
0.29967379570007324,1.0,1
0.3264498710632324,1.0,1
0.1246129497885704,1.0,1
0.6777340173721313,1.0,1
0.8945172429084778,1.0,0
0.19999372959136963,1.0,1
0.19703441858291626,1.0,1
0.3148578107357025,1.0,1
0.10781010240316391,1.0,1
0.41092318296432495,1.0,1
0.38229456543922424,1.0,1
0.8400352597236633,1.0,1
0.7437456846237183,1.0,1
0.10223128646612167,1.0,1
0.36030101776123047,1.0,1
0.054396022111177444,1.0,1
0.14290985465049744,1.0,1
0.5702325105667114,1.0,1
1.0340325832366943,1.0,0
0.2556280493736267,1.0,1
0.4315999150276184,1.0,1
0.35802167654037476,1.0,1
0.06813476234674454,1.0,1
0.3116752505302429,1.0,1
0.2517324984073639,1.0,1
0.11117251962423325,1.0,1
0.8605701327323914,1.0,1
0.6159476637840271,1.0,1
0.036741383373737335,1.0,1
0.5178860425949097,1.0,1
0.31629493832588196,1.0,1
0.38014310598373413,1.0,1
0.053529202938079834,1.0,1
0.9972612261772156,1.0,0
0.15021339058876038,1.0,1
0.7847812175750732,1.0,1
0.28534144163131714,1.0,1
0.6306270360946655,1.0,1
1.1007746458053589,1.0,0
1.057224988937378,1.0,0
0.30938851833343506,1.0,1
0.6246392726898193,1.0,1
0.9739643335342407,1.0,0
0.9145002365112305,1.0,0
0.5820411443710327,1.0,1
0.19190794229507446,1.0,1
0.6260547637939453,1.0,1
0.4419499933719635,1.0,1
0.1333412379026413,1.0,1
0.3280470371246338,1.0,1
0.34916508197784424,1.0,1
0.3536509573459625,1.0,1
0.1319791078567505,1.0,1
0.9286748766899109,1.0,0
0.5220344662666321,1.0,1
0.6922568082809448,1.0,1
0.5730810761451721,1.0,1
0.30686840415000916,1.0,1
0.3462305963039398,1.0,1
0.9472182989120483,1.0,0
0.22566655278205872,1.0,1
0.5942150950431824,1.0,1
0.9604975581169128,1.0,0
0.9134069681167603,1.0,0
0.6816845536231995,1.0,1
0.6888664960861206,1.0,1
0.1117454320192337,1.0,1
0.7077050805091858,1.0,1
0.2976709306240082,1.0,1
0.7007592916488647,1.0,1
0.9496862292289734,1.0,0
1.3438878059387207,1.0,0
0.5751794576644897,1.0,1
1.0558083057403564,1.0,0
0.36441415548324585,1.0,1
0.302196204662323,1.0,1
0.4646073877811432,1.0,1
0.3453328013420105,1.0,1
0.4717343747615814,1.0,1
0.5116373300552368,1.0,1
0.0947994664311409,1.0,1
0.2679462432861328,1.0,1
0.2067592889070511,1.0,1
0.6078516244888306,1.0,1
0.4510444700717926,1.0,1
0.3770427107810974,1.0,1
0.32986873388290405,1.0,1
0.35809165239334106,1.0,1
0.5007730722427368,1.0,1
0.6970579624176025,1.0,1
0.45380479097366333,1.0,1
0.17211005091667175,1.0,1
0.8815348744392395,1.0,0
0.7421962022781372,1.0,1
0.8562008738517761,1.0,1
0.5037990212440491,1.0,1
0.061150312423706055,1.0,1
0.12375950813293457,1.0,1
0.09140422940254211,1.0,1
1.0633021593093872,1.0,0
0.36763906478881836,1.0,1
0.22280485928058624,1.0,1
0.3077934980392456,1.0,1
0.3173730671405792,1.0,1
0.3886895775794983,1.0,1
0.43727827072143555,1.0,1
0.13167452812194824,1.0,1
0.4085615575313568,1.0,1
0.10270973294973373,1.0,1
0.26698800921440125,1.0,1
0.2687421441078186,1.0,1
0.7019561529159546,1.0,1
0.5509927868843079,1.0,1
0.5502001047134399,1.0,1
0.27886930108070374,1.0,1
0.5561806559562683,1.0,1
0.5708824992179871,1.0,1
0.3824516236782074,1.0,1
0.05422366410493851,1.0,1
0.7140682935714722,1.0,1
0.7340410351753235,1.0,1
0.1174183115363121,1.0,1
0.8823636770248413,1.0,0
0.7272869348526001,1.0,1
0.22555962204933167,1.0,1
0.7695854902267456,1.0,1
0.48808079957962036,1.0,1
0.6234052777290344,1.0,1
0.5415964722633362,1.0,1
0.13070453703403473,1.0,1
0.20354247093200684,1.0,1
0.4739822745323181,1.0,1
0.698708713054657,1.0,1
0.6845621466636658,1.0,1
0.32450810074806213,1.0,1
0.2957143187522888,1.0,1
0.10663817077875137,1.0,1
0.1481115221977234,1.0,1
0.26640966534614563,1.0,1
0.8542119860649109,1.0,1
0.48403629660606384,1.0,1
0.2820752263069153,1.0,1
0.21813969314098358,1.0,1
1.0648729801177979,1.0,0
0.1563446968793869,1.0,1
0.11980149894952774,1.0,1
0.6098901033401489,1.0,1
0.2086987942457199,1.0,1
0.49132269620895386,1.0,1
0.7079896330833435,1.0,1
0.3167470097541809,1.0,1
0.3280985951423645,1.0,1
0.29642969369888306,1.0,1
0.516596794128418,1.0,1
0.22578592598438263,1.0,1
1.0259748697280884,1.0,0
0.7253736853599548,1.0,1
0.36863765120506287,1.0,1
0.38305631279945374,1.0,1
0.4305012822151184,1.0,1
0.04842102900147438,1.0,1
0.8573088645935059,1.0,1
0.27991119027137756,1.0,1
0.16648003458976746,1.0,1
0.48117464780807495,1.0,1
0.035842232406139374,1.0,1
0.6978874802589417,1.0,1
0.6546791791915894,1.0,1
0.36701464653015137,1.0,1
0.5237274169921875,1.0,1
0.9707525968551636,1.0,0
0.7238902449607849,1.0,1
0.7617829442024231,1.0,1
0.31971946358680725,1.0,1
0.33554935455322266,1.0,1
0.4359622597694397,1.0,1
0.3101580739021301,1.0,1
0.6030222177505493,1.0,1
0.4946673810482025,1.0,1
0.10969240963459015,1.0,1
0.18021969497203827,1.0,1
0.27646002173423767,1.0,1
0.13006272912025452,1.0,1
0.3425498604774475,1.0,1
0.4030032753944397,1.0,1
0.24204421043395996,1.0,1
0.3468214273452759,1.0,1
0.18423977494239807,1.0,1
0.20764648914337158,1.0,1
0.7804660201072693,1.0,1
0.16586433351039886,1.0,1
0.8421319127082825,1.0,1
0.4895797371864319,1.0,1
0.19812171161174774,1.0,1
0.2594446837902069,1.0,1
0.7590359449386597,1.0,1
0.5991382002830505,1.0,1
0.19349269568920135,1.0,1
0.349835604429245,1.0,1
0.5917968153953552,1.0,1
0.37309491634368896,1.0,1
0.6334583759307861,1.0,1
0.3599633574485779,1.0,1
0.6437538862228394,1.0,1
0.284980446100235,1.0,1
0.2572915554046631,1.0,1
0.18685269355773926,1.0,1
0.3294675946235657,1.0,1
0.31169411540031433,1.0,1
0.1958819478750229,1.0,1
1.177181601524353,1.0,0
0.5490595698356628,1.0,1
0.47897738218307495,1.0,1
0.10001753270626068,1.0,1
0.9670084118843079,1.0,0
0.36159804463386536,1.0,1
0.28098568320274353,1.0,1
0.3923426568508148,1.0,1
0.9426523447036743,1.0,0
0.23826709389686584,1.0,1
0.7453073263168335,1.0,1
0.38323497772216797,1.0,1
0.27698081731796265,1.0,1
0.9524599313735962,1.0,0
0.2239365130662918,1.0,1
0.5990161299705505,1.0,1
0.6243840456008911,1.0,1
0.7116560339927673,1.0,1
0.3844664692878723,1.0,1
0.04911200329661369,1.0,1
0.15968652069568634,1.0,1
0.5981096625328064,1.0,1
0.6428861021995544,1.0,1
0.3400275707244873,1.0,1
0.5037438273429871,1.0,1
0.4975910186767578,1.0,1
0.549623966217041,1.0,1
0.5847914814949036,1.0,1
0.5274385213851929,1.0,1
0.3232109844684601,1.0,1
0.19782142341136932,1.0,1
0.04600232094526291,1.0,1
0.27697253227233887,1.0,1
0.7612488269805908,1.0,1
0.19758720695972443,1.0,1
0.5308718085289001,1.0,1
0.5353788137435913,1.0,1
0.6429914832115173,1.0,1
1.383126139640808,1.0,0
0.6752190589904785,1.0,1
0.6696574091911316,1.0,1
0.5626891851425171,1.0,1
0.6529244780540466,1.0,1
0.25868290662765503,1.0,1
0.44270482659339905,1.0,1
0.589403510093689,1.0,1
0.6497198939323425,1.0,1
0.4934682846069336,1.0,1
0.22606757283210754,1.0,1
0.49191540479660034,1.0,1
0.6095474362373352,1.0,1
0.08148002624511719,1.0,1
0.17470891773700714,1.0,1
0.4772302508354187,1.0,1
1.1755993366241455,1.0,0
0.38165605068206787,1.0,1
0.7916330099105835,1.0,1
0.7196822166442871,1.0,1
0.6250342130661011,1.0,1
0.9364594221115112,1.0,0
0.14973561465740204,1.0,1
0.4642760753631592,1.0,1
0.05508149415254593,1.0,1
0.338674932718277,1.0,1
0.4641192555427551,1.0,1
0.2736271023750305,1.0,1
0.6068418025970459,1.0,1
0.3609612286090851,1.0,1
0.49020734429359436,1.0,1
0.2904911935329437,1.0,1
0.3796502351760864,1.0,1
0.31695371866226196,1.0,1
0.4588387906551361,1.0,1
0.7812969088554382,1.0,1
0.2427065670490265,1.0,1
0.35492658615112305,1.0,1
0.34295454621315,1.0,1
0.30962634086608887,1.0,1
0.8813745379447937,1.0,0
0.1639823168516159,1.0,1
1.0726336240768433,1.0,0
0.4187944531440735,1.0,1
0.5218435525894165,1.0,1
0.08421757817268372,1.0,1
0.1419021487236023,1.0,1
0.31300774216651917,1.0,1
0.19908133149147034,1.0,1
0.20566602051258087,1.0,1
0.10362941026687622,1.0,1
1.1018357276916504,1.0,0
0.35220903158187866,1.0,1
0.5294132232666016,1.0,1
0.5337501764297485,1.0,1
0.47744590044021606,1.0,1
0.3276408314704895,1.0,1
0.7989587187767029,1.0,1
0.8537999987602234,1.0,1
0.49971967935562134,1.0,1
0.3676599860191345,1.0,1
0.9503852128982544,1.0,0
0.10443959385156631,1.0,1
0.09755169600248337,1.0,1
0.6308802962303162,1.0,1
0.19402702152729034,1.0,1
0.787991464138031,1.0,1
0.0961313545703888,1.0,1
0.14866575598716736,1.0,1
0.45647963881492615,1.0,1
0.19440878927707672,1.0,1
0.2451663464307785,1.0,1
0.5891963243484497,1.0,1
0.5396305918693542,1.0,1
0.20647208392620087,1.0,1
0.9010616540908813,1.0,0
0.9714126586914062,1.0,0
0.12326373904943466,1.0,1
0.1608906239271164,1.0,1
0.23686298727989197,1.0,1
0.059177596122026443,1.0,1
0.14082595705986023,1.0,1
0.2074618637561798,1.0,1
0.3285190463066101,1.0,1
0.9722385406494141,1.0,0
0.9244328737258911,1.0,0
0.3879089951515198,1.0,1
0.23802092671394348,1.0,1
0.8781174421310425,1.0,0
0.20682184398174286,1.0,1
0.31122660636901855,1.0,1
0.2400681972503662,1.0,1
1.029474139213562,1.0,0
0.11111372709274292,1.0,1
0.3380112946033478,1.0,1
0.8154960870742798,1.0,1
0.15988950431346893,1.0,1
0.8733339309692383,1.0,1
0.23683539032936096,1.0,1
0.6121180653572083,1.0,1
0.18537108600139618,1.0,1
0.3768402934074402,1.0,1
0.7241672873497009,1.0,1
0.3679797053337097,1.0,1
0.7471905946731567,1.0,1
0.4220348000526428,1.0,1
0.11888191848993301,1.0,1
0.18878315389156342,1.0,1
0.8901262283325195,1.0,0
0.32500457763671875,1.0,1
0.5473007559776306,1.0,1
0.5333778858184814,1.0,1
0.6323294639587402,1.0,1
0.4130435883998871,1.0,1
0.518429160118103,1.0,1
0.6931734085083008,1.0,1
0.7319139242172241,1.0,1
0.4451330602169037,1.0,1
0.15074996650218964,1.0,1
0.8925563097000122,1.0,0
0.4085148274898529,1.0,1
0.2917192876338959,1.0,1
0.43187612295150757,1.0,1
0.5980857014656067,1.0,1
0.7183495759963989,1.0,1
0.675054669380188,1.0,1
0.3723117411136627,1.0,1
0.06930617988109589,1.0,1
0.5399799942970276,1.0,1
0.2448682337999344,1.0,1
0.6260297894477844,1.0,1
0.5011243224143982,1.0,1
0.13556241989135742,1.0,1
0.7087564468383789,1.0,1
0.10361959785223007,1.0,1
0.30654194951057434,1.0,1
0.3629649579524994,1.0,1
0.032881028950214386,1.0,1
0.23927517235279083,1.0,1
0.4954124391078949,1.0,1
0.24644413590431213,1.0,1
0.560015082359314,1.0,1
0.951839804649353,1.0,0
0.11660470068454742,1.0,1
0.5630480051040649,1.0,1
0.45776820182800293,1.0,1
0.6465071439743042,1.0,1
0.16771860420703888,1.0,1
0.7380930781364441,1.0,1
0.1859629899263382,1.0,1
0.5817784070968628,1.0,1
0.7829552888870239,1.0,1
0.5723799467086792,1.0,1
0.48532024025917053,1.0,1
0.4134909510612488,1.0,1
0.5695630311965942,1.0,1
0.1642369031906128,1.0,1
0.4875943660736084,1.0,1
0.2869182229042053,1.0,1
0.45423856377601624,1.0,1
0.6210328936576843,1.0,1
0.8702313303947449,1.0,1
0.2930852174758911,1.0,1
0.4223784804344177,1.0,1
0.3358434736728668,1.0,1
0.34029465913772583,1.0,1
0.7993571758270264,1.0,1
0.3554382622241974,1.0,1
0.3975870907306671,1.0,1
0.27162033319473267,1.0,1
0.7221933603286743,1.0,1
0.5018277168273926,1.0,1
0.6474782228469849,1.0,1
0.1823234260082245,1.0,1
0.317502498626709,1.0,1
0.7117295861244202,1.0,1
0.44315630197525024,1.0,1
0.5019809603691101,1.0,1
0.47131699323654175,1.0,1
0.06873714178800583,1.0,1
0.3084689974784851,1.0,1
0.4985751509666443,1.0,1
0.3118516206741333,1.0,1
0.1476585865020752,1.0,1
0.9459100961685181,1.0,0
0.24891063570976257,1.0,1
0.35352662205696106,1.0,1
0.3244660794734955,1.0,1
0.8689812421798706,1.0,1
0.8855630159378052,1.0,0
0.42545628547668457,1.0,1
0.8391919136047363,1.0,1
0.3653804659843445,1.0,1
0.3285520672798157,1.0,1
0.5486711263656616,1.0,1
0.41377100348472595,1.0,1
0.6800702214241028,1.0,1
0.06192593649029732,1.0,1
0.33100980520248413,1.0,1
0.33709388971328735,1.0,1
0.29301390051841736,1.0,1
0.04292772710323334,1.0,1
0.2644217610359192,1.0,1
0.3756459057331085,1.0,1
0.1538475602865219,1.0,1
0.5358422994613647,1.0,1
0.32856613397598267,1.0,1
0.48171767592430115,1.0,1
0.31409046053886414,1.0,1
0.8248653411865234,1.0,1
0.41711416840553284,1.0,1
0.21253594756126404,1.0,1
0.10632185637950897,1.0,1
0.23995380103588104,1.0,1
0.18624600768089294,1.0,1
0.48603591322898865,1.0,1
1.0396268367767334,1.0,0
0.3140943944454193,1.0,1
0.24587252736091614,1.0,1
0.2763645350933075,1.0,1
0.3552377223968506,1.0,1
0.8055545687675476,1.0,1
0.3377990126609802,1.0,1
0.31388530135154724,1.0,1
0.6480221152305603,1.0,1
0.5918301939964294,1.0,1
0.5867190957069397,1.0,1
0.2663569748401642,1.0,1
0.4062240719795227,1.0,1
0.3428482115268707,1.0,1
0.37581783533096313,1.0,1
0.7546989321708679,1.0,1
0.6804932355880737,1.0,1
0.23756010830402374,1.0,1
0.2188841551542282,1.0,1
0.31696590781211853,1.0,1
0.37252277135849,1.0,1
0.7117859125137329,1.0,1
0.18008887767791748,1.0,1
0.4309908449649811,1.0,1
0.20393475890159607,1.0,1
0.08822444826364517,1.0,1
0.8385550379753113,1.0,1
0.7333945631980896,1.0,1
0.38517481088638306,1.0,1
0.3002660572528839,1.0,1
0.2892254889011383,1.0,1
0.6526528000831604,1.0,1
0.272702157497406,1.0,1
0.22044149041175842,1.0,1
0.6634113788604736,1.0,1
0.6415051221847534,1.0,1
0.20411400496959686,1.0,1
0.5369120836257935,1.0,1
0.8443552255630493,1.0,1
0.5195730328559875,1.0,1
0.4267238974571228,1.0,1
0.5174843072891235,1.0,1
0.6118093729019165,1.0,1
0.27377358078956604,1.0,1
0.5741032361984253,1.0,1
0.6091061234474182,1.0,1
0.6642610430717468,1.0,1
0.7664806246757507,1.0,1
0.6280187368392944,1.0,1
0.7753903269767761,1.0,1
0.4365547299385071,1.0,1
0.13037829101085663,1.0,1
0.7407867908477783,1.0,1
0.6298593878746033,1.0,1
0.7309134602546692,1.0,1
0.2222685068845749,1.0,1
0.3953090310096741,1.0,1
0.16370531916618347,1.0,1
0.39632436633110046,1.0,1
0.334530234336853,1.0,1
0.11365975439548492,1.0,1
0.6869770884513855,1.0,1
0.4341563284397125,1.0,1
0.3272772431373596,1.0,1
0.2253134697675705,1.0,1
0.7326338887214661,1.0,1
0.8131475448608398,1.0,1
1.0608665943145752,1.0,0
0.16238555312156677,1.0,1
0.5291329622268677,1.0,1
0.8340343236923218,1.0,1
0.12295924127101898,1.0,1
0.9435834884643555,1.0,0
0.2318865805864334,1.0,1
0.6387313008308411,1.0,1
0.4371803402900696,1.0,1
0.31878942251205444,1.0,1
0.6314427852630615,1.0,1
0.9882615804672241,1.0,0
0.30364271998405457,1.0,1
0.5678463578224182,1.0,1
0.5915268659591675,1.0,1
0.7990682721138,1.0,1
0.20721271634101868,1.0,1
1.016656756401062,1.0,0
0.44255179166793823,1.0,1
0.8401497602462769,1.0,1
0.7043349742889404,1.0,1
0.3479801118373871,1.0,1
0.35303300619125366,1.0,1
0.11139462888240814,1.0,1
0.5827620029449463,1.0,1
0.3728896975517273,1.0,1
0.674155592918396,1.0,1
0.5742155313491821,1.0,1
0.6275316476821899,1.0,1
0.41034117341041565,1.0,1
0.24741367995738983,1.0,1
0.3093421757221222,1.0,1
0.18610258400440216,1.0,1
0.6054288148880005,1.0,1
0.3540114462375641,1.0,1
0.5401791334152222,1.0,1
0.37349897623062134,1.0,1
0.1952766627073288,1.0,1
0.33671829104423523,1.0,1
0.30303847789764404,1.0,1
0.7138065099716187,1.0,1
1.0305054187774658,1.0,0
0.4307475984096527,1.0,1
0.4819420874118805,1.0,1
1.0408706665039062,1.0,0
0.6985422968864441,1.0,1
0.25220105051994324,1.0,1
0.12766210734844208,1.0,1
0.35499149560928345,1.0,1
0.7232011556625366,1.0,1
0.33081167936325073,1.0,1
0.542704701423645,1.0,1
0.2836207151412964,1.0,1
0.38253602385520935,1.0,1
0.2204289734363556,1.0,1
0.234394833445549,1.0,1
0.43543535470962524,1.0,1
0.7017966508865356,1.0,1
0.27778422832489014,1.0,1
0.4173475205898285,1.0,1
0.48086127638816833,1.0,1
0.1707380712032318,1.0,1
0.3402124345302582,1.0,1
0.738274335861206,1.0,1
0.17035090923309326,1.0,1
0.2543995976448059,1.0,1
0.3186003267765045,1.0,1
0.6320579648017883,1.0,1
0.14666666090488434,1.0,1
0.8012580871582031,1.0,1
0.2481168508529663,1.0,1
0.954903781414032,1.0,0
0.6712606549263,1.0,1
0.6334248781204224,1.0,1
0.32212066650390625,1.0,1
0.3820343315601349,1.0,1
0.4125818610191345,1.0,1
0.2794073224067688,1.0,1
0.037592336535453796,1.0,1
0.9141820669174194,1.0,0
0.33802375197410583,1.0,1
0.31117647886276245,1.0,1
0.628998339176178,1.0,1
0.6539303064346313,1.0,1
0.09736710786819458,1.0,1
0.3356676697731018,1.0,1
0.288429319858551,1.0,1
0.2254699170589447,1.0,1
0.8268870115280151,1.0,1
0.5184661149978638,1.0,1
0.17327159643173218,1.0,1
0.34112903475761414,1.0,1
0.8797571063041687,1.0,0
0.1389598399400711,1.0,1
0.7396048307418823,1.0,1
0.24111852049827576,1.0,1
0.5300062894821167,1.0,1
0.2159276008605957,1.0,1
0.6130722761154175,1.0,1
0.6285703182220459,1.0,1
0.6955825090408325,1.0,1
0.8650387525558472,1.0,1
0.560724675655365,1.0,1
0.7248166799545288,1.0,1
0.626517117023468,1.0,1
0.4881010055541992,1.0,1
0.2700572907924652,1.0,1
0.2826194763183594,1.0,1
0.1912296563386917,1.0,1
0.6323342323303223,1.0,1
0.7203058004379272,1.0,1
0.3259585499763489,1.0,1
0.5258988738059998,1.0,1
0.7389705777168274,1.0,1
0.3899966776371002,1.0,1
0.9511216878890991,1.0,0
0.3652175962924957,1.0,1
0.9734278917312622,1.0,0
0.3037923574447632,1.0,1
0.8489595651626587,1.0,1
0.17881202697753906,1.0,1
0.1402445137500763,1.0,1
0.05060049891471863,1.0,1
0.7289127111434937,1.0,1
0.22679945826530457,1.0,1
0.3298112750053406,1.0,1
1.1327979564666748,1.0,0
0.4227012097835541,1.0,1
0.15010572969913483,1.0,1
0.42682304978370667,1.0,1
0.39422640204429626,1.0,1
0.9916261434555054,1.0,0
0.40519946813583374,1.0,1
0.6077330112457275,1.0,1
0.39935994148254395,1.0,1
0.09413845092058182,1.0,1
0.2850944399833679,1.0,1
0.5262416005134583,1.0,1
0.18523001670837402,1.0,1
0.029322024434804916,1.0,1
0.45625680685043335,1.0,1
0.5928820967674255,1.0,1
0.4118935167789459,1.0,1
0.24328522384166718,1.0,1
0.19286556541919708,1.0,1
0.6918703317642212,1.0,1
0.6568340063095093,1.0,1
0.4205385744571686,1.0,1
0.05509718507528305,1.0,1
0.06398682296276093,1.0,1
0.3382892906665802,1.0,1
0.28068456053733826,1.0,1
0.7443029284477234,1.0,1
0.8625854253768921,1.0,1
0.5295288562774658,1.0,1
0.20967192947864532,1.0,1
0.23827147483825684,1.0,1
0.6699810028076172,1.0,1
0.04951398819684982,1.0,1
0.33970242738723755,1.0,1
0.2795877456665039,1.0,1
0.22552260756492615,1.0,1
0.41223007440567017,1.0,1
0.6207340955734253,1.0,1
0.31665074825286865,1.0,1
0.7642402052879333,1.0,1
0.3433115482330322,1.0,1
0.4632568955421448,1.0,1
0.2131950408220291,1.0,1
0.3599075675010681,1.0,1
0.04601944983005524,1.0,1
0.624510645866394,1.0,1
0.20365634560585022,1.0,1
0.5735210180282593,1.0,1
0.22732357680797577,1.0,1
0.2629545032978058,1.0,1
0.7494015097618103,1.0,1
0.14030948281288147,1.0,1
0.22644023597240448,1.0,1
0.10201648622751236,1.0,1
0.7363754510879517,1.0,1
0.34759607911109924,1.0,1
0.9080693125724792,1.0,0
0.17997758090496063,1.0,1
0.4267904758453369,1.0,1
0.21807841956615448,1.0,1
1.0800644159317017,1.0,0
0.23790688812732697,1.0,1
0.26644203066825867,1.0,1
0.3720828890800476,1.0,1
1.3147053718566895,1.0,0
1.0566213130950928,1.0,0
0.7804840207099915,1.0,1
0.6474956274032593,1.0,1
0.5368283987045288,1.0,1
0.5621309280395508,1.0,1
0.8531072735786438,1.0,1
0.24341483414173126,1.0,1
0.4991818368434906,1.0,1
0.3867097795009613,1.0,1
1.064381718635559,1.0,0
0.6988376379013062,1.0,1
0.8103508949279785,1.0,1
0.2426542341709137,1.0,1
0.4271546006202698,1.0,1
0.05234407261013985,1.0,1
0.49985259771347046,1.0,1
0.8299146890640259,1.0,1
0.47442227602005005,1.0,1
0.6400197744369507,1.0,1
0.6156532764434814,1.0,1
0.28231102228164673,1.0,1
0.3329761326313019,1.0,1
0.5383414030075073,1.0,1
0.39367911219596863,1.0,1
0.6968673467636108,1.0,1
0.27985724806785583,1.0,1
0.08845532685518265,1.0,1
0.808729350566864,1.0,1
0.4081002175807953,1.0,1
0.7739613056182861,1.0,1
0.26110878586769104,1.0,1
0.2442450076341629,1.0,1
0.9861946105957031,1.0,0
0.7825597524642944,1.0,1
0.827279269695282,1.0,1
0.4190881848335266,1.0,1
0.5365408658981323,1.0,1
0.8210409283638,1.0,1
1.4301424026489258,1.0,0
0.3159104287624359,1.0,1
