Entropy,Prediction,GroundTruth
0.6053544878959656,0,0
0.7973414063453674,0,0
0.7839457988739014,0,0
0.679956316947937,0,0
0.7399453520774841,0,0
0.821600079536438,0,0
0.7979985475540161,0,0
0.7952932715415955,0,0
0.7453930377960205,0,0
0.8761497735977173,0,0
0.6761769652366638,0,0
0.7454415559768677,0,0
0.7989833354949951,0,0
0.7271500825881958,0,0
0.7764701247215271,0,0
0.651481032371521,0,0
0.7705491185188293,0,0
0.7314662933349609,0,0
0.8547559976577759,0,0
0.6822352409362793,0,0
0.8965802192687988,0,0
0.7606135606765747,0,0
0.6338895559310913,0,0
0.647424578666687,0,0
0.7513226866722107,0,0
0.8165081143379211,0,0
0.39744946360588074,1,0
0.8483003973960876,0,0
0.769120991230011,0,0
0.7469059228897095,0,0
0.848413348197937,0,0
0.7628942131996155,0,0
0.5742307305335999,0,0
0.8854762315750122,0,0
0.4734346866607666,1,0
0.8841339349746704,0,0
0.8377104997634888,0,0
0.7562522292137146,0,0
0.7789193987846375,0,0
0.7337132692337036,0,0
0.8003692626953125,0,0
0.7582505941390991,0,0
0.5404149293899536,0,0
0.7620216608047485,0,0
0.721413254737854,0,0
0.8101027011871338,0,0
0.4392282962799072,1,0
0.6277357935905457,0,0
0.7857780456542969,0,0
0.7676023840904236,0,0
0.7723664045333862,0,0
0.7755721211433411,0,0
0.6887609958648682,0,0
0.7249649167060852,0,0
0.7992247343063354,0,0
0.7836763858795166,0,0
0.7935382723808289,0,0
0.8692302107810974,0,0
0.8308767676353455,0,0
0.7625398635864258,0,0
0.7614281177520752,0,0
0.7730803489685059,0,0
0.8346835374832153,0,0
0.8850414156913757,0,0
0.6870684027671814,0,0
0.7829288244247437,0,0
0.7467803955078125,0,0
0.8295198082923889,0,0
0.9349035620689392,0,0
0.8735981583595276,0,0
0.7406744360923767,0,0
0.9098327159881592,0,0
0.7210469841957092,0,0
0.9040957689285278,0,0
1.2441058158874512,0,0
0.7121829986572266,0,0
0.7196442484855652,0,0
0.7945787310600281,0,0
0.7721179723739624,0,0
0.8926950097084045,0,0
0.7921833992004395,0,0
0.6405001878738403,0,0
0.8070292472839355,0,0
0.8844018578529358,0,0
0.6911817789077759,0,0
0.8268505334854126,0,0
0.8130582571029663,0,0
0.8021219968795776,0,0
0.8986603617668152,0,0
0.9399564862251282,0,0
0.8276371955871582,0,0
0.8188505172729492,0,0
0.8748819828033447,0,0
0.7179089784622192,0,0
0.676903486251831,0,0
0.7963789105415344,0,0
0.5095617175102234,0,0
0.5941102504730225,0,0
0.6872149109840393,0,0
0.7935394644737244,0,0
0.7860524654388428,0,0
0.7216699123382568,0,0
0.8219228982925415,0,0
0.6862742900848389,0,0
0.7979612350463867,0,0
0.7140988111495972,0,0
0.7966837882995605,0,0
0.7463911175727844,0,0
0.7605401277542114,0,0
0.8476132154464722,0,0
0.6410958170890808,0,0
0.7076871395111084,0,0
0.6218783259391785,0,0
0.8001681566238403,0,0
0.736459493637085,0,0
0.7349013090133667,0,0
0.5839464068412781,0,0
0.7060758471488953,0,0
0.7976953983306885,0,0
0.7351785898208618,0,0
0.6852941513061523,0,0
0.8784644603729248,0,0
0.7341253161430359,0,0
0.7973256707191467,0,0
0.8001062273979187,0,0
0.7762934565544128,0,0
0.8063985109329224,0,0
0.6662366390228271,0,0
0.7660797834396362,0,0
0.7224470376968384,0,0
0.8175888061523438,0,0
0.8089629411697388,0,0
0.705906867980957,0,0
0.928787112236023,0,0
0.7553430795669556,0,0
0.7235726714134216,0,0
0.7489603757858276,0,0
0.848509669303894,0,0
0.7445881366729736,0,0
0.7263720035552979,0,0
0.7300722599029541,0,0
0.6286485195159912,0,0
0.6999720335006714,0,0
0.9025755524635315,0,0
0.8295570015907288,0,0
0.7456819415092468,0,0
0.9805305004119873,0,0
0.939661979675293,0,0
0.8279361724853516,0,0
0.6125468611717224,0,0
0.7506631016731262,0,0
0.7102935910224915,0,0
0.556282103061676,0,0
0.751973032951355,0,0
0.714347243309021,0,0
0.7525481581687927,0,0
0.8437319397926331,0,0
0.6959190368652344,0,0
1.2670042514801025,0,0
0.7243824601173401,0,0
0.7899363040924072,0,0
0.8644493818283081,0,0
1.0450857877731323,0,0
0.8783471584320068,0,0
0.8614633083343506,0,0
0.8385566473007202,0,0
0.6459356546401978,0,0
0.8230702877044678,0,0
0.7848800420761108,0,0
0.6892743110656738,0,0
0.8024524450302124,0,0
0.795793354511261,0,0
0.8804347515106201,0,0
0.7794747352600098,0,0
0.8099256157875061,0,0
0.8896604776382446,0,0
0.9576132893562317,0,0
0.7000089883804321,0,0
0.6888915300369263,0,0
0.810574471950531,0,0
0.6405925154685974,0,0
0.7225750684738159,0,0
0.5530282855033875,0,0
0.8017577528953552,0,0
0.7317705154418945,0,0
0.7569975852966309,0,0
0.7397844195365906,0,0
0.9414949417114258,0,0
0.8012391328811646,0,0
0.6682490706443787,0,0
0.8120617270469666,0,0
0.884456217288971,0,0
0.5865787863731384,0,0
0.7790624499320984,0,0
0.6643801927566528,0,0
0.7914307117462158,0,0
0.7645443677902222,0,0
0.7878022193908691,0,0
0.6578096151351929,0,0
0.6766597032546997,0,0
0.7123914957046509,0,0
0.6154515147209167,0,0
0.6769831776618958,0,0
0.7055174112319946,0,0
0.8417681455612183,0,0
0.7115734815597534,0,0
0.828911542892456,0,0
0.5756456851959229,0,0
0.6971035599708557,0,0
0.7190686464309692,0,0
0.8638668060302734,0,0
0.6712117195129395,0,0
0.7690846920013428,0,0
0.8441519737243652,0,0
0.6759034991264343,0,0
0.6361055374145508,0,0
0.655236542224884,0,0
0.8188981413841248,0,0
0.7545956969261169,0,0
0.746120810508728,0,0
0.778525173664093,0,0
0.7004102468490601,0,0
0.7426966428756714,0,0
0.669527530670166,0,0
0.7564338445663452,0,0
0.7234918475151062,0,0
0.8296834826469421,0,0
0.7185054421424866,0,0
0.8555939197540283,0,0
0.8008551597595215,0,0
0.841781735420227,0,0
0.8441604971885681,0,0
0.8709765076637268,0,0
0.7867770195007324,0,0
0.817162811756134,0,0
0.9696452021598816,0,0
0.6490365266799927,0,0
0.8416217565536499,0,0
0.7585338950157166,0,0
0.8588671088218689,0,0
0.7226943373680115,0,0
0.7713479995727539,0,0
0.7351076602935791,0,0
0.9692885875701904,0,0
0.7514060735702515,0,0
0.8531791567802429,0,0
0.8524487018585205,0,0
0.7946608662605286,0,0
0.7745434045791626,0,0
0.7652952075004578,0,0
0.8794340491294861,0,0
0.7907795906066895,0,0
0.8351393938064575,0,0
0.8126028776168823,0,0
0.7956550717353821,0,0
0.8630127310752869,0,0
0.9039463996887207,0,0
0.7216776609420776,0,0
0.6363753080368042,0,0
0.7933825254440308,0,0
0.711074948310852,0,0
0.894893229007721,0,0
0.8390189409255981,0,0
0.8721187710762024,0,0
0.7344933748245239,0,0
0.5648513436317444,0,0
0.8653855323791504,0,0
0.8627851009368896,0,0
0.7635002136230469,0,0
0.7199465036392212,0,0
0.6155587434768677,0,0
0.8130149245262146,0,0
0.7306325435638428,0,0
0.6871894598007202,0,0
0.7206099629402161,0,0
0.7378786206245422,0,0
0.7679114937782288,0,0
0.7937898635864258,0,0
0.7381067276000977,0,0
0.5938572287559509,0,0
0.7639203071594238,0,0
0.70637446641922,0,0
0.7411391735076904,0,0
0.749251127243042,0,0
0.7929701805114746,0,0
0.537287712097168,0,0
0.8621898889541626,0,0
0.6924177408218384,0,0
0.7275675535202026,0,0
0.7183610200881958,0,0
0.8866524696350098,0,0
0.9476670026779175,0,0
0.9034867286682129,0,0
0.703345537185669,0,0
0.9022477865219116,0,0
0.8785499334335327,0,0
0.6895248889923096,0,0
0.9037063717842102,0,0
0.7879000902175903,0,0
0.8335849642753601,0,0
0.7289095520973206,0,0
0.7840718030929565,0,0
0.7697675824165344,0,0
0.6938275694847107,0,0
0.8589449524879456,0,0
0.6966127157211304,0,0
0.7921327352523804,0,0
0.8064449429512024,0,0
0.8874769806861877,0,0
0.7560164332389832,0,0
0.6270192265510559,0,0
0.8964622020721436,0,0
0.7415421605110168,0,0
0.764635443687439,0,0
0.7884241938591003,0,0
0.934630274772644,0,0
0.6954635381698608,0,0
0.6718476414680481,0,0
0.7433024048805237,0,0
0.8112164735794067,0,0
0.6959593892097473,0,0
0.6488385200500488,0,0
0.7707312107086182,0,0
0.7126951217651367,0,0
0.7334296107292175,0,0
0.6987439393997192,0,0
0.9070003032684326,0,0
0.7535757422447205,0,0
0.7613691687583923,0,0
0.66119384765625,0,0
0.7044802308082581,0,0
0.6201698184013367,0,0
0.8000041246414185,0,0
0.8607377409934998,0,0
0.6417744755744934,0,0
0.7941670417785645,0,0
0.8578664660453796,0,0
0.8564333915710449,0,0
0.7370645999908447,0,0
0.7185859084129333,0,0
0.8527204990386963,0,0
0.7475588321685791,0,0
0.6379854679107666,0,0
0.6762691736221313,0,0
0.7858771085739136,0,0
0.7520020604133606,0,0
0.6941708326339722,0,0
0.8200543522834778,0,0
0.8118098974227905,0,0
0.780685305595398,0,0
0.7868866920471191,0,0
1.003406047821045,0,0
0.7669042348861694,0,0
0.777506947517395,0,0
0.871458888053894,0,0
0.6686016321182251,0,0
0.8030486106872559,0,0
0.7669394016265869,0,0
0.6510645151138306,0,0
0.8421059250831604,0,0
0.8353992104530334,0,0
0.8567121624946594,0,0
0.7657039165496826,0,0
0.6668498516082764,0,0
0.621552050113678,0,0
0.8409021496772766,0,0
0.6913076043128967,0,0
0.8615994453430176,0,0
0.8449636697769165,0,0
0.7723217606544495,0,0
0.8064985871315002,0,0
0.8012338876724243,0,0
0.7512734532356262,0,0
0.8223884105682373,0,0
0.7389657497406006,0,0
0.6626161932945251,0,0
0.701111912727356,0,0
0.607721209526062,0,0
0.8188607692718506,0,0
0.8851184248924255,0,0
0.7605553865432739,0,0
0.752301037311554,0,0
0.8046208620071411,0,0
0.659458577632904,0,0
0.6124197840690613,0,0
0.8187364935874939,0,0
0.826830267906189,0,0
0.7872273325920105,0,0
0.7422569394111633,0,0
0.7636520266532898,0,0
0.6778661608695984,0,0
0.7128248810768127,0,0
0.8672553896903992,0,0
0.8002682328224182,0,0
0.8572078943252563,0,0
0.7830042839050293,0,0
0.6652808785438538,0,0
0.7952539920806885,0,0
0.5156943798065186,0,0
0.7918530106544495,0,0
0.849183976650238,0,0
0.9064105153083801,0,0
0.81104975938797,0,0
1.465364933013916,0,0
0.7708302140235901,0,0
0.6480950117111206,0,0
0.8422747254371643,0,0
0.8025157451629639,0,0
0.6821821331977844,0,0
0.8195109367370605,0,0
0.7125710844993591,0,0
0.6540694832801819,0,0
0.6818687319755554,0,0
0.7510635256767273,0,0
0.7420743703842163,0,0
0.682266116142273,0,0
0.9276708364486694,0,0
0.7326312065124512,0,0
0.750180721282959,0,0
0.6418620944023132,0,0
0.7880233526229858,0,0
0.7655379772186279,0,0
1.0208300352096558,0,0
0.6651448607444763,0,0
0.8217137455940247,0,0
0.6571754217147827,0,0
0.8186835050582886,0,0
0.8711234331130981,0,0
0.7244566082954407,0,0
0.787066638469696,0,0
0.7752348184585571,0,0
0.6702157855033875,0,0
0.7221669554710388,0,0
0.7652422189712524,0,0
0.8060108423233032,0,0
0.717391848564148,0,0
0.5581619143486023,0,0
0.7396606802940369,0,0
0.652894914150238,0,0
0.8514277338981628,0,0
0.7753039002418518,0,0
0.9884612560272217,0,0
0.7528755068778992,0,0
0.7310084104537964,0,0
0.7804598808288574,0,0
0.7439061403274536,0,0
0.8555070757865906,0,0
0.6305493116378784,0,0
0.8533174991607666,0,0
0.8322237730026245,0,0
0.8577961325645447,0,0
0.7182819843292236,0,0
1.1395796537399292,0,0
0.8504897356033325,0,0
1.27434504032135,0,0
0.9857878684997559,0,0
0.7259843349456787,0,0
0.7073596119880676,0,0
0.718910813331604,0,0
0.8299589157104492,0,0
0.7696251273155212,0,0
0.8117144703865051,0,0
0.7401713132858276,0,0
0.78020179271698,0,0
0.7740924954414368,0,0
0.7951390743255615,0,0
0.719547688961029,0,0
0.7607116103172302,0,0
0.9007819294929504,0,0
0.7421853542327881,0,0
0.8507547378540039,0,0
0.725080132484436,0,0
0.8211777210235596,0,0
0.7641356587409973,0,0
0.8491111993789673,0,0
0.8493468761444092,0,0
0.7700229287147522,0,0
0.7860829830169678,0,0
0.7942104339599609,0,0
0.7570123076438904,0,0
0.6277154088020325,0,0
0.7757161259651184,0,0
0.8467347621917725,0,0
0.8063864707946777,0,0
0.8560197949409485,0,0
0.8531304001808167,0,0
0.7041909098625183,0,0
0.8324775099754333,0,0
0.8564760088920593,0,0
0.7790248990058899,0,0
0.7423573732376099,0,0
0.8083695769309998,0,0
0.7849164009094238,0,0
0.5873570442199707,0,0
0.7276697754859924,0,0
0.7833137512207031,0,0
0.6618055105209351,0,0
0.8249877691268921,0,0
0.9316734671592712,0,0
0.7806726694107056,0,0
0.8349140882492065,0,0
0.7366418838500977,0,0
0.835263729095459,0,0
0.8072315454483032,0,0
0.8853477835655212,0,0
0.7187763452529907,0,0
0.8541775941848755,0,0
0.7239208221435547,0,0
0.7462601065635681,0,0
0.8592656850814819,0,0
0.7035947442054749,0,0
0.8247309923171997,0,0
0.894544243812561,0,0
0.6499707698822021,0,0
0.794602632522583,0,0
0.8170790672302246,0,0
0.5884369611740112,0,0
0.7925288677215576,0,0
0.6716285943984985,0,0
0.7796770930290222,0,0
0.7439962029457092,0,0
0.8233439922332764,0,0
0.7865902185440063,0,0
0.7961025238037109,0,0
0.7856259346008301,0,0
0.8171206116676331,0,0
0.5882652997970581,0,0
0.7493694424629211,0,0
0.6628735065460205,0,0
0.6569942235946655,0,0
0.6651996374130249,0,0
0.5757365822792053,0,0
0.8796470165252686,0,0
0.699695885181427,0,0
0.8301289081573486,0,0
0.8039498329162598,0,0
0.7785685062408447,0,0
0.7263611555099487,0,0
0.7775396704673767,0,0
0.7769151926040649,0,0
0.9193638563156128,0,0
0.7962472438812256,0,0
0.760496199131012,0,0
0.8498578071594238,0,0
0.7421360015869141,0,0
0.7732442617416382,0,0
0.7139601707458496,0,0
0.7784705758094788,0,0
0.8567355275154114,0,0
0.6729618906974792,0,0
0.7954214811325073,0,0
0.8361318111419678,0,0
0.7612519860267639,0,0
0.7597442865371704,0,0
0.7195841073989868,0,0
0.7201411128044128,0,0
0.8612722754478455,0,0
0.8524181842803955,0,0
0.9046880006790161,0,0
0.7300311923027039,0,0
0.8406664729118347,0,0
0.7436633706092834,0,0
0.6490674018859863,0,0
0.6757165789604187,0,0
0.9461592435836792,0,0
0.8724583387374878,0,0
0.6110649108886719,0,0
0.7191493511199951,0,0
0.6754075288772583,0,0
0.7730439305305481,0,0
0.8594960570335388,0,0
0.7701573967933655,0,0
0.8336468935012817,0,0
0.8225087523460388,0,0
0.626923143863678,0,0
0.5013931393623352,0,0
0.6157779693603516,0,0
0.8873440027236938,0,0
0.9364165663719177,0,0
0.8002499341964722,0,0
0.5354021787643433,0,0
0.9882275462150574,0,0
0.6745440363883972,0,0
0.9436257481575012,0,0
0.874580979347229,0,0
0.7460892200469971,0,0
0.7859352827072144,0,0
0.718737006187439,0,0
0.848177969455719,0,0
0.8869181275367737,0,0
0.8249536156654358,0,0
0.7487381100654602,0,0
0.7659375667572021,0,0
0.824292778968811,0,0
0.8476405143737793,0,0
0.7220938801765442,0,0
0.772606611251831,0,0
1.1215428113937378,0,0
0.7431942224502563,0,0
0.7821723222732544,0,0
0.8547393083572388,0,0
0.6530262231826782,0,0
0.7449669241905212,0,0
0.6858900189399719,0,0
0.7257439494132996,0,0
0.8213960528373718,0,0
0.6876838803291321,0,0
0.7912704348564148,0,0
0.6976240873336792,0,0
0.6972951889038086,0,0
0.7851003408432007,0,0
1.0031585693359375,0,0
0.590543270111084,0,0
0.7743987441062927,0,0
0.7618531584739685,0,0
0.6576142311096191,0,0
0.8431991934776306,0,0
0.7999085187911987,0,0
0.7957774996757507,0,0
0.8311882019042969,0,0
0.731803834438324,0,0
0.748500645160675,0,0
1.1311010122299194,0,0
0.7711342573165894,0,0
0.7772260904312134,0,0
0.9609642624855042,0,0
0.7554203867912292,0,0
0.732900083065033,0,0
0.7391656637191772,0,0
0.8345832824707031,0,0
1.035713791847229,0,0
0.8283295631408691,0,0
0.8295998573303223,0,0
0.7709314823150635,0,0
0.7119078636169434,0,0
0.7650365233421326,0,0
0.7801470160484314,0,0
0.8123087882995605,0,0
0.8600728511810303,0,0
0.9287031292915344,0,0
0.7184028625488281,0,0
0.6353106498718262,0,0
0.6924386620521545,0,0
0.9486640095710754,0,0
0.7445889711380005,0,0
0.8378573060035706,0,0
0.7769036889076233,0,0
0.747947096824646,0,0
0.8678932189941406,0,0
0.6623151302337646,0,0
0.7897513508796692,0,0
0.7332487106323242,0,0
0.7065419554710388,0,0
0.7187761068344116,0,0
0.8387151956558228,0,0
0.8499675989151001,0,0
0.8271198272705078,0,0
0.729712724685669,0,0
0.774027943611145,0,0
0.7904828786849976,0,0
0.5286285877227783,0,0
0.8373312950134277,0,0
0.7995906472206116,0,0
0.8362496495246887,0,0
0.8602311015129089,0,0
0.6115450263023376,0,0
0.8176295161247253,0,0
0.86866295337677,0,0
0.794905960559845,0,0
0.6907514929771423,0,0
0.8167594075202942,0,0
0.864653468132019,0,0
0.7369202971458435,0,0
0.8083091974258423,0,0
0.6650212407112122,0,0
0.6815384030342102,0,0
0.707148551940918,0,0
1.0051343441009521,0,0
0.8070826530456543,0,0
0.5878570079803467,0,0
0.7483660578727722,0,0
0.7175643444061279,0,0
0.8428073525428772,0,0
0.74140465259552,0,0
0.775635838508606,0,0
0.8548012375831604,0,0
0.7783073782920837,0,0
0.8235851526260376,0,0
0.8854339122772217,0,0
0.8348121047019958,0,0
0.7077455520629883,0,0
0.8047870397567749,0,0
0.8005157709121704,0,0
0.769375205039978,0,0
0.7962373495101929,0,0
0.8852795958518982,0,0
0.812949538230896,0,0
0.7328352332115173,0,0
0.6748249530792236,0,0
0.811826229095459,0,0
2.7126896381378174,0,0
0.6913970708847046,0,0
1.0157946348190308,0,0
0.8092811107635498,0,0
0.6959266662597656,0,0
0.7114744186401367,0,0
0.7693684101104736,0,0
0.7021307349205017,0,0
0.7041947245597839,0,0
0.9342408776283264,0,0
0.7430967092514038,0,0
0.7644966244697571,0,0
0.8511674404144287,0,0
0.6673567295074463,0,0
0.7771250009536743,0,0
0.7177693247795105,0,0
0.7809942960739136,0,0
0.8355275392532349,0,0
0.7284996509552002,0,0
0.814818263053894,0,0
0.7553374171257019,0,0
0.6762714385986328,0,0
0.8333569765090942,0,0
0.7643914222717285,0,0
0.6169909834861755,0,0
0.8265056610107422,0,0
2.2496793270111084,0,0
0.8277854323387146,0,0
0.8623408675193787,0,0
0.9318460822105408,0,0
0.7989616394042969,0,0
0.9584077596664429,0,0
0.7321349382400513,0,0
0.6948513388633728,0,0
0.7772824764251709,0,0
0.7589547634124756,0,0
0.6423860788345337,0,0
0.8299767374992371,0,0
0.7080907821655273,0,0
0.9006479382514954,0,0
0.5868790745735168,0,0
0.8223239779472351,0,0
0.49992674589157104,1,0
0.8517992496490479,0,0
0.8587237596511841,0,0
0.7774512767791748,0,0
0.7964761853218079,0,0
0.8181011080741882,0,0
0.7710649967193604,0,0
0.908178448677063,0,0
0.7192284464836121,0,0
0.6950323581695557,0,0
0.8213245272636414,0,0
0.6830564141273499,0,0
0.908557653427124,0,0
0.7461522221565247,0,0
0.8413739204406738,0,0
0.8223992586135864,0,0
0.7921711206436157,0,0
0.7713065147399902,0,0
0.5441558957099915,0,0
0.671587347984314,0,0
0.7344393730163574,0,0
0.7317212820053101,0,0
0.7671209573745728,0,0
0.7600486278533936,0,0
0.8530611395835876,0,0
0.8021968007087708,0,0
0.8342238664627075,0,0
0.7285763025283813,0,0
0.8923091292381287,0,0
0.7123376727104187,0,0
0.9329391121864319,0,0
0.6952267289161682,0,0
0.7928548455238342,0,0
0.8169076442718506,0,0
0.6749727725982666,0,0
0.8574641346931458,0,0
0.8642826080322266,0,0
0.7108323574066162,0,0
0.8144589066505432,0,0
0.7556872367858887,0,0
0.7364354729652405,0,0
0.7808690667152405,0,0
0.9298577904701233,0,0
0.8847145438194275,0,0
0.7539408802986145,0,0
0.5359665155410767,0,0
0.8431740999221802,0,0
0.8344905376434326,0,0
0.7803206443786621,0,0
0.8039551377296448,0,0
0.8400498032569885,0,0
0.7365608215332031,0,0
0.6873238682746887,0,0
0.745546817779541,0,0
0.799882173538208,0,0
0.9683414697647095,0,0
0.7098075151443481,0,0
0.7392069101333618,0,0
0.8354535698890686,0,0
0.8505082726478577,0,0
0.736067533493042,0,0
0.753973126411438,0,0
0.7626758217811584,0,0
0.9137852191925049,0,0
0.8181725740432739,0,0
0.7128945589065552,0,0
0.7359042763710022,0,0
0.664277970790863,0,0
0.7600396871566772,0,0
0.7383761405944824,0,0
1.2629284858703613,0,0
0.7784053087234497,0,0
0.7640382051467896,0,0
0.9185410141944885,0,0
0.8100285530090332,0,0
0.7106258273124695,0,0
0.7902325391769409,0,0
0.7326039671897888,0,0
0.8056430220603943,0,0
0.9328951835632324,0,0
0.688748836517334,0,0
0.6159670352935791,0,0
0.6785104274749756,0,0
0.7211619019508362,0,0
0.7695066332817078,0,0
0.7363871335983276,0,0
0.8633490800857544,0,0
0.7580397129058838,0,0
0.6397400498390198,0,0
0.8777002096176147,0,0
0.8015244603157043,0,0
0.8303976058959961,0,0
0.7352781891822815,0,0
0.8075931072235107,0,0
0.7687017321586609,0,0
0.669306218624115,0,0
0.880615234375,0,0
0.8294117450714111,0,0
0.9039052724838257,0,0
0.7911918759346008,0,0
0.7344626188278198,0,0
0.7975904941558838,0,0
0.6771202683448792,0,0
0.7326621413230896,0,0
0.8164958953857422,0,0
0.8825868964195251,0,0
0.8117170929908752,0,0
0.6344587802886963,0,0
0.6968033313751221,0,0
0.7984015345573425,0,0
0.7845166921615601,0,0
0.8124213814735413,0,0
0.7751040458679199,0,0
0.7628822922706604,0,0
0.8845081925392151,0,0
0.8843491077423096,0,0
0.7663483619689941,0,0
0.7597822546958923,0,0
0.7811495065689087,0,0
0.8539272546768188,0,0
0.8105602264404297,0,0
0.87595534324646,0,0
0.8193219304084778,0,0
0.6684039831161499,0,0
0.5784098505973816,0,0
0.8323192596435547,0,0
0.8982875943183899,0,0
0.7785534858703613,0,0
0.7908360958099365,0,0
0.6729521751403809,0,0
0.7838287949562073,0,0
0.796392023563385,0,0
0.7242922186851501,0,0
0.8111652731895447,0,0
0.7161974906921387,0,0
0.7638252973556519,0,0
0.7211010456085205,0,0
0.7617191076278687,0,0
0.7960427403450012,0,0
0.8374875783920288,0,0
0.7779611349105835,0,0
0.7813624143600464,0,0
0.7261990904808044,0,0
0.7529844045639038,0,0
0.9997614622116089,0,0
0.9960799217224121,0,0
0.662112832069397,0,0
0.5162912607192993,0,0
0.7251541018486023,0,0
0.7090151906013489,0,0
0.6185669302940369,0,0
0.781629741191864,0,0
0.577948272228241,0,0
0.6894715428352356,0,0
0.822478711605072,0,0
0.7475314736366272,0,0
0.7496157288551331,0,0
0.8306857347488403,0,0
0.7476463317871094,0,0
0.7134407162666321,0,0
0.8066437840461731,0,0
0.6524019241333008,0,0
0.706585705280304,0,0
0.7868639230728149,0,0
0.7663618922233582,0,0
0.7839491367340088,0,0
0.8078981637954712,0,0
0.6898659467697144,0,0
0.7230120301246643,0,0
0.7756592035293579,0,0
0.6915661096572876,0,0
0.7563652396202087,0,0
0.862622857093811,0,0
0.8208738565444946,0,0
0.6633049845695496,0,0
0.7153896689414978,0,0
0.6562684774398804,0,0
0.6987254619598389,0,0
0.6923325061798096,0,0
0.8462788462638855,0,0
0.7656430602073669,0,0
0.7097288966178894,0,0
0.8344167470932007,0,0
0.7879750728607178,0,0
0.6282795667648315,0,0
0.7701916694641113,0,0
0.7575544118881226,0,0
0.841443657875061,0,0
0.6909096240997314,0,0
0.8733974099159241,0,0
0.7386143803596497,0,0
0.7562758922576904,0,0
0.8887706398963928,0,0
0.7763943076133728,0,0
1.007627010345459,0,0
0.7350212931632996,0,0
0.7224808931350708,0,0
0.7746796011924744,0,0
0.7971738576889038,0,0
0.7052208185195923,0,0
0.73871910572052,0,0
1.0218522548675537,0,0
0.8427690267562866,0,0
0.707906186580658,0,0
0.9107148051261902,0,0
0.991156816482544,0,0
0.8524489998817444,0,0
0.8956680297851562,0,0
0.8387551307678223,0,0
0.9018752574920654,0,0
0.6907591819763184,0,0
0.8389056324958801,0,0
0.7995727062225342,0,0
0.7761778831481934,0,0
0.920782744884491,0,0
0.9794567823410034,0,0
0.7708017230033875,0,0
0.8558304905891418,0,0
0.8773114681243896,0,0
0.8052729964256287,0,0
0.7572039365768433,0,0
0.885452926158905,0,0
0.6408788561820984,0,0
0.6773502826690674,0,0
0.769432783126831,0,0
0.7061047554016113,0,0
0.7631205916404724,0,0
0.6293365359306335,0,0
0.6752927899360657,0,0
0.7445255517959595,0,0
0.5160012245178223,0,0
0.7213833332061768,0,0
0.6895836591720581,0,0
0.6484627723693848,0,0
0.7309918403625488,0,0
0.8008868098258972,0,0
0.9171080589294434,0,0
0.714280366897583,0,0
0.693533718585968,0,0
0.8410295248031616,0,0
0.8378809094429016,0,0
0.687165379524231,0,0
0.8087035417556763,0,0
0.7682426571846008,0,0
0.7428632974624634,0,0
0.5253446102142334,0,0
0.8753858208656311,0,0
0.7698407769203186,0,0
0.7399565577507019,0,0
0.7148866653442383,0,0
0.7320606708526611,0,0
0.48717957735061646,1,0
0.7728497385978699,0,0
0.746599018573761,0,0
0.9315176010131836,0,0
0.8742678761482239,0,0
0.8299400806427002,0,0
0.705433189868927,0,0
0.7721545100212097,0,0
0.7837848663330078,0,0
0.5927114486694336,0,0
0.861369788646698,0,0
0.7434283494949341,0,0
0.8161377310752869,0,0
0.6877861022949219,0,0
0.8049623966217041,0,0
0.6279334425926208,0,0
0.8021293878555298,0,0
0.7290375232696533,0,0
0.7470077276229858,0,0
0.7673294544219971,0,0
0.7005473971366882,0,0
0.855658233165741,0,0
0.6896871328353882,0,0
0.7698652744293213,0,0
0.7979811429977417,0,0
0.8543809652328491,0,0
0.6686451435089111,0,0
0.7272409796714783,0,0
0.7352561354637146,0,0
0.7411484718322754,0,0
0.8028267621994019,0,0
0.8156441450119019,0,0
0.7436838746070862,0,0
0.8224685788154602,0,0
0.8380703926086426,0,0
0.7494308948516846,0,0
0.8402242660522461,0,0
0.7266387939453125,0,0
0.786089301109314,0,0
0.6855462193489075,0,0
0.6590048670768738,0,0
0.793899655342102,0,0
0.7490702867507935,0,0
0.7715526223182678,0,0
0.7279355525970459,0,0
0.7350521683692932,0,0
0.8153800964355469,0,0
0.7030961513519287,0,0
0.9185994267463684,0,0
0.8112931251525879,0,0
0.8046514391899109,0,0
0.7109156250953674,0,0
0.7849091291427612,0,0
0.6891363859176636,0,0
0.7285280227661133,0,0
0.8128438591957092,0,0
0.798893928527832,0,0
0.8866788148880005,0,0
0.6850148439407349,0,0
0.6923859119415283,0,0
0.8394802808761597,0,0
0.7695438861846924,0,0
0.7004184722900391,0,0
0.7719321250915527,0,0
0.581379771232605,0,0
0.6792867183685303,0,0
0.7438498139381409,0,0
1.0183581113815308,0,0
0.8295416235923767,0,0
0.7761058807373047,0,0
0.7667452096939087,0,0
0.6743465662002563,0,0
0.6027436256408691,0,0
0.6966426968574524,0,0
0.7795791029930115,0,0
0.7310565114021301,0,0
0.7725428342819214,0,0
0.7497469186782837,0,0
0.7378286719322205,0,0
0.6636863350868225,0,0
0.8135590553283691,0,0
0.868403971195221,0,0
0.7992804646492004,0,0
0.6908209323883057,0,0
0.7870855331420898,0,0
0.8701956272125244,0,0
0.7533551454544067,0,0
0.7870332598686218,0,0
0.7247002720832825,0,0
0.8287931680679321,0,0
0.8378796577453613,0,0
0.710720419883728,0,0
0.6988226771354675,0,0
0.6949523091316223,0,0
1.098038673400879,0,0
0.7494692206382751,0,0
0.8318731784820557,0,0
0.7702816128730774,0,0
0.7872097492218018,0,0
0.7469958066940308,0,0
0.8456411957740784,0,0
0.6532136797904968,0,0
0.8795158267021179,0,0
0.8415486216545105,0,0
0.8816474080085754,0,0
0.7314904928207397,0,0
0.7707353830337524,0,0
0.659518301486969,0,0
0.8437552452087402,0,0
0.7924671173095703,0,0
0.7311578989028931,0,0
0.7412265539169312,0,0
0.8994739651679993,0,0
0.8451099395751953,0,0
0.8990328907966614,0,0
0.7569887638092041,0,0
0.7788347601890564,0,0
0.8204485177993774,0,0
0.8649113774299622,0,0
0.6846953630447388,0,0
0.7402722239494324,0,0
0.6765336394309998,0,0
0.7411222457885742,0,0
0.8429808020591736,0,0
0.7121327519416809,0,0
0.851178765296936,0,0
0.8163511753082275,0,0
0.7749941945075989,0,0
0.7591856718063354,0,0
0.6840483546257019,0,0
0.7505102753639221,0,0
0.7967545986175537,0,0
0.5555351972579956,0,0
0.8695060014724731,0,0
0.8062996864318848,0,0
0.7637568116188049,0,0
0.7094523906707764,0,0
0.8556734323501587,0,0
0.5567246079444885,0,0
0.8168531656265259,0,0
0.7606784701347351,0,0
0.49403661489486694,1,0
0.799735963344574,0,0
0.5986084342002869,0,0
0.8251343965530396,0,0
0.8521748781204224,0,0
0.7244638204574585,0,0
0.6895895600318909,0,0
0.7746000289916992,0,0
0.8458584547042847,0,0
0.7396669387817383,0,0
0.7324206829071045,0,0
0.7475284337997437,0,0
0.7892010807991028,0,0
0.8439081907272339,0,0
0.8228005766868591,0,0
0.6850943565368652,0,0
0.9771230220794678,0,0
0.7895172834396362,0,0
0.7828665971755981,0,0
0.7361195683479309,0,0
0.6498944163322449,0,0
0.6448741555213928,0,0
0.7746713757514954,0,0
0.7834858894348145,0,0
0.8862712383270264,0,0
0.7428634166717529,0,0
0.7671734094619751,0,0
0.7764905095100403,0,0
0.7483631372451782,0,0
0.9156555533409119,0,0
0.8210811614990234,0,0
0.8724336624145508,0,0
0.7317934632301331,0,0
0.7083367705345154,0,0
0.8954308032989502,0,0
0.8460990786552429,0,0
0.8453752994537354,0,0
0.6443806886672974,0,0
0.6685876250267029,0,0
0.7572484612464905,0,0
0.7932261228561401,0,0
0.7675842046737671,0,0
0.7393499612808228,0,0
0.7596467137336731,0,0
0.7881428003311157,0,0
0.8719762563705444,0,0
0.6335951089859009,0,0
0.545870304107666,0,0
0.8641203045845032,0,0
0.9061703085899353,0,0
0.5597464442253113,0,0
0.8536155223846436,0,0
0.708172619342804,0,0
0.812133252620697,0,0
0.6953310966491699,0,0
0.7618433237075806,0,0
0.8544028997421265,0,0
0.6758146286010742,0,0
0.9760009050369263,0,0
0.7349971532821655,0,0
0.7905717492103577,0,0
0.957530677318573,0,0
0.9892414808273315,0,0
0.7054778337478638,0,0
1.1085962057113647,0,0
0.7830614447593689,0,0
0.7442548871040344,0,0
0.8864849805831909,0,0
0.7227742075920105,0,0
0.6152263283729553,0,0
0.8517881631851196,0,0
1.088765025138855,0,0
0.7309728860855103,0,0
0.6903356313705444,0,0
0.8560588359832764,0,0
0.7363744378089905,0,0
0.7284740805625916,0,0
0.7332125306129456,0,0
0.7692233324050903,0,0
0.7803723216056824,0,0
0.6393951177597046,0,0
0.9771705269813538,0,0
0.726726770401001,0,0
0.7944333553314209,0,0
0.7347710132598877,0,0
0.7107860445976257,0,0
0.8360112905502319,0,0
0.7353405952453613,0,0
0.8122313022613525,0,0
0.7887332439422607,0,0
0.7379483580589294,0,0
0.7924823760986328,0,0
0.9494783878326416,0,0
0.8254435062408447,0,0
0.7562727928161621,0,0
0.7992965579032898,0,0
0.8064442873001099,0,0
0.8177461624145508,0,0
0.8590075969696045,0,0
0.9171881675720215,0,0
0.8263583779335022,0,0
0.5505887269973755,0,0
0.7445088624954224,0,0
0.651494562625885,0,0
0.6391793489456177,0,0
0.8417333960533142,0,0
0.7830346822738647,0,0
0.7838908433914185,0,0
0.7178760766983032,0,0
1.043441653251648,0,0
0.7361785769462585,0,0
0.7466448545455933,0,0
0.7744846343994141,0,0
0.840856671333313,0,0
0.6994993686676025,0,0
0.7733868360519409,0,0
0.8951340317726135,0,0
0.7628737688064575,0,0
0.6430435180664062,0,0
0.6060078740119934,0,0
0.8726363778114319,0,0
0.736018180847168,0,0
0.8092164993286133,0,0
0.7590084075927734,0,0
0.7899825572967529,0,0
0.5402688980102539,0,0
0.7320056557655334,0,0
0.7509958744049072,0,0
0.7482753992080688,0,0
0.742660641670227,0,0
0.8821316957473755,0,0
0.9456875920295715,0,0
0.5891596078872681,0,0
0.7050642967224121,0,0
0.7468054890632629,0,0
0.6771645545959473,0,0
0.8554007411003113,0,0
0.6883450150489807,0,0
0.6711400747299194,0,0
0.4674586355686188,1,0
0.7836236953735352,0,0
0.828985869884491,0,0
0.7388361692428589,0,0
0.8593490719795227,0,0
0.8153274655342102,0,0
0.6806529760360718,0,0
0.7694489359855652,0,0
0.8670219779014587,0,0
0.8323689103126526,0,0
0.6383300423622131,0,0
0.8689695000648499,0,0
0.8262701034545898,0,0
0.7393925786018372,0,0
0.716768205165863,0,0
0.9057959318161011,0,0
0.780584454536438,0,0
0.7875251173973083,0,0
0.6653549671173096,0,0
0.7999594807624817,0,0
0.8203204870223999,0,0
1.347963571548462,0,0
0.7290549874305725,0,0
0.7180217504501343,0,0
0.8034497499465942,0,0
0.8479176163673401,0,0
0.9400405883789062,0,0
0.6871453523635864,0,0
0.686388373374939,0,0
0.864970862865448,0,0
0.7642500400543213,0,0
0.8772634267807007,0,0
0.7023820281028748,0,0
0.9416595697402954,0,0
0.6053856015205383,0,0
0.6946902275085449,0,0
0.7378859519958496,0,0
0.8646857738494873,0,0
0.8285070657730103,0,0
0.914817214012146,0,0
0.6343653202056885,0,0
0.8105223178863525,0,0
0.8123958110809326,0,0
0.7041898369789124,0,0
0.8628379106521606,0,0
0.7573254108428955,0,0
0.8577705025672913,0,0
0.8275111317634583,0,0
0.8213872313499451,0,0
0.6724950075149536,0,0
0.9126008749008179,0,0
0.7547945976257324,0,0
0.6088134050369263,0,0
0.5363483428955078,0,0
0.7991335391998291,0,0
0.7755953073501587,0,0
0.7514908313751221,0,0
0.8451730012893677,0,0
0.6196725368499756,0,0
0.7966806292533875,0,0
0.7684216499328613,0,0
0.7963463068008423,0,0
0.9371793270111084,0,0
0.7203447818756104,0,0
0.7470853328704834,0,0
0.7104082107543945,0,0
0.707069993019104,0,0
0.7208189368247986,0,0
0.7009376883506775,0,0
0.6235356330871582,0,0
0.823692798614502,0,0
0.8124735951423645,0,0
0.6241633296012878,0,0
0.8191577792167664,0,0
0.8164805769920349,0,0
0.8729239702224731,0,0
0.7966051697731018,0,0
0.6705401539802551,0,0
0.777510404586792,0,0
0.5846332311630249,0,0
0.8213061690330505,0,0
0.730073094367981,0,0
0.7261264324188232,0,0
0.608647346496582,0,0
0.7764941453933716,0,0
0.863458514213562,0,0
0.6559081077575684,0,0
0.7999898791313171,0,0
0.7456487417221069,0,0
0.7386459112167358,0,0
0.8009026646614075,0,0
0.6826748251914978,0,0
0.7055116891860962,0,0
0.8003443479537964,0,0
0.8445478677749634,0,0
0.8675898909568787,0,0
0.7915387749671936,0,0
0.8015567064285278,0,0
0.813173770904541,0,0
0.5674226880073547,0,0
0.6817479133605957,0,0
0.873288631439209,0,0
0.8509597778320312,0,0
0.808663010597229,0,0
0.6566803455352783,0,0
0.7370129227638245,0,0
0.8039230108261108,0,0
0.7794970870018005,0,0
0.7500104308128357,0,0
1.0887531042099,0,0
0.8953028917312622,0,0
0.8181036710739136,0,0
0.9107108116149902,0,0
0.8599238991737366,0,0
0.749155580997467,0,0
0.6874387264251709,0,0
0.7446277737617493,0,0
0.6076114773750305,0,0
0.9250745177268982,0,0
0.7747251391410828,0,0
0.8183212280273438,0,0
0.8212591409683228,0,0
0.7784934639930725,0,0
0.945823073387146,0,0
0.8261094689369202,0,0
0.7104562520980835,0,0
0.7514060139656067,0,0
0.7015033960342407,0,0
0.7423728704452515,0,0
0.8838148713111877,0,0
0.8441884517669678,0,0
0.5455383062362671,0,0
0.7728803157806396,0,0
0.8552775382995605,0,0
0.7665348052978516,0,0
0.8905551433563232,0,0
1.884568691253662,0,0
0.7702909708023071,0,0
0.757132351398468,0,0
0.7829568386077881,0,0
0.7239086627960205,0,0
0.6830777525901794,0,0
0.6708283424377441,0,0
0.8036799430847168,0,0
0.8273272514343262,0,0
0.6383253335952759,0,0
0.8269539475440979,0,0
0.8279789686203003,0,0
0.5906367301940918,0,0
0.6825243234634399,0,0
0.8088961839675903,0,0
0.7636949419975281,0,0
0.7965216636657715,0,0
0.8552329540252686,0,0
0.7751979231834412,0,0
0.6747826337814331,0,0
0.8933161497116089,0,0
0.8187388181686401,0,0
0.6761143207550049,0,0
0.7210588455200195,0,0
0.7459744811058044,0,0
0.6884285807609558,0,0
0.8296773433685303,0,0
0.7433910965919495,0,0
0.6609615087509155,0,0
0.7100545763969421,0,0
0.6475132703781128,0,0
0.7269259095191956,0,0
0.7541908025741577,0,0
0.7400699853897095,0,0
0.8420509099960327,0,0
0.7263063788414001,0,0
0.6569467186927795,0,0
1.0080705881118774,0,0
0.7661933898925781,0,0
0.5942913293838501,0,0
0.8698325157165527,0,0
0.7931246161460876,0,0
0.7395268082618713,0,0
0.6944733262062073,0,0
0.6791107058525085,0,0
0.7673093676567078,0,0
0.8540506958961487,0,0
0.7808716297149658,0,0
0.8202135562896729,0,0
0.757630467414856,0,0
0.712122917175293,0,0
0.7997386455535889,0,0
0.7006873488426208,0,0
0.6696617007255554,0,0
0.7788931727409363,0,0
0.7606238126754761,0,0
0.9079635739326477,0,0
0.9389646053314209,0,0
0.8031067848205566,0,0
0.7967104911804199,0,0
0.7800701260566711,0,0
0.6483613848686218,0,0
0.8359264731407166,0,0
0.8237460851669312,0,0
0.7782568335533142,0,0
0.8182984590530396,0,0
0.8313084244728088,0,0
0.7666547894477844,0,0
0.7472972869873047,0,0
0.5554938316345215,0,0
0.7671531438827515,0,0
0.5713866949081421,0,0
0.8269546031951904,0,0
0.7007476091384888,0,0
0.7365123629570007,0,0
0.710584819316864,0,0
0.7952004671096802,0,0
0.7805558443069458,0,0
0.7127895355224609,0,0
0.6831727027893066,0,0
0.9039982557296753,0,0
0.587727427482605,0,0
0.7795918583869934,0,0
0.7231225967407227,0,0
0.7088296413421631,0,0
0.8780226707458496,0,0
0.660912036895752,0,0
0.8610918521881104,0,0
0.8929009437561035,0,0
0.7823670506477356,0,0
0.7501620650291443,0,0
0.9134314060211182,0,0
0.8014031052589417,0,0
1.1619259119033813,0,0
0.7833641171455383,0,0
0.6964333653450012,0,0
0.7442740201950073,0,0
0.7292875051498413,0,0
0.8036643862724304,0,0
0.7999646663665771,0,0
0.702500581741333,0,0
0.776171088218689,0,0
0.8456341028213501,0,0
0.8789361119270325,0,0
0.7986874580383301,0,0
0.7044137120246887,0,0
0.6674946546554565,0,0
0.7120984792709351,0,0
0.7473359704017639,0,0
0.7326720952987671,0,0
0.6705161929130554,0,0
0.7059814929962158,0,0
0.7537116408348083,0,0
0.7051743865013123,0,0
0.6156686544418335,0,0
0.8173865079879761,0,0
0.7787110805511475,0,0
0.7109888792037964,0,0
0.703207790851593,0,0
0.7056504487991333,0,0
0.7300114631652832,0,0
0.8459294438362122,0,0
0.8330808877944946,0,0
0.8380537629127502,0,0
0.6488785743713379,0,0
0.85200434923172,0,0
0.9075347185134888,0,0
0.967363715171814,0,0
0.7901155352592468,0,0
0.8642686605453491,0,0
0.9964663982391357,0,0
0.7204874753952026,0,0
0.7247042655944824,0,0
0.5748410820960999,0,0
0.6815510392189026,0,0
0.6746264696121216,0,0
0.6526086330413818,0,0
0.7969819903373718,0,0
0.8933570384979248,0,0
0.7904378175735474,0,0
0.6832283139228821,0,0
0.8083001971244812,0,0
0.8461147546768188,0,0
0.7792048454284668,0,0
0.8259429335594177,0,0
0.756626307964325,0,0
0.7218077778816223,0,0
0.6250908374786377,0,0
0.7285329699516296,0,0
0.7419086694717407,0,0
0.6603789329528809,0,0
0.7764437198638916,0,0
0.7135763764381409,0,0
0.9289394021034241,0,0
0.7322522401809692,0,0
0.7558953762054443,0,0
0.8176363706588745,0,0
0.7302295565605164,0,0
0.7633517980575562,0,0
0.7541562914848328,0,0
0.6775826215744019,0,0
0.848134458065033,0,0
0.6866813898086548,0,0
0.702019989490509,0,0
0.7416715621948242,0,0
0.7141955494880676,0,0
0.856619656085968,0,0
0.7512904405593872,0,0
0.7844435572624207,0,0
0.9533209800720215,0,0
0.8749807476997375,0,0
0.7482437491416931,0,0
0.857245922088623,0,0
0.8390735387802124,0,0
0.6850215196609497,0,0
0.7144967913627625,0,0
0.7791125178337097,0,0
0.6617516875267029,0,0
0.7499810457229614,0,0
0.7309653759002686,0,0
0.7195573449134827,0,0
0.9025914072990417,0,0
0.6879472732543945,0,0
0.7011938095092773,0,0
0.7219104766845703,0,0
0.8805274963378906,0,0
0.826915979385376,0,0
0.41895800828933716,1,0
0.7226088643074036,0,0
0.7668682932853699,0,0
0.7084687352180481,0,0
0.803203821182251,0,0
0.9039081931114197,0,0
0.7304415702819824,0,0
0.8258774280548096,0,0
0.7567687034606934,0,0
0.761102020740509,0,0
0.811225414276123,0,0
0.8304597735404968,0,0
0.9514660239219666,0,0
0.8129878640174866,0,0
0.6984792351722717,0,0
0.7949681282043457,0,0
0.6600519418716431,0,0
0.783668041229248,0,0
0.6845954060554504,0,0
0.7956759333610535,0,0
0.8236668705940247,0,0
0.8413474559783936,0,0
0.6839615106582642,0,0
0.6401417255401611,0,0
0.7800763845443726,0,0
0.7756408452987671,0,0
0.8469378352165222,0,0
0.7046124935150146,0,0
0.6231269836425781,0,0
0.795201301574707,0,0
0.7263728380203247,0,0
0.7620272636413574,0,0
0.8572816252708435,0,0
0.8356173038482666,0,0
0.7477783560752869,0,0
0.9222405552864075,0,0
0.9748973846435547,0,0
0.7788389325141907,0,0
0.7394959926605225,0,0
0.7811995148658752,0,0
0.7278134226799011,0,0
0.9553353786468506,0,0
0.7416985630989075,0,0
0.6253894567489624,0,0
0.5373373031616211,0,0
0.8350347876548767,0,0
0.7804250717163086,0,0
0.7318011522293091,0,0
0.8080487251281738,0,0
0.761513352394104,0,0
1.0400199890136719,0,0
0.7572130560874939,0,0
0.696549117565155,0,0
0.59344083070755,0,0
0.846416175365448,0,0
0.8397712707519531,0,0
0.7564266324043274,0,0
0.7748847603797913,0,0
0.9118866920471191,0,0
0.7082594633102417,0,0
0.8373479843139648,0,0
0.9076727628707886,0,0
0.7959171533584595,0,0
0.8244566917419434,0,0
0.7985895872116089,0,0
0.7635411024093628,0,0
0.7287183403968811,0,0
0.8294492959976196,0,0
0.7399373650550842,0,0
0.935160756111145,0,0
0.8354318737983704,0,0
0.6774075031280518,0,0
0.7747706174850464,0,0
0.8195165991783142,0,0
0.6305363178253174,0,0
0.8115312457084656,0,0
0.7372015714645386,0,0
0.8258631825447083,0,0
0.8767174482345581,0,0
0.6055364608764648,0,0
0.7030431032180786,0,0
0.6379284262657166,0,0
0.6185529232025146,0,0
0.7520831823348999,0,0
0.7468762993812561,0,0
0.8385355472564697,0,0
0.7116332650184631,0,0
0.6831976771354675,0,0
0.715423583984375,0,0
0.5747913122177124,0,0
0.7735096216201782,0,0
0.753074049949646,0,0
0.6567782759666443,0,0
0.8315940499305725,0,0
0.5473386645317078,0,0
0.797276496887207,0,0
0.7219990491867065,0,0
0.8203897476196289,0,0
0.8564499616622925,0,0
0.6995420455932617,0,0
0.7605993747711182,0,0
0.8564742207527161,0,0
0.8861417174339294,0,0
0.7766321301460266,0,0
0.7011024951934814,0,0
0.7228686809539795,0,0
0.8058266639709473,0,0
0.773801863193512,0,0
1.3593322038650513,0,0
0.8589000701904297,0,0
0.755384087562561,0,0
0.8089872598648071,0,0
0.8551720976829529,0,0
0.759251594543457,0,0
0.7233425378799438,0,0
0.7764024138450623,0,0
0.7686524391174316,0,0
0.8055315017700195,0,0
0.7517527937889099,0,0
0.7917670011520386,0,0
0.7307267785072327,0,0
0.7131494283676147,0,0
0.8349998593330383,0,0
0.7333183288574219,0,0
0.7966482639312744,0,0
0.7926673293113708,0,0
0.9124833345413208,0,0
0.9159600734710693,0,0
0.8420270681381226,0,0
0.8882640600204468,0,0
0.7618209719657898,0,0
0.7685157060623169,0,0
0.9364234209060669,0,0
0.8121090531349182,0,0
0.769690752029419,0,0
0.7645289897918701,0,0
0.7901935577392578,0,0
0.8604321479797363,0,0
0.7023745775222778,0,0
0.7576155066490173,0,0
0.7133965492248535,0,0
1.6250337362289429,0,0
0.779681921005249,0,0
0.7923654317855835,0,0
0.7189854979515076,0,0
0.8218599557876587,0,0
0.5842870473861694,0,0
0.8250412940979004,0,0
0.7012266516685486,0,0
0.681894063949585,0,0
0.8321291208267212,0,0
0.7972997426986694,0,0
0.7432349920272827,0,0
0.8076021671295166,0,0
0.832386314868927,0,0
0.7300664782524109,0,0
0.565291702747345,0,0
0.9037443995475769,0,0
0.8043773174285889,0,0
0.6778576374053955,0,0
0.8264779448509216,0,0
0.6781299114227295,0,0
0.8116117715835571,0,0
0.8110218048095703,0,0
0.9529902935028076,0,0
0.8760907053947449,0,0
0.7713136672973633,0,0
0.7195886373519897,0,0
0.6856186389923096,0,0
0.8541565537452698,0,0
0.8202732801437378,0,0
0.7161087393760681,0,0
0.7388507723808289,0,0
0.7887054085731506,0,0
0.7681674361228943,0,0
0.7548540234565735,0,0
0.71051025390625,0,0
0.8497336506843567,0,0
0.7983585596084595,0,0
0.8604910373687744,0,0
0.8142209649085999,0,0
0.7957854866981506,0,0
0.8434538245201111,0,0
0.8097864985466003,0,0
0.789386510848999,0,0
0.7363329529762268,0,0
0.7921702265739441,0,0
0.7856592535972595,0,0
0.9460398554801941,0,0
0.6996771693229675,0,0
1.049154281616211,0,0
0.710537850856781,0,0
0.767723798751831,0,0
0.7453556060791016,0,0
0.759581446647644,0,0
0.8168759346008301,0,0
0.984182596206665,0,0
0.7490398287773132,0,0
0.8536008596420288,0,0
0.9359090328216553,0,0
0.7111186981201172,0,0
0.7816702127456665,0,0
0.7912093997001648,0,0
0.8257849216461182,0,0
0.7773159742355347,0,0
0.8194445967674255,0,0
0.802350640296936,0,0
0.8214342594146729,0,0
0.7167887687683105,0,0
0.7547606229782104,0,0
0.5740531086921692,0,0
0.6998241543769836,0,0
0.7725495100021362,0,0
0.729754626750946,0,0
0.7403173446655273,0,0
0.7785610556602478,0,0
0.698235034942627,0,0
0.709778904914856,0,0
0.7890834808349609,0,0
0.8210490942001343,0,0
0.8206411004066467,0,0
0.7705931663513184,0,0
0.7108339667320251,0,0
0.7448719143867493,0,0
0.7887659072875977,0,0
0.564892590045929,0,0
0.7553549408912659,0,0
0.6269435882568359,0,0
0.6969327926635742,0,0
0.7882197499275208,0,0
0.8102480173110962,0,0
0.8147699236869812,0,0
0.7334406971931458,0,0
0.8375623226165771,0,0
0.8082802295684814,0,0
0.712052583694458,0,0
0.6031022667884827,0,0
0.7681971788406372,0,0
0.9071332812309265,0,0
0.47908318042755127,1,0
0.7279642224311829,0,0
0.722012996673584,0,0
0.7776618599891663,0,0
0.7501645684242249,0,0
0.9027710556983948,0,0
0.8160695433616638,0,0
0.9312543272972107,0,0
0.8213899731636047,0,0
0.9282321929931641,0,0
0.6376808881759644,0,0
0.8994843363761902,0,0
0.7374598383903503,0,0
0.5440835356712341,0,0
0.7578858733177185,0,0
0.8224344253540039,0,0
0.5997511148452759,0,0
0.7877945899963379,0,0
0.7948803901672363,0,0
0.8107441663742065,0,0
0.8019581437110901,0,0
0.7485565543174744,0,0
0.9108120203018188,0,0
0.8574872612953186,0,0
0.7604157328605652,0,0
0.7778341174125671,0,0
0.7016199827194214,0,0
0.8560759425163269,0,0
0.7508907318115234,0,0
1.1394962072372437,0,0
0.7359209060668945,0,0
0.7852628231048584,0,0
0.6714470982551575,0,0
0.8081772923469543,0,0
0.819230854511261,0,0
0.8315560817718506,0,0
0.7180307507514954,0,0
0.7042791843414307,0,0
0.8106849789619446,0,0
0.7386353015899658,0,0
0.7060915231704712,0,0
0.7603704929351807,0,0
0.7338237166404724,0,0
0.820819616317749,0,0
0.7848012447357178,0,0
0.7492669224739075,0,0
0.8732549548149109,0,0
0.7614235281944275,0,0
0.7287367582321167,0,0
0.7319002151489258,0,0
0.6410717964172363,0,0
0.7971654534339905,0,0
0.8062567710876465,0,0
0.7537204027175903,0,0
0.8116128444671631,0,0
0.8352904915809631,0,0
0.7232941389083862,0,0
0.7640419006347656,0,0
0.8106026649475098,0,0
0.7504335045814514,0,0
0.7967262864112854,0,0
0.6999361515045166,0,0
0.3175601363182068,1,0
0.7198338508605957,0,0
0.7556127905845642,0,0
0.6810049414634705,0,0
0.7578169107437134,0,0
0.7453750967979431,0,0
0.6169627904891968,0,0
0.724999725818634,0,0
0.8027449250221252,0,0
0.8811373114585876,0,0
0.7691704034805298,0,0
0.7077649831771851,0,0
0.8952535390853882,0,0
0.8642911911010742,0,0
0.6909744143486023,0,0
0.7743257284164429,0,0
0.6712843179702759,0,0
1.2002272605895996,0,0
0.6985044479370117,0,0
0.8972145318984985,0,0
0.7722837328910828,0,0
1.0474685430526733,0,0
0.5083600878715515,0,0
0.7969463467597961,0,0
0.848014771938324,0,0
0.743725061416626,0,0
0.9179259538650513,0,0
0.810851514339447,0,0
0.7673907279968262,0,0
0.6368973255157471,0,0
0.8990092277526855,0,0
0.5710184574127197,0,0
0.9325917363166809,0,0
0.7764567732810974,0,0
0.6176590323448181,0,0
0.6848907470703125,0,0
0.7973513603210449,0,0
0.7531152963638306,0,0
0.7763051390647888,0,0
0.7717584371566772,0,0
0.8683282136917114,0,0
0.8029175400733948,0,0
0.7864664196968079,0,0
0.8766214847564697,0,0
0.8056751489639282,0,0
0.7930885553359985,0,0
0.685661792755127,0,0
0.7280135154724121,0,0
0.6519824862480164,0,0
0.835667073726654,0,0
0.8659858703613281,0,0
0.7252092957496643,0,0
0.6065027713775635,0,0
0.7411932945251465,0,0
0.765071451663971,0,0
0.8070228099822998,0,0
0.8460954427719116,0,0
0.9067597389221191,0,0
0.7224739789962769,0,0
0.8717202544212341,0,0
0.7729809284210205,0,0
0.7577821016311646,0,0
0.6693514585494995,0,0
0.7897339463233948,0,0
0.7712547183036804,0,0
0.7621275782585144,0,0
0.6701532602310181,0,0
0.7588492631912231,0,0
0.760560154914856,0,0
0.7988330125808716,0,0
0.7456778287887573,0,0
0.7274349331855774,0,0
0.779201865196228,0,0
0.5794710516929626,0,0
0.7319956421852112,0,0
0.7496523857116699,0,0
0.8570100665092468,0,0
0.7830820679664612,0,0
0.8530372977256775,0,0
0.870578944683075,0,0
0.7454330921173096,0,0
0.7895719408988953,0,0
0.8443151712417603,0,0
0.8707849979400635,0,0
0.7480886578559875,0,0
0.7093375325202942,0,0
0.6661644577980042,0,0
0.6510718464851379,0,0
0.9324955940246582,0,0
0.4907626211643219,1,0
0.7961195111274719,0,0
0.7407115697860718,0,0
0.7687087655067444,0,0
0.7510195374488831,0,0
0.7955691814422607,0,0
0.7184410691261292,0,0
0.7832794189453125,0,0
0.749813437461853,0,0
0.7413946986198425,0,0
0.8285895586013794,0,0
0.7343690395355225,0,0
0.8743683695793152,0,0
0.672665536403656,0,0
0.8201674222946167,0,0
0.7865922451019287,0,0
0.8071984648704529,0,0
0.8388859033584595,0,0
0.8555724024772644,0,0
0.7537845373153687,0,0
0.7876977920532227,0,0
0.7174255847930908,0,0
0.6923098564147949,0,0
0.8133972883224487,0,0
0.7805449962615967,0,0
0.8321942090988159,0,0
0.7293855547904968,0,0
0.7076704502105713,0,0
0.7484476566314697,0,0
0.6719744205474854,0,0
0.7462692260742188,0,0
0.8112168908119202,0,0
0.6804591417312622,0,0
0.6389045119285583,0,0
0.8702859282493591,0,0
0.7210868000984192,0,0
0.738145112991333,0,0
0.7933652400970459,0,0
0.7039074897766113,0,0
0.722256064414978,0,0
0.6108447909355164,0,0
0.7532834410667419,0,0
0.8638181686401367,0,0
0.6781466007232666,0,0
0.6670536398887634,0,0
0.7571409940719604,0,0
0.8017902970314026,0,0
0.7027585506439209,0,0
0.7939935922622681,0,0
0.7511454820632935,0,0
0.8117366433143616,0,0
0.8224653005599976,0,0
0.7474222779273987,0,0
0.8442891240119934,0,0
0.7545263171195984,0,0
0.7786944508552551,0,0
0.8443570733070374,0,0
0.707756519317627,0,0
0.6960787773132324,0,0
0.7046107053756714,0,0
0.7332410216331482,0,0
0.8199571967124939,0,0
0.7625268697738647,0,0
0.7066669464111328,0,0
0.7658973932266235,0,0
0.6214522123336792,0,0
0.8368622660636902,0,0
0.9755796194076538,0,0
0.808448851108551,0,0
0.7536841630935669,0,0
0.6814103126525879,0,0
0.7977076172828674,0,0
0.561801016330719,0,0
0.6547378301620483,0,0
0.7183059453964233,0,0
0.7502909302711487,0,0
0.8331103920936584,0,0
0.5668275952339172,0,0
0.7607151865959167,0,0
0.8146637082099915,0,0
0.7034875154495239,0,0
0.7489651441574097,0,0
0.6523217558860779,0,0
0.7647926211357117,0,0
0.8469083905220032,0,0
0.5688706636428833,0,0
0.8732758164405823,0,0
0.5335087776184082,0,0
0.7258813381195068,0,0
0.8332499861717224,0,0
0.5158712267875671,0,0
0.7089581489562988,0,0
0.7957027554512024,0,0
0.8203325271606445,0,0
0.671860933303833,0,0
0.8877413272857666,0,0
0.759304404258728,0,0
0.7649083137512207,0,0
0.8812558650970459,0,0
0.6510875225067139,0,0
0.7754295468330383,0,0
0.8848564028739929,0,0
0.9599898457527161,0,0
0.8168967962265015,0,0
0.8703294396400452,0,0
0.8135935068130493,0,0
0.8513005971908569,0,0
0.9112058877944946,0,0
0.8328129649162292,0,0
0.7261343002319336,0,0
0.7307208180427551,0,0
0.7358613610267639,0,0
0.7974172830581665,0,0
0.8071025013923645,0,0
0.7380324602127075,0,0
0.9061270952224731,0,0
0.46911293268203735,1,0
0.823930025100708,0,0
0.7260226011276245,0,0
0.8129130601882935,0,0
0.7890567183494568,0,0
0.791942834854126,0,0
0.7930231690406799,0,0
0.9087320566177368,0,0
0.7697649002075195,0,0
0.747494637966156,0,0
0.7078991532325745,0,0
0.9725556373596191,0,0
0.730694055557251,0,0
0.8804690837860107,0,0
0.7804080843925476,0,0
0.7372002601623535,0,0
0.776147723197937,0,0
0.81947922706604,0,0
0.807283878326416,0,0
0.8252636790275574,0,0
0.8648338913917542,0,0
0.8696476221084595,0,0
0.773556649684906,0,0
0.749083399772644,0,0
0.7203159928321838,0,0
0.7508381605148315,0,0
0.6493754386901855,0,0
0.6761299967765808,0,0
1.0292837619781494,0,0
0.7979946136474609,0,0
0.6853262186050415,0,0
0.7172932624816895,0,0
0.5666022896766663,0,0
0.7388927936553955,0,0
0.7203865051269531,0,0
0.7040730714797974,0,0
0.8101794719696045,0,0
0.8606675863265991,0,0
0.7268416285514832,0,0
0.8661390542984009,0,0
0.8605098128318787,0,0
0.6494806408882141,0,0
0.8449245691299438,0,0
0.8523826599121094,0,0
0.8967546224594116,0,0
0.8128985166549683,0,0
0.6969751715660095,0,0
0.7953703999519348,0,0
0.7066190838813782,0,0
0.7968879342079163,0,0
0.9090977907180786,0,0
0.7078261375427246,0,0
0.7071589827537537,0,0
0.6838035583496094,0,0
0.7547863721847534,0,0
0.8005589842796326,0,0
0.879194974899292,0,0
0.8797325491905212,0,0
0.7084978818893433,0,0
0.7372628450393677,0,0
0.8294404745101929,0,0
0.7571604251861572,0,0
0.6841142773628235,0,0
0.6374721527099609,0,0
0.9117259979248047,0,0
0.7566928267478943,0,0
0.45896056294441223,1,0
0.7915388345718384,0,0
0.841270923614502,0,0
0.9510958194732666,0,0
0.8665235042572021,0,0
0.6544399857521057,0,0
0.7752466797828674,0,0
0.7310014963150024,0,0
0.8130854368209839,0,0
0.5777686238288879,0,0
0.8916215300559998,0,0
0.8183265924453735,0,0
0.7921311855316162,0,0
0.9625381827354431,0,0
0.7242841720581055,0,0
0.6643702983856201,0,0
0.7728748321533203,0,0
0.8354761600494385,0,0
0.6963331699371338,0,0
0.6713643074035645,0,0
0.5511947274208069,0,0
0.839622974395752,0,0
0.7977170348167419,0,0
0.8250999450683594,0,0
0.5706779956817627,0,0
0.6496281027793884,0,0
0.7405838966369629,0,0
0.9103884696960449,0,0
0.6682833433151245,0,0
0.7001201510429382,0,0
0.7202296257019043,0,0
0.758188009262085,0,0
0.8339729309082031,0,0
0.7039003372192383,0,0
0.5442026257514954,0,0
0.7152746319770813,0,0
0.7816217541694641,0,0
0.6299537420272827,0,0
0.7910149693489075,0,0
0.6800327897071838,0,0
0.609001874923706,0,0
0.7422167062759399,0,0
0.584179699420929,0,0
0.8945457935333252,0,0
0.7337215542793274,0,0
0.7527880072593689,0,0
0.8908600211143494,0,0
0.7339205145835876,0,0
1.101644515991211,0,0
0.7567843198776245,0,0
0.7715144157409668,0,0
0.7250306606292725,0,0
0.7484174370765686,0,0
0.7397517561912537,0,0
0.8298037648200989,0,0
0.8110225796699524,0,0
0.8891739845275879,0,0
0.7963054180145264,0,0
0.6305128335952759,0,0
0.708977997303009,0,0
0.7995363473892212,0,0
0.6847399473190308,0,0
0.8510276079177856,0,0
0.8053590059280396,0,0
0.6495353579521179,0,0
0.8402037024497986,0,0
0.8672704100608826,0,0
0.7598348259925842,0,0
0.8452869653701782,0,0
0.8565952777862549,0,0
0.5245697498321533,0,0
0.7647058367729187,0,0
0.6646427512168884,0,0
0.9781619906425476,0,0
0.7498379349708557,0,0
0.8326255679130554,0,0
0.7503929138183594,0,0
0.7249700427055359,0,0
0.7749367952346802,0,0
0.7976114749908447,0,0
0.9396703243255615,0,0
0.7381776571273804,0,0
0.7558704018592834,0,0
0.6939027905464172,0,0
0.7723612785339355,0,0
0.6835202574729919,0,0
0.8585451245307922,0,0
0.5376960635185242,0,0
0.724723219871521,0,0
0.7672337889671326,0,0
0.7082832455635071,0,0
0.9172409772872925,0,0
0.7759463787078857,0,0
0.8074685335159302,0,0
0.8343748450279236,0,0
0.8845032453536987,0,0
1.0103881359100342,0,0
0.7885528802871704,0,0
0.8150864839553833,0,0
0.6530201435089111,0,0
0.8148722648620605,0,0
0.5595450401306152,0,0
0.6947040557861328,0,0
0.6250361800193787,0,0
0.6996186375617981,0,0
0.752564549446106,0,0
0.79656982421875,0,0
0.678731381893158,0,0
0.7807705402374268,0,0
0.7402540445327759,0,0
0.754387617111206,0,0
0.7355636954307556,0,0
0.8226847052574158,0,0
0.8101835250854492,0,0
0.8634923696517944,0,0
0.8450664281845093,0,0
0.7741045951843262,0,0
0.8456950783729553,0,0
0.8821141123771667,0,0
0.7312685251235962,0,0
0.6760108470916748,0,0
0.8981127142906189,0,0
0.7558081746101379,0,0
0.8241792917251587,0,0
0.8882412910461426,0,0
0.782366156578064,0,0
0.9490785598754883,0,0
0.7775358557701111,0,0
0.9448349475860596,0,0
0.8694189190864563,0,0
0.7524816393852234,0,0
0.9018639922142029,0,0
0.795677661895752,0,0
0.7821952104568481,0,0
0.7608233094215393,0,0
0.7544127106666565,0,0
0.7411917448043823,0,0
0.7766790986061096,0,0
0.8715324401855469,0,0
0.7173755168914795,0,0
0.6720444560050964,0,0
0.6253134608268738,0,0
0.6554631590843201,0,0
0.7748820185661316,0,0
0.8113057017326355,0,0
0.7148187756538391,0,0
0.7045195698738098,0,0
0.9251680374145508,0,0
0.8045262098312378,0,0
0.9131213426589966,0,0
0.7883064150810242,0,0
0.7765762209892273,0,0
0.6466912627220154,0,0
0.7866079807281494,0,0
0.865059494972229,0,0
0.7890818119049072,0,0
0.6486295461654663,0,0
0.7185879945755005,0,0
0.917127251625061,0,0
0.8777379393577576,0,0
0.8386251926422119,0,0
0.6812776327133179,0,0
0.607865035533905,0,0
0.6789801120758057,0,0
0.8124691247940063,0,0
0.7452695965766907,0,0
0.7419724464416504,0,0
0.7540566325187683,0,0
0.6356854438781738,0,0
0.8178098201751709,0,0
0.7870137691497803,0,0
0.7940841317176819,0,0
0.7361680269241333,0,0
0.7825312614440918,0,0
0.6650130748748779,0,0
0.792333722114563,0,0
0.7413330674171448,0,0
0.586459755897522,0,0
0.7277624607086182,0,0
0.7442352771759033,0,0
0.7322567105293274,0,0
0.8320015072822571,0,0
0.7451173663139343,0,0
0.8195644617080688,0,0
0.6774846911430359,0,0
0.6659771800041199,0,0
0.830270528793335,0,0
0.7412724494934082,0,0
0.8199282288551331,0,0
0.7725222706794739,0,0
0.5995962023735046,0,0
0.7994319200515747,0,0
0.7510883212089539,0,0
0.6835529208183289,0,0
0.8065944910049438,0,0
0.6883524656295776,0,0
0.8471503257751465,0,0
0.824901819229126,0,0
0.76918625831604,0,0
0.7556464076042175,0,0
0.6407654285430908,0,0
0.6729059219360352,0,0
0.7760990262031555,0,0
0.7763251662254333,0,0
0.8108771443367004,0,0
0.5506547689437866,0,0
0.7190467119216919,0,0
0.8844088912010193,0,0
0.749334990978241,0,0
0.8027515411376953,0,0
0.7672134637832642,0,0
0.7374873757362366,0,0
0.5497726798057556,0,0
0.7295280694961548,0,0
0.7517077326774597,0,0
0.8147838115692139,0,0
0.7259583473205566,0,0
0.731956958770752,0,0
0.7760534882545471,0,0
0.7837945222854614,0,0
0.9231462478637695,0,0
0.8259904980659485,0,0
0.7640138864517212,0,0
0.6918960809707642,0,0
0.7079910635948181,0,0
0.8616912364959717,0,0
0.8243407011032104,0,0
0.7823729515075684,0,0
0.6904582381248474,0,0
0.7784721851348877,0,0
0.803162157535553,0,0
0.686461329460144,0,0
0.9188935160636902,0,0
0.7285012006759644,0,0
0.7321134805679321,0,0
0.7762473821640015,0,0
0.8272613286972046,0,0
0.9248993992805481,0,0
0.7486087083816528,0,0
0.7300587892532349,0,0
0.7058699727058411,0,0
0.9121675491333008,0,0
0.7295552492141724,0,0
0.765956699848175,0,0
0.8263756036758423,0,0
0.7127943634986877,0,0
0.839384913444519,0,0
0.7345606684684753,0,0
0.7074135541915894,0,0
0.8392371535301208,0,0
0.7247092723846436,0,0
0.7054811716079712,0,0
0.8640521168708801,0,0
0.8051500916481018,0,0
0.6684996485710144,0,0
0.7125981450080872,0,0
0.878557562828064,0,0
0.6087215542793274,0,0
0.7710776329040527,0,0
0.7915481925010681,0,0
0.7193629741668701,0,0
0.6902982592582703,0,0
1.0634965896606445,0,0
0.7976009845733643,0,0
0.6685473918914795,0,0
0.737969160079956,0,0
0.5496255159378052,0,0
0.6488571166992188,0,0
0.5044021010398865,0,0
0.736257791519165,0,0
0.7387105226516724,0,0
0.7296156287193298,0,0
0.8347105383872986,0,0
0.7322252988815308,0,0
0.828367292881012,0,0
0.8390963077545166,0,0
0.7685289978981018,0,0
0.764748215675354,0,0
0.7520787119865417,0,0
0.5680564641952515,0,0
0.663625180721283,0,0
0.6892330646514893,0,0
0.764832615852356,0,0
0.7109307646751404,0,0
0.6375534534454346,0,0
0.7413622736930847,0,0
0.6655925512313843,0,0
0.7174184322357178,0,0
0.813176691532135,0,0
0.8578600883483887,0,0
0.7808002233505249,0,0
0.8471121788024902,0,0
0.8863260746002197,0,0
1.0132662057876587,0,0
0.8279303312301636,0,0
0.6635572910308838,0,0
0.746911883354187,0,0
0.7426332235336304,0,0
0.8258155584335327,0,0
0.8982954025268555,0,0
0.8324621915817261,0,0
0.8350110054016113,0,0
0.7405550479888916,0,0
0.8397098183631897,0,0
0.8050224184989929,0,0
0.7893764972686768,0,0
0.7985019683837891,0,0
1.0392372608184814,0,0
0.898628830909729,0,0
0.6334137916564941,0,0
0.8316771388053894,0,0
0.8293765783309937,0,0
0.6158850789070129,0,0
0.8728125691413879,0,0
0.769866406917572,0,0
0.8233087062835693,0,0
0.7249565124511719,0,0
0.8547422885894775,0,0
0.522199273109436,0,0
0.7307243347167969,0,0
0.908681333065033,0,0
0.703144371509552,0,0
0.7233068943023682,0,0
0.6815750002861023,0,0
0.8330826759338379,0,0
0.7403613328933716,0,0
0.9615077376365662,0,0
0.6545659303665161,0,0
0.7425070405006409,0,0
0.7244924306869507,0,0
0.7807039618492126,0,0
0.7190605998039246,0,0
0.7547175884246826,0,0
0.7366175055503845,0,0
0.8350714445114136,0,0
1.0156842470169067,0,0
0.7821971774101257,0,0
0.7757513523101807,0,0
0.6988822221755981,0,0
0.7416983842849731,0,0
0.8176259398460388,0,0
0.7951601147651672,0,0
0.7612540125846863,0,0
0.7144773006439209,0,0
0.6789008975028992,0,0
0.5453576445579529,0,0
0.8099246025085449,0,0
0.7745184898376465,0,0
0.8765855431556702,0,0
0.6876678466796875,0,0
0.8649022579193115,0,0
0.76580810546875,0,0
0.8986623287200928,0,0
0.6971458792686462,0,0
0.6534709930419922,0,0
0.7738851308822632,0,0
0.7721536159515381,0,0
0.602462649345398,0,0
1.0090197324752808,0,0
0.7240880727767944,0,0
0.8725912570953369,0,0
0.7087558507919312,0,0
0.8501156568527222,0,0
0.7273732423782349,0,0
0.8651033043861389,0,0
0.6963763236999512,0,0
0.6907784342765808,0,0
0.7350906133651733,0,0
0.8045279383659363,0,0
0.644991934299469,0,0
0.6773618459701538,0,0
0.9125058650970459,0,0
0.7927235960960388,0,0
0.6677414178848267,0,0
0.6706969141960144,0,0
0.6972741484642029,0,0
0.595635175704956,0,0
0.7152897119522095,0,0
0.7330694794654846,0,0
0.767688512802124,0,0
1.0215033292770386,0,0
0.9173301458358765,0,0
0.7133799195289612,0,0
0.724022388458252,0,0
0.7425309419631958,0,0
0.7853199243545532,0,0
0.8175110220909119,0,0
0.7586373090744019,0,0
0.7907561659812927,0,0
0.7903099060058594,0,0
0.8069597482681274,0,0
0.6620773673057556,0,0
0.7092214822769165,0,0
0.7835518717765808,0,0
0.8955090641975403,0,0
0.974233090877533,0,0
0.8405032753944397,0,0
0.8776018023490906,0,0
0.8986387848854065,0,0
0.8374980092048645,0,0
1.016694188117981,0,0
0.7350850105285645,0,0
0.7724766135215759,0,0
0.7807371020317078,0,0
0.7398790121078491,0,0
0.6565926671028137,0,0
0.9602956771850586,0,0
0.5925686955451965,0,0
0.7369718551635742,0,0
0.7201700210571289,0,0
0.8455603718757629,0,0
0.9282562732696533,0,0
0.7787785530090332,0,0
0.7886748909950256,0,0
0.7623704671859741,0,0
0.5997665524482727,0,0
0.8011671900749207,0,0
0.8600963354110718,0,0
0.7850180864334106,0,0
0.8748902082443237,0,0
0.6166096329689026,0,0
0.9436533451080322,0,0
0.6532909274101257,0,0
0.7658866047859192,0,0
0.8577874898910522,0,0
0.87605881690979,0,0
0.7627122402191162,0,0
0.9166080951690674,0,0
0.8192081451416016,0,0
0.7331708669662476,0,0
0.7029772400856018,0,0
0.6670351624488831,0,0
0.866448163986206,0,0
0.8356969356536865,0,0
0.6034990549087524,0,0
0.6827713847160339,0,0
0.7552844882011414,0,0
0.7457271814346313,0,0
0.8316863179206848,0,0
0.783650279045105,0,0
0.8335329294204712,0,0
0.771282970905304,0,0
0.6877470016479492,0,0
0.8273707032203674,0,0
0.7955433130264282,0,0
0.765870988368988,0,0
0.7871801257133484,0,0
0.8090519905090332,0,0
0.8173003792762756,0,0
0.8075181245803833,0,0
0.7772289514541626,0,0
0.7576335072517395,0,0
0.8646026849746704,0,0
0.765968918800354,0,0
0.6352185606956482,0,0
0.8915734887123108,0,0
0.7046158909797668,0,0
0.6228960156440735,0,0
0.8318995237350464,0,0
0.7679240703582764,0,0
0.7060690522193909,0,0
0.7047775983810425,0,0
0.8235757350921631,0,0
0.709803581237793,0,0
0.8227134943008423,0,0
0.7417402863502502,0,0
0.840012788772583,0,0
0.7959935665130615,0,0
0.8304086327552795,0,0
0.7845470905303955,0,0
0.8075544238090515,0,0
0.8147381544113159,0,0
0.7996422052383423,0,0
0.8092002868652344,0,0
0.7546579241752625,0,0
0.6993878483772278,0,0
0.6652756333351135,0,0
0.7338362336158752,0,0
0.8278459310531616,0,0
0.9323890209197998,0,0
0.7853139638900757,0,0
0.898536741733551,0,0
0.9212576746940613,0,0
0.7928440570831299,0,0
0.7372968196868896,0,0
0.8646686673164368,0,0
0.8368719816207886,0,0
0.7226862907409668,0,0
0.7493728995323181,0,0
0.9114623665809631,0,0
0.657660722732544,0,0
0.7776206731796265,0,0
0.7757877707481384,0,0
0.6999120116233826,0,0
0.7025378346443176,0,0
0.8487375974655151,0,0
0.6598852276802063,0,0
0.8118472099304199,0,0
0.7592979073524475,0,0
0.807712972164154,0,0
0.756256103515625,0,0
0.7915234565734863,0,0
0.6443271040916443,0,0
0.7501233816146851,0,0
0.7641456723213196,0,0
0.7930420637130737,0,0
0.6528410315513611,0,0
0.7329126596450806,0,0
0.6717938184738159,0,0
0.8354079723358154,0,0
1.0228415727615356,0,0
0.8172668218612671,0,0
0.8179453611373901,0,0
0.8212757110595703,0,0
0.6945673227310181,0,0
0.68975830078125,0,0
0.7678409218788147,0,0
0.705106794834137,0,0
0.9342676997184753,0,0
0.7423958778381348,0,0
0.6931055784225464,0,0
0.7856243848800659,0,0
0.7832180261611938,0,0
0.7282098531723022,0,0
0.6756934523582458,0,0
0.8092407584190369,0,0
0.77126145362854,0,0
0.7610002756118774,0,0
0.5957477688789368,0,0
0.8000958561897278,0,0
0.8491348028182983,0,0
0.5582781434059143,0,0
0.746912956237793,0,0
0.7828847169876099,0,0
0.7334408760070801,0,0
0.8212450742721558,0,0
0.7407665848731995,0,0
0.9107661247253418,0,0
0.672607958316803,0,0
0.7812813520431519,0,0
0.7390793561935425,0,0
0.8369942307472229,0,0
0.8108862638473511,0,0
0.7730062007904053,0,0
0.8322753310203552,0,0
0.747839093208313,0,0
0.5711132287979126,0,0
0.9114043712615967,0,0
0.7312541007995605,0,0
0.7319314479827881,0,0
0.7069196105003357,0,0
0.7446857690811157,0,0
0.7361195683479309,0,0
0.7086213827133179,0,0
0.8863351941108704,0,0
0.6645168662071228,0,0
0.8847891688346863,0,0
0.8539841771125793,0,0
0.7017902135848999,0,0
0.8367336988449097,0,0
0.7516751885414124,0,0
0.8353735208511353,0,0
0.6970494389533997,0,0
0.822268009185791,0,0
0.8748759627342224,0,0
0.7333275079727173,0,0
0.9084429144859314,0,0
0.6222947835922241,0,0
0.8442496657371521,0,0
0.8393489122390747,0,0
0.8150055408477783,0,0
0.7488590478897095,0,0
0.7248356938362122,0,0
0.9365121126174927,0,0
0.7234041690826416,0,0
0.7325953841209412,0,0
0.8630551695823669,0,0
0.8035413026809692,0,0
0.8484979271888733,0,0
0.7451980113983154,0,0
0.6267427206039429,0,0
0.7151541709899902,0,0
0.7914144396781921,0,0
0.8267772793769836,0,0
0.7218422889709473,0,0
0.7325718402862549,0,0
0.7205654978752136,0,0
0.7442637085914612,0,0
0.8265321850776672,0,0
0.8659713864326477,0,0
0.5799103379249573,0,0
0.7861867547035217,0,0
0.8278906345367432,0,0
0.8404738306999207,0,0
0.8582642674446106,0,0
0.7533292174339294,0,0
0.7386035323143005,0,0
0.7327297329902649,0,0
0.7462559342384338,0,0
0.7648805975914001,0,0
0.6719425916671753,0,0
0.7652176022529602,0,0
0.6863762140274048,0,0
0.7817018032073975,0,0
0.7755505442619324,0,0
0.7243932485580444,0,0
0.7736839056015015,0,0
0.8710922598838806,0,0
0.6733129024505615,0,0
0.9393147230148315,0,0
0.9055848121643066,0,0
0.7239893674850464,0,0
0.8060289025306702,0,0
0.8190174102783203,0,0
0.6854279637336731,0,0
0.7174371480941772,0,0
0.9938517212867737,0,0
0.7714813351631165,0,0
0.8010258674621582,0,0
0.7785953879356384,0,0
0.8615245819091797,0,0
0.8653304576873779,0,0
0.7951927781105042,0,0
0.9266929030418396,0,0
0.7756080031394958,0,0
0.6356859803199768,0,0
0.7674057483673096,0,0
0.5659562945365906,0,0
0.824903130531311,0,0
0.6890555620193481,0,0
0.8287299871444702,0,0
0.7148186564445496,0,0
0.7474071979522705,0,0
0.6835429072380066,0,0
0.7511242628097534,0,0
0.6328122019767761,0,0
1.1996828317642212,0,0
1.1804654598236084,0,0
0.8121552467346191,0,0
0.7497208118438721,0,0
0.8117520213127136,0,0
0.7697039246559143,0,0
0.8509600758552551,0,0
0.7572249174118042,0,0
0.5953875780105591,0,0
0.733856737613678,0,0
0.8455359935760498,0,0
0.85866379737854,0,0
0.7629387974739075,0,0
0.8320031762123108,0,0
0.7064582109451294,0,0
0.790787935256958,0,0
0.8343002200126648,0,0
0.9153193235397339,0,0
0.7085230946540833,0,0
0.8422468900680542,0,0
0.8022721409797668,0,0
0.7665073871612549,0,0
0.7541903257369995,0,0
0.7205064296722412,0,0
0.7718592286109924,0,0
0.8257649540901184,0,0
0.7797904014587402,0,0
0.6552836894989014,0,0
0.7872112393379211,0,0
0.770930826663971,0,0
0.6991389989852905,0,0
0.671048641204834,0,0
0.8011983633041382,0,0
0.9353803396224976,0,0
0.7808705568313599,0,0
0.7455116510391235,0,0
0.6683793067932129,0,0
0.6801935434341431,0,0
0.8741307258605957,0,0
0.8228877782821655,0,0
0.6455500721931458,0,0
0.8932575583457947,0,0
1.6578749418258667,0,0
0.6848980784416199,0,0
0.718873918056488,0,0
0.7175604104995728,0,0
0.8297398090362549,0,0
0.6908252835273743,0,0
0.8101294040679932,0,0
0.6296966075897217,0,0
0.8582597374916077,0,0
0.8208207488059998,0,0
0.7330790162086487,0,0
0.6832634210586548,0,0
0.6289756894111633,0,0
0.7173001766204834,0,0
0.738761842250824,0,0
0.7236573696136475,0,0
0.8448106050491333,0,0
0.661200761795044,0,0
0.810015857219696,0,0
0.7449741363525391,0,0
0.8617345690727234,0,0
0.8166992664337158,0,0
0.7341939806938171,0,0
0.7960720062255859,0,0
0.7216724753379822,0,0
0.732153058052063,0,0
0.7985227704048157,0,0
0.7819581031799316,0,0
0.7617693543434143,0,0
0.722822368144989,0,0
0.5272796154022217,0,0
0.7786260843276978,0,0
0.8383079171180725,0,0
0.8134783506393433,0,0
0.6941217184066772,0,0
0.7553846836090088,0,0
0.7645501494407654,0,0
0.771086573600769,0,0
1.295976996421814,0,0
0.7305248975753784,0,0
0.7750755548477173,0,0
0.8338954448699951,0,0
0.7378603219985962,0,0
0.811301589012146,0,0
0.762934148311615,0,0
0.8478644490242004,0,0
0.7726922035217285,0,0
0.823915421962738,0,0
0.7824640870094299,0,0
0.8273129463195801,0,0
0.7246083617210388,0,0
0.9630364775657654,0,0
0.7222203016281128,0,0
0.7427990436553955,0,0
0.6790844202041626,0,0
0.6119829416275024,0,0
0.7849135398864746,0,0
0.8151533603668213,0,0
0.7834902405738831,0,0
0.7185138463973999,0,0
0.6936030983924866,0,0
0.7239064574241638,0,0
0.8535186648368835,0,0
0.8626591563224792,0,0
0.7302627563476562,0,0
0.7547135353088379,0,0
0.7957360744476318,0,0
0.7275299429893494,0,0
0.8101818561553955,0,0
0.738188624382019,0,0
0.7802398204803467,0,0
0.6816521286964417,0,0
0.7931591272354126,0,0
0.8162038326263428,0,0
0.7563058137893677,0,0
0.74672931432724,0,0
0.7253239750862122,0,0
0.695925235748291,0,0
0.7792032957077026,0,0
0.7831854820251465,0,0
0.6581630706787109,0,0
0.7870570421218872,0,0
0.8448521494865417,0,0
0.7641388177871704,0,0
0.836845338344574,0,0
0.9154170751571655,0,0
0.6823856830596924,0,0
0.87859708070755,0,0
0.7318652868270874,0,0
0.6460084319114685,0,0
0.9235216379165649,0,0
0.854147732257843,0,0
0.789101243019104,0,0
0.5964269638061523,0,0
0.7345152497291565,0,0
0.8578676581382751,0,0
0.8333024382591248,0,0
0.8201218843460083,0,0
0.7294453382492065,0,0
0.8495475053787231,0,0
0.921953558921814,0,0
0.7217832207679749,0,0
0.7160939574241638,0,0
0.8050431609153748,0,0
0.8127974271774292,0,0
0.7297531962394714,0,0
0.8392634391784668,0,0
0.7377842664718628,0,0
0.7585278749465942,0,0
0.9145953059196472,0,0
0.7422588467597961,0,0
0.8343508839607239,0,0
0.8926153182983398,0,0
0.7721192836761475,0,0
0.8416716456413269,0,0
0.72940593957901,0,0
0.8127113580703735,0,0
0.8518484830856323,0,0
0.7178093194961548,0,0
0.7907392382621765,0,0
0.7573846578598022,0,0
0.7712684869766235,0,0
1.005077600479126,0,0
0.8915769457817078,0,0
0.6396913528442383,0,0
0.8539029359817505,0,0
0.8244141340255737,0,0
0.7322596907615662,0,0
0.8620306849479675,0,0
0.9157178401947021,0,0
1.0295257568359375,0,0
0.7031172513961792,0,0
0.7230068445205688,0,0
0.7626931071281433,0,0
0.8556281328201294,0,0
0.7136590480804443,0,0
0.8878938555717468,0,0
0.8729729652404785,0,0
0.8126450181007385,0,0
0.7235130071640015,0,0
0.5636741518974304,0,0
0.8190833330154419,0,0
0.6182156205177307,0,0
0.7926433086395264,0,0
0.7671042680740356,0,0
0.8603490591049194,0,0
0.833320140838623,0,0
0.7664746046066284,0,0
0.773841142654419,0,0
0.8564258813858032,0,0
0.6833184957504272,0,0
0.7362170815467834,0,0
0.6409872174263,0,0
0.8518697023391724,0,0
1.3000752925872803,0,0
0.7821513414382935,0,0
0.7771528959274292,0,0
0.738666296005249,0,0
0.7691400051116943,0,0
0.7054169178009033,0,0
0.8057845234870911,0,0
0.7328827381134033,0,0
0.5916301012039185,0,0
0.8673346042633057,0,0
0.8170159459114075,0,0
0.775242269039154,0,0
0.790198028087616,0,0
0.7789996862411499,0,0
0.7947419881820679,0,0
0.7694705724716187,0,0
0.9237930774688721,0,0
0.8449906706809998,0,0
1.0369480848312378,0,0
0.7888121008872986,0,0
0.8750541806221008,0,0
0.9149078726768494,0,0
1.410711646080017,0,0
0.768447995185852,0,0
0.7420904040336609,0,0
0.7893027067184448,0,0
0.7775256633758545,0,0
0.9377885460853577,0,0
0.7378708124160767,0,0
0.8655891418457031,0,0
0.770384669303894,0,0
0.7802065014839172,0,0
0.8780059814453125,0,0
0.7587360143661499,0,0
0.8303818702697754,0,0
0.5306944251060486,0,0
0.7767031192779541,0,0
0.698679506778717,0,0
0.7911065816879272,0,0
0.7934194803237915,0,0
0.776657223701477,0,0
0.8308507800102234,0,0
0.7621991038322449,0,0
0.7431362867355347,0,0
0.6984239816665649,0,0
0.6687179803848267,0,0
0.7798306941986084,0,0
0.7839670181274414,0,0
0.6645166277885437,0,0
0.7047197818756104,0,0
0.7469422221183777,0,0
0.793586790561676,0,0
0.8257279396057129,0,0
0.7721239328384399,0,0
0.6332999467849731,0,0
0.7289604544639587,0,0
0.9076156616210938,0,0
0.7592045664787292,0,0
0.6062725186347961,0,0
0.7945972084999084,0,0
0.7481849193572998,0,0
0.8076719045639038,0,0
0.8085082769393921,0,0
0.6958931684494019,0,0
0.7687753438949585,0,0
0.5830729007720947,0,0
0.7380837798118591,0,0
0.81348717212677,0,0
0.5858826041221619,0,0
1.1297262907028198,0,0
1.031563639640808,0,0
0.7848107814788818,0,0
0.7854121923446655,0,0
0.7434027194976807,0,0
0.9082750678062439,0,0
0.8111101388931274,0,0
0.77011638879776,0,0
0.9142504930496216,0,0
0.8565736413002014,0,0
0.7867558598518372,0,0
0.8464338779449463,0,0
0.716222882270813,0,0
0.869910717010498,0,0
0.8034877181053162,0,0
0.808630645275116,0,0
0.7129305005073547,0,0
0.7915028929710388,0,0
0.8691686987876892,0,0
0.8460021018981934,0,0
0.7292196154594421,0,0
0.7625016570091248,0,0
0.850663959980011,0,0
0.9390117526054382,0,0
0.767676591873169,0,0
0.8445653915405273,0,0
0.8080339431762695,0,0
0.7335408926010132,0,0
0.7789459228515625,0,0
0.8184877634048462,0,0
0.834414541721344,0,0
0.7355654835700989,0,0
0.6927700638771057,0,0
0.9656438231468201,0,0
0.8170375823974609,0,0
0.6675976514816284,0,0
0.9425656795501709,0,0
0.6150432229042053,0,0
0.8237603902816772,0,0
0.7080466151237488,0,0
0.6041762232780457,0,0
0.6776288747787476,0,0
0.8211641311645508,0,0
0.7315741777420044,0,0
0.7749896049499512,0,0
0.6939040422439575,0,0
0.7883021235466003,0,0
0.7774685025215149,0,0
0.7715145349502563,0,0
0.6971595287322998,0,0
0.7468616962432861,0,0
0.7719829082489014,0,0
0.6774225234985352,0,0
0.7524002194404602,0,0
0.657634437084198,0,0
0.6733094453811646,0,0
0.866985559463501,0,0
0.6910715103149414,0,0
0.7006325125694275,0,0
0.9146828651428223,0,0
0.6136937141418457,0,0
0.7724357843399048,0,0
0.8071451187133789,0,0
0.6552085876464844,0,0
0.7536331415176392,0,0
0.8547866940498352,0,0
0.7771005034446716,0,0
0.7483024597167969,0,0
0.6941497325897217,0,0
0.705087423324585,0,0
0.8628942966461182,0,0
0.8478792905807495,0,0
0.5382742285728455,0,0
0.5771152973175049,0,0
0.843079686164856,0,0
0.7676822543144226,0,0
0.847220778465271,0,0
0.8314774036407471,0,0
0.8534271717071533,0,0
0.6249417066574097,0,0
0.7410287857055664,0,0
0.7213862538337708,0,0
0.7777726650238037,0,0
0.8946173191070557,0,0
0.6253445148468018,0,0
0.7655757069587708,0,0
0.7368332147598267,0,0
0.7997300028800964,0,0
0.6769083738327026,0,0
0.6990094780921936,0,0
0.9434131979942322,0,0
0.7682750225067139,0,0
1.0042003393173218,0,0
0.7708773612976074,0,0
0.7639594078063965,0,0
0.7969154119491577,0,0
0.701327383518219,0,0
0.7668733596801758,0,0
1.0294721126556396,0,0
0.7962369322776794,0,0
0.8834210634231567,0,0
0.7699950933456421,0,0
0.606492817401886,0,0
0.8498457074165344,0,0
0.819527804851532,0,0
0.8577171564102173,0,0
0.7345470190048218,0,0
0.7516153454780579,0,0
0.8535517454147339,0,0
0.6015970706939697,0,0
0.8526182770729065,0,0
0.7343896627426147,0,0
0.890898585319519,0,0
0.8157943487167358,0,0
0.8819281458854675,0,0
0.7596924901008606,0,0
0.6874056458473206,0,0
0.7127904295921326,0,0
0.8247856497764587,0,0
0.782234787940979,0,0
0.5949784517288208,0,0
0.6706416606903076,0,0
0.8265543580055237,0,0
0.7748745679855347,0,0
0.6763743162155151,0,0
0.6457449197769165,0,0
0.6834301352500916,0,0
0.9248604774475098,0,0
0.6979706287384033,0,0
0.7556025385856628,0,0
0.7452297210693359,0,0
0.731116533279419,0,0
0.8637526035308838,0,0
0.7055462002754211,0,0
0.8621828556060791,0,0
0.5943593978881836,0,0
0.842832088470459,0,0
0.7601925730705261,0,0
0.7774945497512817,0,0
0.7720528244972229,0,0
0.7508161067962646,0,0
0.6951695084571838,0,0
0.7722984552383423,0,0
0.8520126342773438,0,0
0.7287159562110901,0,0
0.8066850900650024,0,0
0.9521471261978149,0,0
0.8008502721786499,0,0
0.8567199110984802,0,0
0.7263221740722656,0,0
0.824518084526062,0,0
0.8343499302864075,0,0
0.7422144412994385,0,0
0.662657618522644,0,0
0.7680378556251526,0,0
0.5503264665603638,0,0
0.7777552008628845,0,0
0.7996969819068909,0,0
0.8079230189323425,0,0
0.7618860602378845,0,0
0.8480653166770935,0,0
0.7587600350379944,0,0
1.0320457220077515,0,0
0.7754789590835571,0,0
0.7649258375167847,0,0
0.7961829900741577,0,0
0.7607381343841553,0,0
0.7624677419662476,0,0
0.8669551610946655,0,0
0.58250492811203,0,0
0.6362624168395996,0,0
0.7985337376594543,0,0
0.8649005889892578,0,0
0.6366745233535767,0,0
0.6796666979789734,0,0
0.704893946647644,0,0
0.6923250555992126,0,0
0.8758846521377563,0,0
0.6961221694946289,0,0
0.8627312183380127,0,0
0.8904393911361694,0,0
0.7171533107757568,0,0
0.7522103786468506,0,0
0.8325054049491882,0,0
0.7327542901039124,0,0
0.7831883430480957,0,0
0.9108472466468811,0,0
0.7083741426467896,0,0
0.6630073189735413,0,0
0.8699225187301636,0,0
0.7031041383743286,0,0
0.7737978100776672,0,0
0.8883762955665588,0,0
0.778653621673584,0,0
0.7212823629379272,0,0
0.7115228176116943,0,0
1.297504186630249,0,0
0.8860921859741211,0,0
0.7362124919891357,0,0
0.7677865028381348,0,0
0.8501253128051758,0,0
0.8422650098800659,0,0
0.7998451590538025,0,0
0.8030924797058105,0,0
0.7931035161018372,0,0
0.8077796101570129,0,0
0.530842125415802,0,0
0.8258537650108337,0,0
0.8171035051345825,0,0
0.7202091217041016,0,0
0.7748319506645203,0,0
0.6446391940116882,0,0
0.7054731845855713,0,0
0.7831240296363831,0,0
0.6797463297843933,0,0
0.8211511373519897,0,0
0.7428377866744995,0,0
0.7894419431686401,0,0
0.46838995814323425,1,0
0.630702018737793,0,0
0.843664824962616,0,0
0.7766273021697998,0,0
0.8630142211914062,0,0
0.7531564235687256,0,0
0.7434889674186707,0,0
0.8448853492736816,0,0
0.8024833798408508,0,0
0.7078041434288025,0,0
0.8549995422363281,0,0
0.8529371619224548,0,0
0.8488979935646057,0,0
0.7320337295532227,0,0
0.8732380270957947,0,0
0.7365154027938843,0,0
0.7511119842529297,0,0
0.8087100982666016,0,0
0.7295294404029846,0,0
0.556352436542511,0,0
0.6969994306564331,0,0
0.8916263580322266,0,0
0.8218964338302612,0,0
0.8701510429382324,0,0
0.5796354413032532,0,0
0.7998802065849304,0,0
0.7586835026741028,0,0
0.6639883518218994,0,0
0.7384631037712097,0,0
0.837184727191925,0,0
0.5222895741462708,0,0
0.7121038436889648,0,0
0.8662580251693726,0,0
0.7875760197639465,0,0
0.7441989779472351,0,0
0.7162848114967346,0,0
0.9808812141418457,0,0
0.6516319513320923,0,0
0.6827738285064697,0,0
0.7204083204269409,0,0
0.7848913669586182,0,0
0.7875989079475403,0,0
0.709916353225708,0,0
0.6929711103439331,0,0
0.8589749336242676,0,0
0.8232371211051941,0,0
0.7109142541885376,0,0
0.7400798797607422,0,0
0.8298115730285645,0,0
0.8595964312553406,0,0
0.8000513911247253,0,0
0.7927215099334717,0,0
0.8200360536575317,0,0
0.6667488217353821,0,0
0.8216096758842468,0,0
0.7983443737030029,0,0
0.8937631845474243,0,0
0.7142806649208069,0,0
0.7306385636329651,0,0
0.8275156617164612,0,0
0.8769780397415161,0,0
0.7820010781288147,0,0
0.7135581970214844,0,0
0.6860684156417847,0,0
0.7761748433113098,0,0
0.9353034496307373,0,0
0.6508880853652954,0,0
0.7449742555618286,0,0
0.8549399375915527,0,0
0.7134214639663696,0,0
0.7448552250862122,0,0
0.7587249875068665,0,0
0.7696602940559387,0,0
0.9993751645088196,0,0
0.7974550724029541,0,0
0.6920413970947266,0,0
0.8782690763473511,0,0
0.6519334316253662,0,0
0.5524275898933411,0,0
0.8446331024169922,0,0
0.7897461652755737,0,0
0.9404586553573608,0,0
0.7307935953140259,0,0
0.8552285432815552,0,0
0.8913887143135071,0,0
0.8606046438217163,0,0
0.7104970812797546,0,0
0.5367216467857361,0,0
0.6153533458709717,0,0
0.5782197117805481,0,0
0.8312873244285583,0,0
0.8924092650413513,0,0
0.9864789843559265,0,0
0.7460939288139343,0,0
0.7505804300308228,0,0
0.7650177478790283,0,0
0.9070903062820435,0,0
0.7399052977561951,0,0
0.8690511584281921,0,0
0.8699803352355957,0,0
0.8723434209823608,0,0
0.8360521793365479,0,0
0.638781726360321,0,0
0.8710548281669617,0,0
0.8920361995697021,0,0
0.8220639824867249,0,0
0.624727725982666,0,0
0.8004274368286133,0,0
0.849944531917572,0,0
0.8981428146362305,0,0
0.6972289085388184,0,0
0.7753132581710815,0,0
0.775792121887207,0,0
0.8191211223602295,0,0
0.7264684438705444,0,0
0.9009307026863098,0,0
0.8328489065170288,0,0
0.6859192848205566,0,0
0.7498552799224854,0,0
0.7935571074485779,0,0
0.7279074192047119,0,0
0.8247861862182617,0,0
0.7367675304412842,0,0
0.8021620512008667,0,0
0.754672110080719,0,0
0.856250524520874,0,0
0.8846889734268188,0,0
0.8282600045204163,0,0
0.5667728185653687,0,0
0.8184348344802856,0,0
0.7179219126701355,0,0
0.7660309076309204,0,0
0.7073865532875061,0,0
0.6960458755493164,0,0
0.7162370681762695,0,0
0.9169341325759888,0,0
0.9025359749794006,0,0
0.7337915897369385,0,0
0.8037142753601074,0,0
0.8671970367431641,0,0
0.7788158655166626,0,0
0.7859577536582947,0,0
0.7454777359962463,0,0
0.8709510564804077,0,0
0.5906949043273926,0,0
0.7704854011535645,0,0
0.6527976989746094,0,0
0.7758913636207581,0,0
0.8771550059318542,0,0
0.8663538098335266,0,0
0.7781175971031189,0,0
0.8899226784706116,0,0
0.5861856937408447,0,0
0.8545437455177307,0,0
0.7969256639480591,0,0
0.6893389225006104,0,0
0.7990055084228516,0,0
0.7157834768295288,0,0
0.6979248523712158,0,0
0.8985190391540527,0,0
0.8328048586845398,0,0
0.663962721824646,0,0
0.6119935512542725,0,0
0.6857866048812866,0,0
2.019307851791382,0,0
0.8139885663986206,0,0
0.7044506072998047,0,0
0.8333331942558289,0,0
0.7122383117675781,0,0
0.6105923652648926,0,0
0.8359578251838684,0,0
0.7996586561203003,0,0
0.7571849822998047,0,0
0.7809354066848755,0,0
0.7573722004890442,0,0
0.9928581714630127,0,0
0.8453578352928162,0,0
0.8776916861534119,0,0
0.7903464436531067,0,0
0.6549032330513,0,0
0.827326774597168,0,0
0.7969891428947449,0,0
0.799608051776886,0,0
0.6292838454246521,0,0
0.7248335480690002,0,0
0.4930329918861389,1,0
0.5971711874008179,0,0
0.4366493821144104,1,0
0.37387892603874207,1,0
0.8445348739624023,0,0
0.8683152198791504,0,0
0.7717406153678894,0,0
0.6598443388938904,0,0
0.8347984552383423,0,0
0.7647306323051453,0,0
0.7721745371818542,0,0
0.7902796268463135,0,0
0.6926447749137878,0,0
0.8015401363372803,0,0
0.8158364295959473,0,0
0.748492956161499,0,0
0.7705374360084534,0,0
0.8651487827301025,0,0
0.8957045674324036,0,0
0.8460758924484253,0,0
0.8522833585739136,0,0
0.66722172498703,0,0
0.8446609973907471,0,0
0.8299864530563354,0,0
0.6098788976669312,0,0
0.7814022302627563,0,0
0.7422906756401062,0,0
0.7697983980178833,0,0
0.7549334168434143,0,0
0.6600077152252197,0,0
0.9160679578781128,0,0
0.8336476683616638,0,0
0.5567358136177063,0,0
0.8856988549232483,0,0
0.81608647108078,0,0
0.6947344541549683,0,0
0.8253950476646423,0,0
0.8798108696937561,0,0
0.8457348346710205,0,0
0.8435767889022827,0,0
0.8011320233345032,0,0
0.6326740384101868,0,0
0.6537479758262634,0,0
0.8217841386795044,0,0
0.7568767070770264,0,0
0.8493776321411133,0,0
0.5017238259315491,0,0
0.6476794481277466,0,0
0.8929270505905151,0,0
0.8056526184082031,0,0
0.8015586137771606,0,0
0.7115020155906677,0,0
0.9393647909164429,0,0
0.7897127270698547,0,0
0.7867016196250916,0,0
0.742365837097168,0,0
0.8985374569892883,0,0
0.9454358816146851,0,0
0.8362322449684143,0,0
0.7043339610099792,0,0
0.721544623374939,0,0
0.8670806288719177,0,0
0.7294107675552368,0,0
0.7736453413963318,0,0
0.8501601815223694,0,0
0.7537769079208374,0,0
0.642619252204895,0,0
0.8900192975997925,0,0
0.6723902821540833,0,0
0.8889586329460144,0,0
0.4864964187145233,1,0
0.9348669648170471,0,0
0.6894736289978027,0,0
0.9125120043754578,0,0
0.8450121879577637,0,0
1.1785794496536255,0,0
0.5764310359954834,0,0
0.7320650815963745,0,0
0.8488562107086182,0,0
0.8384606838226318,0,0
0.8353279232978821,0,0
0.587761402130127,0,0
0.696631133556366,0,0
0.4908604025840759,1,0
0.7469432950019836,0,0
0.810045599937439,0,0
0.583299458026886,0,0
0.7661650776863098,0,0
0.8379486203193665,0,0
0.7628938555717468,0,0
0.7236899733543396,0,0
0.7274794578552246,0,0
0.7500488758087158,0,0
0.8076620697975159,0,0
0.8663551211357117,0,0
0.7900970578193665,0,0
0.7693846821784973,0,0
0.690679669380188,0,0
0.7528799772262573,0,0
0.7144501209259033,0,0
0.7449492812156677,0,0
0.6588850021362305,0,0
0.6183568835258484,0,0
0.7570428252220154,0,0
0.8212738633155823,0,0
0.8109846711158752,0,0
0.8786149621009827,0,0
0.7505964040756226,0,0
0.5942267775535583,0,0
0.7888555526733398,0,0
0.7011001110076904,0,0
0.49510541558265686,1,0
0.5295267105102539,0,0
0.673177182674408,0,0
0.9005401730537415,0,0
0.6659224629402161,0,0
0.823310375213623,0,0
0.7872992157936096,0,0
0.9790813326835632,0,0
0.7276196479797363,0,0
0.6910579204559326,0,0
0.7713488936424255,0,0
0.7995323538780212,0,0
0.8279834985733032,0,0
0.7642742395401001,0,0
0.7916179299354553,0,0
0.8549686074256897,0,0
0.7451803088188171,0,0
0.7788927555084229,0,0
0.7050423622131348,0,0
0.6934783458709717,0,0
0.7107416391372681,0,0
0.8711674213409424,0,0
0.9354451894760132,0,0
0.7380737066268921,0,0
0.7418807744979858,0,0
0.9007543325424194,0,0
0.7278681993484497,0,0
0.655832827091217,0,0
0.8183755278587341,0,0
0.7968826293945312,0,0
0.7863271832466125,0,0
0.8259606957435608,0,0
0.5980237722396851,0,0
0.856689453125,0,0
0.6747037172317505,0,0
0.7513502836227417,0,0
0.7930742502212524,0,0
0.8354856967926025,0,0
0.6576765775680542,0,0
0.9067522883415222,0,0
0.6609170436859131,0,0
0.7396237850189209,0,0
0.7894015312194824,0,0
0.9196263551712036,0,0
0.7895472645759583,0,0
0.7168816328048706,0,0
0.7195545434951782,0,0
0.6857978105545044,0,0
0.7207794189453125,0,0
0.8798230290412903,0,0
0.8289954662322998,0,0
0.796990156173706,0,0
0.6988591551780701,0,0
0.9352462887763977,0,0
0.8573446273803711,0,0
0.7053999304771423,0,0
0.8739960193634033,0,0
0.7418261766433716,0,0
0.8335879445075989,0,0
0.6080554127693176,0,0
0.8252620697021484,0,0
0.638576865196228,0,0
0.8116713762283325,0,0
0.8098137378692627,0,0
0.7310605049133301,0,0
0.876875638961792,0,0
0.7231038808822632,0,0
0.7409960031509399,0,0
0.9455074667930603,0,0
0.7656713724136353,0,0
0.8332724571228027,0,0
0.7771719694137573,0,0
0.7604881525039673,0,0
0.7939032316207886,0,0
0.7510947585105896,0,0
0.8860307931900024,0,0
0.6039235591888428,0,0
0.6706017851829529,0,0
0.698094367980957,0,0
0.6597780585289001,0,0
0.8447981476783752,0,0
0.8508156538009644,0,0
0.6813008189201355,0,0
0.728663980960846,0,0
0.7027669548988342,0,0
0.8639659881591797,0,0
0.8888770341873169,0,0
0.6656116843223572,0,0
0.7630872130393982,0,0
0.7776724100112915,0,0
0.7221935987472534,0,0
0.762283980846405,0,0
0.9460259675979614,0,0
0.726634681224823,0,0
0.6649253368377686,0,0
0.531894326210022,0,0
0.7375161051750183,0,0
0.8380776047706604,0,0
1.0036942958831787,0,0
0.7735152244567871,0,0
0.770891010761261,0,0
0.7518447637557983,0,0
0.6224849224090576,0,0
0.8342897891998291,0,0
0.7120991349220276,0,0
0.8461456298828125,0,0
0.5965282320976257,0,0
0.837296187877655,0,0
0.7850570678710938,0,0
0.6934469938278198,0,0
0.8417664766311646,0,0
0.9121363759040833,0,0
0.651506781578064,0,0
0.8189313411712646,0,0
0.7276692390441895,0,0
0.7460739016532898,0,0
0.633629560470581,0,0
0.6931372880935669,0,0
0.7282024025917053,0,0
0.8880393505096436,0,0
0.7458361983299255,0,0
0.8041569590568542,0,0
0.7045738697052002,0,0
0.9274345636367798,0,0
0.7835012674331665,0,0
0.8620233535766602,0,0
0.7314574122428894,0,0
0.8455415368080139,0,0
0.8771616220474243,0,0
0.785152792930603,0,0
0.6487971544265747,0,0
0.8599012494087219,0,0
0.7994673252105713,0,0
0.7627846002578735,0,0
0.7656997442245483,0,0
0.7674385905265808,0,0
0.8338955044746399,0,0
0.7472081184387207,0,0
0.7801429033279419,0,0
0.8401280641555786,0,0
0.690990149974823,0,0
0.7633669376373291,0,0
0.7163651585578918,0,0
0.7619814872741699,0,0
0.8449380993843079,0,0
0.7932754755020142,0,0
0.8117659091949463,0,0
0.6683561205863953,0,0
0.6580728888511658,0,0
0.8468356728553772,0,0
0.8490318655967712,0,0
0.7674403190612793,0,0
0.8081029653549194,0,0
0.7952887415885925,0,0
0.7112951278686523,0,0
0.837200939655304,0,0
0.7815523147583008,0,0
0.6621509790420532,0,0
0.8863444328308105,0,0
1.164577603340149,0,0
0.8070486783981323,0,0
0.8247113227844238,0,0
0.8553730249404907,0,0
1.092179298400879,0,0
0.5732129812240601,0,0
0.686517596244812,0,0
0.7664770483970642,0,0
0.765107274055481,0,0
0.4278831481933594,1,0
0.7175456881523132,0,0
0.8495008945465088,0,0
0.7980203032493591,0,0
0.7771600484848022,0,0
0.6786985993385315,0,0
0.8429033756256104,0,0
0.8217836618423462,0,0
0.8072458505630493,0,0
0.8669264912605286,0,0
0.7044538855552673,0,0
1.0542327165603638,0,0
0.8534446954727173,0,0
0.7562096118927002,0,0
0.7227565050125122,0,0
0.7804694175720215,0,0
0.6393658518791199,0,0
0.8718041181564331,0,0
0.7109897136688232,0,0
0.6221604943275452,0,0
0.7313696146011353,0,0
0.6922915577888489,0,0
0.7537449598312378,0,0
0.772895336151123,0,0
0.8631563782691956,0,0
0.81828773021698,0,0
0.7254769206047058,0,0
0.8983969688415527,0,0
0.6810107231140137,0,0
0.8249354362487793,0,0
0.8324177265167236,0,0
0.7407677173614502,0,0
0.8057610988616943,0,0
0.8517869710922241,0,0
0.7117784023284912,0,0
0.8767428398132324,0,0
0.667613685131073,0,0
0.7149459719657898,0,0
0.7081291675567627,0,0
0.8573058843612671,0,0
0.7118912935256958,0,0
0.6891809701919556,0,0
0.8798152208328247,0,0
0.8286256194114685,0,0
0.7802967429161072,0,0
0.8090286254882812,0,0
0.7190165519714355,0,0
0.6974006295204163,0,0
0.6844720840454102,0,0
0.8506913781166077,0,0
0.7798103094100952,0,0
0.8493165373802185,0,0
0.8855347037315369,0,0
0.8371138572692871,0,0
0.7556673288345337,0,0
0.7942312955856323,0,0
0.4282118082046509,1,0
0.7242931127548218,0,0
0.7407642602920532,0,0
0.7716150879859924,0,0
0.6801149249076843,0,0
0.7771112322807312,0,0
0.7441421151161194,0,0
0.7780680656433105,0,0
0.8422643542289734,0,0
1.0751283168792725,0,0
0.7704421281814575,0,0
0.6857165098190308,0,0
0.6989280581474304,0,0
0.7088209390640259,0,0
0.7775821089744568,0,0
0.7719073295593262,0,0
0.9531432390213013,0,0
0.7306194305419922,0,0
0.7455615401268005,0,0
0.7715399861335754,0,0
0.6980040073394775,0,0
0.828298032283783,0,0
0.5320834517478943,0,0
0.6252071857452393,0,0
0.9053431153297424,0,0
0.9526231288909912,0,0
0.693030834197998,0,0
0.9078530073165894,0,0
0.7527254223823547,0,0
0.948603093624115,0,0
0.7927942872047424,0,0
0.7290065884590149,0,0
0.7587502002716064,0,0
0.8181643486022949,0,0
0.8020554780960083,0,0
0.7717910408973694,0,0
0.8082126379013062,0,0
0.8108959197998047,0,0
0.49131661653518677,1,0
0.6492238640785217,0,0
0.664138674736023,0,0
0.7647227048873901,0,0
0.8825663328170776,0,0
0.8202027082443237,0,0
0.8614790439605713,0,0
0.7427188158035278,0,0
0.7483133673667908,0,0
0.8009045124053955,0,0
0.7695595026016235,0,0
0.7059701085090637,0,0
0.7654104232788086,0,0
0.8616617918014526,0,0
0.7979061007499695,0,0
0.8255223035812378,0,0
0.8956798315048218,0,0
0.6899585723876953,0,0
0.7378082871437073,0,0
0.7680621147155762,0,0
0.9157503843307495,0,0
0.6881155371665955,0,0
0.9177436828613281,0,0
0.6414414644241333,0,0
0.8129679560661316,0,0
0.764007568359375,0,0
0.6516505479812622,0,0
0.7110257148742676,0,0
0.8321740627288818,0,0
0.7354754209518433,0,0
0.7191375494003296,0,0
0.7421559691429138,0,0
0.7460893392562866,0,0
0.7656893730163574,0,0
0.8924587965011597,0,0
0.815886378288269,0,0
0.8044926524162292,0,0
0.7955694198608398,0,0
0.6664698719978333,0,0
0.64504075050354,0,0
0.9360986948013306,0,0
0.7446640729904175,0,0
0.6906799674034119,0,0
0.822560727596283,0,0
0.8122844099998474,0,0
0.9753472805023193,0,0
0.8289860486984253,0,0
0.6581055521965027,0,0
0.7134457230567932,0,0
0.8538042902946472,0,0
0.7078065872192383,0,0
0.7363348603248596,0,0
0.8649209141731262,0,0
0.7092578411102295,0,0
0.6130242347717285,0,0
0.7067720890045166,0,0
0.746825098991394,0,0
0.8184068202972412,0,0
0.8759149312973022,0,0
0.7337242960929871,0,0
0.7944825291633606,0,0
0.7866071462631226,0,0
0.9854440689086914,0,0
0.6627557277679443,0,0
0.8649277687072754,0,0
0.7259112596511841,0,0
0.9022413492202759,0,0
0.7527949213981628,0,0
0.7776742577552795,0,0
0.8054784536361694,0,0
0.7505245208740234,0,0
0.616432785987854,0,0
0.7490233182907104,0,0
0.7260832190513611,0,0
0.5873880386352539,0,0
0.6451977491378784,0,0
0.9021564722061157,0,0
0.7601180076599121,0,0
0.7798084616661072,0,0
0.8519529104232788,0,0
0.7317103147506714,0,0
0.5928651094436646,0,0
0.7648858428001404,0,0
0.8959621787071228,0,0
0.788719654083252,0,0
0.7439843416213989,0,0
0.7946429252624512,0,0
0.7231058478355408,0,0
0.7770512104034424,0,0
0.7739502191543579,0,0
0.6946969628334045,0,0
0.7728512287139893,0,0
0.7030795216560364,0,0
0.8160712122917175,0,0
0.8046275973320007,0,0
0.7216721773147583,0,0
0.7519371509552002,0,0
0.8396832346916199,0,0
0.7321019172668457,0,0
0.6938096880912781,0,0
0.8166043162345886,0,0
0.6715893745422363,0,0
0.8278874158859253,0,0
0.7959702014923096,0,0
0.5214574933052063,0,0
0.8008119463920593,0,0
0.7281264066696167,0,0
0.661736249923706,0,0
0.7376139760017395,0,0
0.6968584656715393,0,0
0.5866657495498657,0,0
0.8395828008651733,0,0
0.7239152193069458,0,0
0.8269831538200378,0,0
0.6873682737350464,0,0
0.8370478749275208,0,0
0.793221116065979,0,0
0.3568998873233795,1,0
0.7668384313583374,0,0
0.8670477867126465,0,0
0.7055700421333313,0,0
0.9361020922660828,0,0
0.7845214605331421,0,0
0.7801184058189392,0,0
0.6850875616073608,0,0
1.0025368928909302,0,0
0.8679239749908447,0,0
0.7445634603500366,0,0
0.697547435760498,0,0
0.7551892399787903,0,0
0.7347239851951599,0,0
1.0436677932739258,0,0
0.929940938949585,0,0
0.7731540203094482,0,0
0.6421514749526978,0,0
0.7541481256484985,0,0
0.6812916994094849,0,0
0.7457731366157532,0,0
0.7692188024520874,0,0
0.7349418997764587,0,0
0.7581886053085327,0,0
0.7362983226776123,0,0
0.8305777907371521,0,0
0.689903974533081,0,0
0.6924872398376465,0,0
0.8994971513748169,0,0
0.6738001704216003,0,0
0.7722963690757751,0,0
0.797738254070282,0,0
0.5823818445205688,0,0
0.7418569326400757,0,0
0.6580671668052673,0,0
0.8813596963882446,0,0
0.757375955581665,0,0
0.8380184173583984,0,0
0.7582517266273499,0,0
0.7253063321113586,0,0
0.7981206178665161,0,0
0.6869270205497742,0,0
0.8192499279975891,0,0
0.7353725433349609,0,0
0.8896700143814087,0,0
0.7989561557769775,0,0
0.899637758731842,0,0
0.7255584001541138,0,0
0.6409932374954224,0,0
0.9383401274681091,0,0
0.8320338726043701,0,0
0.8312537670135498,0,0
0.8589914441108704,0,0
0.8267698287963867,0,0
0.7158912420272827,0,0
0.7230943441390991,0,0
0.7697011232376099,0,0
0.8385798335075378,0,0
0.7545502185821533,0,0
0.7500479221343994,0,0
0.7323247194290161,0,0
0.8771384954452515,0,0
0.740311861038208,0,0
0.7499147653579712,0,0
0.7874131202697754,0,0
0.7335690855979919,0,0
0.6797976493835449,0,0
0.7551377415657043,0,0
0.8657243251800537,0,0
0.7956799864768982,0,0
0.712446928024292,0,0
0.5974830389022827,0,0
0.8304769396781921,0,0
0.7363510131835938,0,0
0.8524956703186035,0,0
0.712334930896759,0,0
0.8747662305831909,0,0
0.7868708968162537,0,0
0.6834074258804321,0,0
0.8524842262268066,0,0
0.8704059720039368,0,0
0.7867921590805054,0,0
0.7448897957801819,0,0
0.598364531993866,0,0
0.6925543546676636,0,0
0.7463322877883911,0,0
0.7549326419830322,0,0
0.7165430784225464,0,0
0.8428815603256226,0,0
0.7556290030479431,0,0
0.8963980674743652,0,0
0.7151490449905396,0,0
0.9277724027633667,0,0
0.771392285823822,0,0
0.8099114894866943,0,0
0.7098533511161804,0,0
0.673835813999176,0,0
0.7652179598808289,0,0
0.6785222291946411,0,0
0.675567090511322,0,0
0.6981208324432373,0,0
0.7217497229576111,0,0
0.6729815006256104,0,0
0.710852324962616,0,0
0.9446696639060974,0,0
0.9323446750640869,0,0
0.7690055966377258,0,0
0.8631983995437622,0,0
0.8128712177276611,0,0
0.7291899919509888,0,0
0.705395519733429,0,0
0.6359102725982666,0,0
0.8093446493148804,0,0
0.8838720321655273,0,0
0.8893284797668457,0,0
0.7032603025436401,0,0
0.5389684438705444,0,0
0.813499391078949,0,0
0.7885177135467529,0,0
0.9350859522819519,0,0
0.7582429051399231,0,0
0.6261703372001648,0,0
0.8809521198272705,0,0
0.8351424336433411,0,0
0.5058906674385071,0,0
0.7891743183135986,0,0
0.8796455264091492,0,0
0.8222640752792358,0,0
0.7969463467597961,0,0
0.8472274541854858,0,0
0.8146302700042725,0,0
0.661112904548645,0,0
0.935075044631958,0,0
0.7524910569190979,0,0
0.8900096416473389,0,0
0.7569940090179443,0,0
0.673851728439331,0,0
0.8876534700393677,0,0
0.9137102961540222,0,0
0.8333204388618469,0,0
0.775321364402771,0,0
0.7867743968963623,0,0
0.9245278835296631,0,0
0.8300575613975525,0,0
0.8060739636421204,0,0
0.730710506439209,0,0
0.8189480900764465,0,0
0.7229419350624084,0,0
0.5851210951805115,0,0
0.5914852619171143,0,0
0.8721650838851929,0,0
0.9185065627098083,0,0
0.6815704703330994,0,0
0.7861874103546143,0,0
0.9186594486236572,0,0
0.7376874089241028,0,0
0.7926488518714905,0,0
0.686701238155365,0,0
1.1183898448944092,0,0
0.8211566805839539,0,0
0.8031905889511108,0,0
0.7807547450065613,0,0
0.8769717216491699,0,0
0.8620911240577698,0,0
0.8394714593887329,0,0
1.3024791479110718,0,0
0.7758433818817139,0,0
0.8490176796913147,0,0
0.8831824660301208,0,0
0.706536054611206,0,0
0.6963699460029602,0,0
0.6367639303207397,0,0
0.9121067523956299,0,0
0.7928869724273682,0,0
0.7682865858078003,0,0
0.6804988384246826,0,0
0.680303692817688,0,0
0.7184456586837769,0,0
0.9407803416252136,0,0
0.6113528609275818,0,0
0.7801664471626282,0,0
0.783405065536499,0,0
0.7487200498580933,0,0
0.7050491571426392,0,0
0.7646714448928833,0,0
0.8905256986618042,0,0
0.8047291040420532,0,0
0.8093886375427246,0,0
0.7293837070465088,0,0
0.674502968788147,0,0
0.763499915599823,0,0
0.8911705017089844,0,0
0.8189435005187988,0,0
0.6681358814239502,0,0
0.8025734424591064,0,0
0.7676635384559631,0,0
0.7854741811752319,0,0
0.805427610874176,0,0
0.6308785080909729,0,0
0.9005431532859802,0,0
0.7247833609580994,0,0
0.7139674425125122,0,0
0.8309452533721924,0,0
0.7788275480270386,0,0
0.7481421232223511,0,0
0.7932731509208679,0,0
0.7464914321899414,0,0
0.863409161567688,0,0
0.6819102168083191,0,0
0.656485378742218,0,0
0.8061494827270508,0,0
0.7846770882606506,0,0
0.8800197839736938,0,0
0.45815563201904297,1,0
0.8924496173858643,0,0
0.6812319755554199,0,0
0.9110652208328247,0,0
0.7362728118896484,0,0
0.800711452960968,0,0
0.7252830266952515,0,0
0.7829084992408752,0,0
0.8419635891914368,0,0
0.8147010207176208,0,0
0.8299555778503418,0,0
0.7213116884231567,0,0
0.7233220338821411,0,0
0.7000651955604553,0,0
0.6181798577308655,0,0
0.7637062668800354,0,0
0.693109393119812,0,0
0.7955023646354675,0,0
0.7966749668121338,0,0
0.9351677298545837,0,0
0.8588199615478516,0,0
0.8437156081199646,0,0
0.7686468362808228,0,0
0.8795555830001831,0,0
0.5733520984649658,0,0
0.8767839074134827,0,0
0.7872624397277832,0,0
0.9121592044830322,0,0
0.7061272859573364,0,0
0.904880166053772,0,0
0.5057205557823181,0,0
0.8481248617172241,0,0
0.7625543475151062,0,0
0.7831319570541382,0,0
0.8118913173675537,0,0
0.8723366260528564,0,0
1.0141597986221313,0,0
0.845452606678009,0,0
0.7226823568344116,0,0
0.7393543720245361,0,0
0.7499798536300659,0,0
0.6657699346542358,0,0
0.8141639828681946,0,0
0.5791897177696228,0,0
0.8100272417068481,0,0
0.7631839513778687,0,0
0.6467455625534058,0,0
0.7296770811080933,0,0
0.7254314422607422,0,0
0.8090119957923889,0,0
0.7890681028366089,0,0
0.9044018387794495,0,0
0.7206742763519287,0,0
0.8279882073402405,0,0
0.8498775959014893,0,0
0.6044221520423889,0,0
0.7327552437782288,0,0
1.6122499704360962,0,0
0.5280901789665222,0,0
0.4912540316581726,1,0
0.8999403119087219,0,0
0.8591461181640625,0,0
0.6154801249504089,0,0
0.680584192276001,0,0
0.8215055465698242,0,0
0.8027985692024231,0,0
0.7877302765846252,0,0
0.8105823993682861,0,0
0.665939211845398,0,0
0.9880039095878601,0,0
0.7718654274940491,0,0
0.822803795337677,0,0
0.8496659398078918,0,0
0.7787906527519226,0,0
0.7892255783081055,0,0
0.8275147676467896,0,0
0.796154797077179,0,0
0.8692341446876526,0,0
0.8772647380828857,0,0
0.7834110260009766,0,0
0.6197929382324219,0,0
0.8408794403076172,0,0
0.7217540144920349,0,0
0.7438387870788574,0,0
0.6352297067642212,0,0
0.9696162939071655,0,0
0.6892826557159424,0,0
0.7762364149093628,0,0
0.6632312536239624,0,0
0.7953521609306335,0,0
0.768642783164978,0,0
0.6702641248703003,0,0
0.6996239423751831,0,0
0.7531933784484863,0,0
0.719404399394989,0,0
0.819863498210907,0,0
1.0232505798339844,0,0
0.7602064609527588,0,0
0.7675315141677856,0,0
0.7218301892280579,0,0
0.5250678658485413,0,0
0.7573546171188354,0,0
0.7266319990158081,0,0
0.7961971759796143,0,0
0.6569816470146179,0,0
0.7313165664672852,0,0
0.699323832988739,0,0
0.9940903186798096,0,0
0.7920666933059692,0,0
0.6833038330078125,0,0
0.7264108657836914,0,0
0.84016352891922,0,0
0.5618201494216919,0,0
0.9784845113754272,0,0
0.7877473831176758,0,0
0.8542033433914185,0,0
0.8240261077880859,0,0
0.7549279928207397,0,0
0.8258374333381653,0,0
0.6741203665733337,0,0
0.8401110768318176,0,0
0.7991099953651428,0,0
0.7672377228736877,0,0
0.7987797856330872,0,0
0.8277047872543335,0,0
0.8856801390647888,0,0
0.6648412942886353,0,0
0.9193016290664673,0,0
0.8671643733978271,0,0
0.6508349776268005,0,0
0.7044538855552673,0,0
0.749595046043396,0,0
0.7900547981262207,0,0
0.7571338415145874,0,0
0.8532888293266296,0,0
0.9137148857116699,0,0
0.7470163106918335,0,0
0.8576392531394958,0,0
0.6891148090362549,0,0
0.7429254651069641,0,0
0.8666507601737976,0,0
0.8785709142684937,0,0
0.7872253060340881,0,0
0.7930175065994263,0,0
0.8559311032295227,0,0
0.7307982444763184,0,0
0.7288089990615845,0,0
0.5540875196456909,0,0
0.8913431167602539,0,0
0.6937999725341797,0,0
0.7248625755310059,0,0
0.7739680409431458,0,0
0.8229390978813171,0,0
0.7581881284713745,0,0
0.7199994325637817,0,0
0.8187925219535828,0,0
0.8679162263870239,0,0
0.8592351078987122,0,0
0.7642136812210083,0,0
0.6788811087608337,0,0
0.7716273069381714,0,0
0.7056349515914917,0,0
0.6399405598640442,0,0
0.7055792808532715,0,0
0.9947723150253296,0,0
0.7168490290641785,0,0
0.866148829460144,0,0
0.7436496019363403,0,0
0.6676195859909058,0,0
0.5619353652000427,0,0
0.758018434047699,0,0
0.8577070832252502,0,0
0.9043086171150208,0,0
0.7057051658630371,0,0
0.8401370048522949,0,0
0.804619312286377,0,0
0.6315300464630127,0,0
0.8474343419075012,0,0
0.6625445485115051,0,0
0.7682785391807556,0,0
0.8015698790550232,0,0
0.6600329279899597,0,0
0.8984778523445129,0,0
0.916954517364502,0,0
0.6787439584732056,0,0
0.7326306700706482,0,0
0.785246729850769,0,0
0.7383283376693726,0,0
0.7981703877449036,0,0
0.8371192812919617,0,0
0.675436794757843,0,0
0.7914773225784302,0,0
0.7450471520423889,0,0
0.8584066033363342,0,0
0.8010212182998657,0,0
0.7950308918952942,0,0
0.7778409719467163,0,0
0.7086912393569946,0,0
0.7418911457061768,0,0
0.6609208583831787,0,0
0.7946991324424744,0,0
0.8335120677947998,0,0
0.6902874708175659,0,0
0.602941632270813,0,0
0.7047713398933411,0,0
0.8183897733688354,0,0
0.7572557926177979,0,0
0.8258225917816162,0,0
0.7884455323219299,0,0
0.8110371232032776,0,0
0.7728239297866821,0,0
0.8596840500831604,0,0
0.6975183486938477,0,0
0.8645959496498108,0,0
0.7248812317848206,0,0
0.7534449696540833,0,0
0.8238095045089722,0,0
0.7895853519439697,0,0
0.7457858324050903,0,0
0.8704473972320557,0,0
0.8253614902496338,0,0
0.612431526184082,0,0
0.6679779291152954,0,0
0.6767763495445251,0,0
0.7168483138084412,0,0
0.9137264490127563,0,0
0.7146925330162048,0,0
0.6932380199432373,0,0
0.8131487369537354,0,0
0.776099443435669,0,0
0.4875929653644562,1,0
0.6536937952041626,0,0
0.7751585841178894,0,0
1.0058047771453857,0,0
0.8099145889282227,0,0
0.6798771619796753,0,0
0.7464772462844849,0,0
0.7430121898651123,0,0
0.8110077381134033,0,0
0.7755104899406433,0,0
0.8577589988708496,0,0
0.8088541030883789,0,0
0.6229760646820068,0,0
0.7021869421005249,0,0
0.9139211177825928,0,0
0.728981614112854,0,0
0.7185853719711304,0,0
0.6656943559646606,0,0
0.7272893190383911,0,0
0.7156225442886353,0,0
0.8248898983001709,0,0
0.7336263656616211,0,0
0.7065054774284363,0,0
0.7725398540496826,0,0
0.8105306625366211,0,0
0.7971612215042114,0,0
0.8806087970733643,0,0
0.7082716822624207,0,0
0.8855546712875366,0,0
0.7343043088912964,0,0
0.8970585465431213,0,0
0.7049956917762756,0,0
0.8479646444320679,0,0
0.690209686756134,0,0
0.6963330507278442,0,0
0.840487003326416,0,0
0.8068605065345764,0,0
0.8721945285797119,0,0
0.8094264268875122,0,0
0.8408664464950562,0,0
0.7404976487159729,0,0
0.7945311069488525,0,0
0.6737815141677856,0,0
0.8288987874984741,0,0
0.7970507740974426,0,0
0.7475163340568542,0,0
0.7220207452774048,0,0
0.7122179269790649,0,0
0.7539978623390198,0,0
0.7990989685058594,0,0
0.7135699987411499,0,0
0.8046159148216248,0,0
0.7315755486488342,0,0
0.8746989369392395,0,0
0.900731086730957,0,0
0.747952401638031,0,0
0.7723153233528137,0,0
1.0290210247039795,0,0
0.6726853251457214,0,0
0.6846960186958313,0,0
0.8464398980140686,0,0
0.7372369170188904,0,0
0.9065131545066833,0,0
0.6612436771392822,0,0
0.8080199360847473,0,0
0.8286482691764832,0,0
0.7795042991638184,0,0
0.84065842628479,0,0
0.7754976749420166,0,0
0.7560390830039978,0,0
0.8585100769996643,0,0
0.6837117671966553,0,0
0.7887699007987976,0,0
0.8602297902107239,0,0
0.8678611516952515,0,0
0.8116884827613831,0,0
0.7779980301856995,0,0
0.6823107004165649,0,0
0.797573983669281,0,0
0.8780444264411926,0,0
0.7110686898231506,0,0
0.7773747444152832,0,0
0.7120825052261353,0,0
0.7937178611755371,0,0
0.8791408538818359,0,0
0.8118158578872681,0,0
0.968099057674408,0,0
0.7405705451965332,0,0
0.5832436680793762,0,0
0.7033624649047852,0,0
0.7386964559555054,0,0
0.7517343759536743,0,0
0.8378151655197144,0,0
0.6848574280738831,0,0
0.7380006909370422,0,0
0.5610103011131287,0,0
0.8352019786834717,0,0
0.766904890537262,0,0
0.7840719819068909,0,0
0.7802590131759644,0,0
0.6492834687232971,0,0
0.6035560965538025,0,0
0.6021650433540344,0,0
0.7137705087661743,0,0
0.6562778353691101,0,0
0.6743901968002319,0,0
0.7338853478431702,0,0
0.7090811729431152,0,0
0.7527053952217102,0,0
0.8085684180259705,0,0
1.4832608699798584,0,0
0.7861106395721436,0,0
0.7910658717155457,0,0
0.8333654403686523,0,0
0.8500117063522339,0,0
0.7011237740516663,0,0
0.6110992431640625,0,0
0.7197380065917969,0,0
0.8723421096801758,0,0
0.7354514598846436,0,0
0.8079288601875305,0,0
0.8275942802429199,0,0
0.84787517786026,0,0
0.769310474395752,0,0
0.9103212952613831,0,0
0.8442291021347046,0,0
0.9388911724090576,0,0
0.9355745315551758,0,0
0.7002658843994141,0,0
0.8118846416473389,0,0
0.6339009404182434,0,0
0.7739178538322449,0,0
0.8031127452850342,0,0
0.7723707556724548,0,0
0.841500461101532,0,0
0.8308320045471191,0,0
0.69819176197052,0,0
0.7838340997695923,0,0
0.7962144613265991,0,0
0.926175594329834,0,0
0.7046068906784058,0,0
0.5606175661087036,0,0
1.3341375589370728,0,0
0.9086402654647827,0,0
0.7146831750869751,0,0
0.7839683890342712,0,0
0.6152905225753784,0,0
0.8441933989524841,0,0
0.8541821837425232,0,0
0.895098090171814,0,0
0.6991698741912842,0,0
0.7945002317428589,0,0
0.7676176428794861,0,0
0.9531542658805847,0,0
0.7093994617462158,0,0
0.7328651547431946,0,0
0.8549883365631104,0,0
0.44254031777381897,1,0
0.7857235670089722,0,0
0.6037721633911133,0,0
0.8117837905883789,0,0
0.8380287885665894,0,0
0.6828199028968811,0,0
0.6941536068916321,0,0
0.8936247825622559,0,0
0.6519123911857605,0,0
1.3915356397628784,0,0
0.6584028601646423,0,0
0.8445916771888733,0,0
0.8004053235054016,0,0
0.74606853723526,0,0
0.6543081998825073,0,0
0.8736860752105713,0,0
0.737919807434082,0,0
0.794018566608429,0,0
0.8345568776130676,0,0
0.7162166237831116,0,0
0.850931704044342,0,0
0.7574375867843628,0,0
0.7100406885147095,0,0
0.7409926056861877,0,0
0.8753971457481384,0,0
0.7594920992851257,0,0
0.6871973872184753,0,0
0.7316687703132629,0,0
0.6847187876701355,0,0
0.7709426879882812,0,0
0.933447003364563,0,0
0.9108299612998962,0,0
0.7429609298706055,0,0
0.7709008455276489,0,0
0.6413301825523376,0,0
0.8108701705932617,0,0
0.792534589767456,0,0
0.806652843952179,0,0
0.943888783454895,0,0
0.7281794548034668,0,0
0.8014663457870483,0,0
0.3673061430454254,1,0
0.9249774217605591,0,0
0.6603959202766418,0,0
0.7649916410446167,0,0
0.8434034585952759,0,0
0.7371233701705933,0,0
0.6693475246429443,0,0
0.681183397769928,0,0
0.7178360223770142,0,0
0.7319272756576538,0,0
0.7674734592437744,0,0
0.6823427677154541,0,0
0.7720826864242554,0,0
0.7619117498397827,0,0
0.7996006011962891,0,0
0.8174909949302673,0,0
0.7317630052566528,0,0
0.6503551006317139,0,0
0.8479466438293457,0,0
0.7716918587684631,0,0
0.7022735476493835,0,0
0.7521432638168335,0,0
0.651683509349823,0,0
0.6885346174240112,0,0
0.7830184698104858,0,0
0.8976542949676514,0,0
0.6782720685005188,0,0
0.7016157507896423,0,0
0.7478095293045044,0,0
0.6500887274742126,0,0
0.7298418879508972,0,0
0.7846589088439941,0,0
0.7592480778694153,0,0
0.6337848901748657,0,0
0.7974746227264404,0,0
0.7533378601074219,0,0
0.7611578702926636,0,0
0.7596815824508667,0,0
0.7164528965950012,0,0
0.8689446449279785,0,0
0.753497838973999,0,0
0.6315975785255432,0,0
0.8698203563690186,0,0
0.7223313450813293,0,0
0.8466468453407288,0,0
0.824710488319397,0,0
0.7266750335693359,0,0
0.7213850021362305,0,0
0.8705654740333557,0,0
0.6616870760917664,0,0
0.7913205623626709,0,0
0.7769690155982971,0,0
0.9353966116905212,0,0
0.6944013833999634,0,0
0.7560523748397827,0,0
0.4969234764575958,1,0
0.7111250758171082,0,0
0.8809452652931213,0,0
0.5645146369934082,0,0
0.6618441343307495,0,0
0.8240166306495667,0,0
0.8219169974327087,0,0
0.8145237565040588,0,0
0.8454229235649109,0,0
0.6456640958786011,0,0
0.657329261302948,0,0
0.8249625563621521,0,0
0.6560615301132202,0,0
1.4596961736679077,0,0
0.5753933787345886,0,0
0.6793779730796814,0,0
0.7713503837585449,0,0
0.8047606945037842,0,0
0.7763760685920715,0,0
0.7405901551246643,0,0
0.7289798259735107,0,0
0.8909896612167358,0,0
0.7904592156410217,0,0
0.7583538293838501,0,0
0.6822847127914429,0,0
0.9442076683044434,0,0
0.722864031791687,0,0
0.642507791519165,0,0
0.7009486556053162,0,0
0.6632785797119141,0,0
0.6583893299102783,0,0
0.8896830081939697,0,0
0.7322038412094116,0,0
0.836894690990448,0,0
0.8640947937965393,0,0
0.8174760341644287,0,0
0.8198029398918152,0,0
0.731998085975647,0,0
0.5670739412307739,0,0
0.7391775250434875,0,0
0.618741512298584,0,0
0.6453633904457092,0,0
0.8296112418174744,0,0
0.7679597735404968,0,0
0.5858546495437622,0,0
0.7778382897377014,0,0
0.8674575686454773,0,0
0.8481023907661438,0,0
0.7490013241767883,0,0
0.7194337844848633,0,0
0.859748125076294,0,0
1.405299425125122,0,0
0.7208504676818848,0,0
0.7065050005912781,0,0
0.7939777970314026,0,0
0.7185248136520386,0,0
0.9170024394989014,0,0
0.8976234793663025,0,0
0.9157431125640869,0,0
0.8667187094688416,0,0
0.811435878276825,0,0
0.605201780796051,0,0
0.693445086479187,0,0
0.8887536525726318,0,0
0.7483446598052979,0,0
0.6911605596542358,0,0
0.5909403562545776,0,0
0.6910147070884705,0,0
0.8196964859962463,0,0
0.5867710709571838,0,0
0.720449686050415,0,0
0.6173589825630188,0,0
0.6432067155838013,0,0
0.6933882236480713,0,0
0.8058128952980042,0,0
0.8226790428161621,0,0
0.705846905708313,0,0
0.5317331552505493,0,0
0.6821007132530212,0,0
0.8528825640678406,0,0
0.7717312574386597,0,0
0.8803543448448181,0,0
0.7873966693878174,0,0
0.8894279599189758,0,0
0.6948606371879578,0,0
0.7631592750549316,0,0
0.7150322198867798,0,0
0.5344505310058594,0,0
0.766649067401886,0,0
0.9409310817718506,0,0
0.6659669876098633,0,0
0.7531476020812988,0,0
0.8860371112823486,0,0
0.7508267760276794,0,0
0.6584073305130005,0,0
0.7151498794555664,0,0
0.8422408103942871,0,0
0.6906076073646545,0,0
0.7115219831466675,0,0
0.8387654423713684,0,0
0.7826680541038513,0,0
0.8592334985733032,0,0
0.7215288281440735,0,0
0.8265007734298706,0,0
0.6990135908126831,0,0
0.8245617747306824,0,0
0.6643524765968323,0,0
0.6588994264602661,0,0
0.820082426071167,0,0
0.6556834578514099,0,0
0.8697531819343567,0,0
0.8885819911956787,0,0
0.9535185098648071,0,0
0.7187255024909973,0,0
0.7452576160430908,0,0
0.8088667392730713,0,0
0.6393110752105713,0,0
0.6688021421432495,0,0
0.7474274039268494,0,0
0.7905974388122559,0,0
0.6934163570404053,0,0
0.7185720205307007,0,0
0.5603326559066772,0,0
0.7807525396347046,0,0
0.7962839603424072,0,0
0.625277578830719,0,0
0.8711827993392944,0,0
0.8130866289138794,0,0
0.6706355810165405,0,0
0.7039113640785217,0,0
0.6668784618377686,0,0
0.7068256139755249,0,0
0.8111673593521118,0,0
0.7927099466323853,0,0
0.6449015736579895,0,0
0.57627272605896,0,0
0.8317860960960388,0,0
0.9083853960037231,0,0
0.8167791962623596,0,0
0.7890529632568359,0,0
0.5570049285888672,0,0
0.4670344591140747,1,0
0.7974452972412109,0,0
0.8470381498336792,0,0
0.636208713054657,0,0
0.8665262460708618,0,0
0.8505393266677856,0,0
0.7783126831054688,0,0
0.7160917520523071,0,0
0.8041555881500244,0,0
0.8436450958251953,0,0
0.799034595489502,0,0
0.8854255676269531,0,0
0.7804301381111145,0,0
0.8969737887382507,0,0
0.8561617136001587,0,0
0.7134825587272644,0,0
0.7178298830986023,0,0
0.8858158588409424,0,0
0.6359900236129761,0,0
0.8447710871696472,0,0
0.7604315280914307,0,0
0.6329028606414795,0,0
0.8422417640686035,0,0
0.6520561575889587,0,0
0.7620148062705994,0,0
0.702324628829956,0,0
0.7016044855117798,0,0
0.7160376310348511,0,0
0.6748493909835815,0,0
0.7732464075088501,0,0
0.6457043290138245,0,0
0.8944429755210876,0,0
0.6440287828445435,0,0
0.6488394141197205,0,0
0.7949190139770508,0,0
0.688877284526825,0,0
0.8402934670448303,0,0
0.8603180646896362,0,0
0.804513156414032,0,0
0.718158483505249,0,0
0.6964982151985168,0,0
0.7537932991981506,0,0
0.7966393828392029,0,0
0.7651792168617249,0,0
0.8339139223098755,0,0
0.9301955103874207,0,0
0.5530892610549927,0,0
0.7669436931610107,0,0
0.7813155651092529,0,0
0.8008548617362976,0,0
0.7265132665634155,0,0
0.7326209545135498,0,0
0.6208812594413757,0,0
0.7590232491493225,0,0
0.7814189791679382,0,0
0.7994115352630615,0,0
0.7992759943008423,0,0
0.7598658800125122,0,0
0.8199115991592407,0,0
0.7845838665962219,0,0
0.6875211000442505,0,0
0.7827290296554565,0,0
0.7234498262405396,0,0
0.8116183876991272,0,0
0.6433019638061523,0,0
0.7349424362182617,0,0
0.7079970836639404,0,0
0.8051100969314575,0,0
0.7436302900314331,0,0
0.8241431713104248,0,0
0.82603520154953,0,0
0.7313754558563232,0,0
0.5658365488052368,0,0
0.8662914633750916,0,0
0.8846077919006348,0,0
0.842978835105896,0,0
0.7442812919616699,0,0
0.7637212872505188,0,0
0.7075837254524231,0,0
0.7451355457305908,0,0
0.6883886456489563,0,0
0.7819838523864746,0,0
0.754281759262085,0,0
0.7611624598503113,0,0
0.9073493480682373,0,0
0.8089016079902649,0,0
0.7052232027053833,0,0
0.7278257608413696,0,0
0.6826346516609192,0,0
0.8567850589752197,0,0
0.8442867398262024,0,0
0.7541549801826477,0,0
0.734926700592041,0,0
0.7502433061599731,0,0
0.6325597167015076,0,0
0.8697106838226318,0,0
0.8442193865776062,0,0
0.7286031246185303,0,0
0.804860532283783,0,0
0.8084450960159302,0,0
0.9202224016189575,0,0
0.8272058963775635,0,0
0.8934968709945679,0,0
0.8473312854766846,0,0
0.6924419403076172,0,0
0.7398881316184998,0,0
0.7612548470497131,0,0
0.76280677318573,0,0
0.6868717074394226,0,0
0.6971184015274048,0,0
0.8095424175262451,0,0
0.6809819340705872,0,0
0.63849276304245,0,0
0.5603193044662476,0,0
0.7519406080245972,0,0
0.7209243178367615,0,0
0.748318076133728,0,0
0.7890189290046692,0,0
0.9306749701499939,0,0
0.6455127000808716,0,0
0.9274505376815796,0,0
1.036659598350525,0,0
0.785149872303009,0,0
0.621757984161377,0,0
0.9091047048568726,0,0
0.652471661567688,0,0
0.8058209419250488,0,0
0.7224364280700684,0,0
0.9036622047424316,0,0
0.8879421949386597,0,0
0.9944466948509216,0,0
0.8039264678955078,0,0
0.9120693206787109,0,0
0.7188355922698975,0,0
0.820371150970459,0,0
0.5407474637031555,0,0
0.6765575408935547,0,0
0.8793755769729614,0,0
0.7317569851875305,0,0
0.883181631565094,0,0
0.7918702960014343,0,0
0.9722423553466797,0,0
0.8427190780639648,0,0
0.7175707817077637,0,0
0.7310090065002441,0,0
0.5579239130020142,0,0
0.7514235973358154,0,0
0.7809504270553589,0,0
0.710368275642395,0,0
0.7226358652114868,0,0
0.7461883425712585,0,0
0.8202769756317139,0,0
0.7856644988059998,0,0
0.8222850561141968,0,0
0.6637321710586548,0,0
0.6675708293914795,0,0
0.7529683113098145,0,0
0.7693338394165039,0,0
0.8184848427772522,0,0
0.7451512217521667,0,0
0.7225363850593567,0,0
0.875615119934082,0,0
0.7618934512138367,0,0
0.809935450553894,0,0
0.8304147124290466,0,0
0.9319952130317688,0,0
0.8392890691757202,0,0
0.6938239336013794,0,0
0.8567251563072205,0,0
0.7268714904785156,0,0
0.8278398513793945,0,0
0.6833835244178772,0,0
0.9278322458267212,0,0
0.9368194937705994,0,0
0.8326705694198608,0,0
0.8072106838226318,0,0
0.7642091512680054,0,0
0.7458793520927429,0,0
0.7297592759132385,0,0
0.7706435918807983,0,0
0.8048121929168701,0,0
0.7370283603668213,0,0
0.7369061708450317,0,0
0.6619588136672974,0,0
0.7580485343933105,0,0
0.7430096864700317,0,0
0.6322452425956726,0,0
0.8379775881767273,0,0
0.8136687278747559,0,0
0.6240211725234985,0,0
0.6278513073921204,0,0
0.7818818688392639,0,0
0.7149417400360107,0,0
0.7986096739768982,0,0
0.8757102489471436,0,0
0.7217725515365601,0,0
0.8546158075332642,0,0
0.688633143901825,0,0
0.7463817596435547,0,0
0.6950352191925049,0,0
0.7196428775787354,0,0
0.7883570194244385,0,0
0.9069532752037048,0,0
0.8402325510978699,0,0
0.7621783018112183,0,0
0.735639214515686,0,0
0.9484480619430542,0,0
0.782440721988678,0,0
0.5943664908409119,0,0
0.9124845266342163,0,0
0.7389940023422241,0,0
0.8044228553771973,0,0
1.0016528367996216,0,0
0.7400532960891724,0,0
0.8873841166496277,0,0
0.7708233594894409,0,0
0.7331669330596924,0,0
0.8813012838363647,0,0
2.038316249847412,0,0
1.0105955600738525,0,0
0.763347327709198,0,0
0.6273032426834106,0,0
0.818001389503479,0,0
0.851130485534668,0,0
0.748667299747467,0,0
0.5585415363311768,0,0
0.6134226322174072,0,0
0.7814781665802002,0,0
1.088484287261963,0,0
0.7417341470718384,0,0
0.6455771327018738,0,0
0.7573233842849731,0,0
0.8453454375267029,0,0
0.7397654056549072,0,0
0.6456883549690247,0,0
0.8301694393157959,0,0
0.8254911303520203,0,0
0.7168508768081665,0,0
0.7601805329322815,0,0
0.6922216415405273,0,0
0.7852758169174194,0,0
0.7187671661376953,0,0
0.7659987211227417,0,0
0.7476725578308105,0,0
0.7309739589691162,0,0
0.7008968591690063,0,0
0.7896979451179504,0,0
0.685093104839325,0,0
0.7818479537963867,0,0
0.8285691738128662,0,0
0.7586796283721924,0,0
0.7337155938148499,0,0
0.7506009936332703,0,0
0.7787609100341797,0,0
0.7043961882591248,0,0
0.7501758337020874,0,0
0.8023656010627747,0,0
0.7854876518249512,0,0
0.8293909430503845,0,0
0.698910653591156,0,0
0.7973117232322693,0,0
0.6914315223693848,0,0
0.7800417542457581,0,0
0.6976608037948608,0,0
0.7864750027656555,0,0
1.0931655168533325,0,0
0.7282787561416626,0,0
0.7047858834266663,0,0
0.7461406588554382,0,0
0.6742104291915894,0,0
0.7913954854011536,0,0
0.7534388303756714,0,0
0.69915771484375,0,0
0.731555700302124,0,0
0.7651494145393372,0,0
0.6144813299179077,0,0
0.750851571559906,0,0
0.6708382964134216,0,0
0.7958104610443115,0,0
0.7288707494735718,0,0
0.9657713770866394,0,0
0.8683385848999023,0,0
0.7443391680717468,0,0
0.7345321178436279,0,0
0.7648954391479492,0,0
0.8588012456893921,0,0
0.8353409767150879,0,0
0.6006335020065308,0,0
0.7819176316261292,0,0
0.8843716382980347,0,0
0.8254048824310303,0,0
0.8648645877838135,0,0
0.7401788234710693,0,0
0.9688449501991272,0,0
0.762816846370697,0,0
0.7194470167160034,0,0
0.7036129236221313,0,0
0.6923683881759644,0,0
0.8445080518722534,0,0
0.6926990151405334,0,0
0.8714526891708374,0,0
0.5804488658905029,0,0
0.5783135294914246,0,0
0.9827260971069336,0,0
0.8126365542411804,0,0
0.8269951343536377,0,0
0.8185957670211792,0,0
0.7820277810096741,0,0
0.7504751682281494,0,0
0.8855969905853271,0,0
0.7856578826904297,0,0
0.8645408749580383,0,0
0.8552999496459961,0,0
0.6830388903617859,0,0
0.8268052935600281,0,0
0.724017858505249,0,0
0.7279826998710632,0,0
0.8358391523361206,0,0
0.7058598399162292,0,0
0.8735506534576416,0,0
0.7462276220321655,0,0
0.7226853370666504,0,0
0.8053029775619507,0,0
0.7052308917045593,0,0
0.7395573258399963,0,0
0.7846558094024658,0,0
0.8027901649475098,0,0
1.0435755252838135,0,0
0.8585864305496216,0,0
0.7674201726913452,0,0
0.8402851819992065,0,0
0.887185275554657,0,0
0.8278278112411499,0,0
0.8447799682617188,0,0
0.7266228795051575,0,0
0.7546084523200989,0,0
0.7953796982765198,0,0
0.8443899154663086,0,0
0.8365788459777832,0,0
0.6213430166244507,0,0
0.8978031873703003,0,0
0.713966429233551,0,0
0.8231245875358582,0,0
0.674420952796936,0,0
0.6995761394500732,0,0
0.8208491206169128,0,0
0.8453731536865234,0,0
0.9147469997406006,0,0
0.7971675992012024,0,0
0.8456104397773743,0,0
0.7151915431022644,0,0
0.8421862721443176,0,0
0.6067630052566528,0,0
0.6601418852806091,0,0
0.8892567157745361,0,0
0.7529232501983643,0,0
0.7823539972305298,0,0
0.7678613066673279,0,0
0.7717301845550537,0,0
0.7598305940628052,0,0
0.7710301280021667,0,0
0.6798703670501709,0,0
0.8556567430496216,0,0
0.827941358089447,0,0
0.7210681438446045,0,0
0.8186954259872437,0,0
0.7753790616989136,0,0
0.5320801138877869,0,0
0.7874427437782288,0,0
0.6935871243476868,0,0
0.9908502697944641,0,0
0.9073066711425781,0,0
0.7356603145599365,0,0
0.8429154753684998,0,0
0.7270029783248901,0,0
0.6893131732940674,0,0
0.8267605900764465,0,0
0.8006284832954407,0,0
0.8682100176811218,0,0
0.7168396711349487,0,0
0.796907901763916,0,0
0.7907506227493286,0,0
0.8570257425308228,0,0
0.7926049828529358,0,0
0.8095388412475586,0,0
0.7385284900665283,0,0
0.8544611930847168,0,0
0.7369288206100464,0,0
0.7925186157226562,0,0
0.7305338978767395,0,0
0.5308999419212341,0,0
0.8327094316482544,0,0
1.2983272075653076,0,0
0.722784161567688,0,0
0.7360431551933289,0,0
0.7884863615036011,0,0
0.7834489345550537,0,0
0.7771580219268799,0,0
0.7585923671722412,0,0
0.7676583528518677,0,0
0.8348045349121094,0,0
0.7026941776275635,0,0
0.7877377271652222,0,0
0.7610524892807007,0,0
0.8365935683250427,0,0
0.5644326210021973,0,0
0.723738431930542,0,0
0.8799994587898254,0,0
0.7792566418647766,0,0
0.8689004778862,0,0
0.8238950371742249,0,0
0.7409608364105225,0,0
0.7985137104988098,0,0
0.7726741433143616,0,0
0.9062069654464722,0,0
1.8476173877716064,0,0
0.6242934465408325,0,0
0.7402563095092773,0,0
0.7897088527679443,0,0
0.7365638017654419,0,0
0.7634010910987854,0,0
0.9246382713317871,0,0
0.7481786012649536,0,0
0.7401534914970398,0,0
0.9153725504875183,0,0
0.7752388119697571,0,0
0.7794597148895264,0,0
0.8826113343238831,0,0
0.9193525314331055,0,0
0.873866081237793,0,0
0.8419666290283203,0,0
0.7280193567276001,0,0
0.6619324684143066,0,0
0.7109084725379944,0,0
0.7771686911582947,0,0
0.650870680809021,0,0
0.7384887337684631,0,0
0.8008807897567749,0,0
0.8432693481445312,0,0
0.6979769468307495,0,0
0.6400518417358398,0,0
0.8294951319694519,0,0
0.8341692090034485,0,0
0.8929847478866577,0,0
0.7153645753860474,0,0
0.7167158126831055,0,0
0.908565104007721,0,0
0.8257562518119812,0,0
0.7602978348731995,0,0
0.8480989933013916,0,0
0.8085900545120239,0,0
0.74668949842453,0,0
0.7526587247848511,0,0
0.8086274266242981,0,0
0.7514649033546448,0,0
0.8277992606163025,0,0
0.6997227668762207,0,0
0.8047323226928711,0,0
0.875424325466156,0,0
0.8352271914482117,0,0
0.9922410845756531,0,0
0.741756021976471,0,0
0.7426534295082092,0,0
0.8938460350036621,0,0
1.0633108615875244,0,0
0.6945505738258362,0,0
0.7839388847351074,0,0
0.9171121716499329,0,0
0.8011219501495361,0,0
0.8123525381088257,0,0
0.7339281439781189,0,0
0.8185670375823975,0,0
0.7271568775177002,0,0
0.7512508630752563,0,0
0.7894075512886047,0,0
0.7413821220397949,0,0
0.8161218762397766,0,0
0.7828016877174377,0,0
0.7489436268806458,0,0
0.9095805883407593,0,0
0.70909184217453,0,0
0.6878975033760071,0,0
0.664749026298523,0,0
0.6868851780891418,0,0
0.7350028157234192,0,0
0.7709118723869324,0,0
0.7369515895843506,0,0
0.7003186941146851,0,0
0.7622861266136169,0,0
0.8225495219230652,0,0
0.8195277452468872,0,0
0.7942681908607483,0,0
0.8624492883682251,0,0
0.7734485268592834,0,0
0.8066921234130859,0,0
0.7373952865600586,0,0
0.7279760241508484,0,0
0.8204376101493835,0,0
0.7127344012260437,0,0
0.8529520630836487,0,0
0.7631499767303467,0,0
0.8806649446487427,0,0
1.7882299423217773,0,0
0.6832387447357178,0,0
0.8039036393165588,0,0
0.8406075239181519,0,0
0.7633908987045288,0,0
0.5639456510543823,0,0
0.8745906352996826,0,0
0.7249922156333923,0,0
0.7257583141326904,0,0
0.6419240236282349,0,0
0.7707509994506836,0,0
0.5645731091499329,0,0
0.6608423590660095,0,0
0.8091706037521362,0,0
0.7812409400939941,0,0
0.6149640083312988,0,0
0.8136397004127502,0,0
0.7925832271575928,0,0
0.6782628297805786,0,0
0.5972627401351929,0,0
0.8373153805732727,0,0
0.713710367679596,0,0
0.7689934372901917,0,0
0.6699506640434265,0,0
0.7489475607872009,0,0
0.8366624712944031,0,0
0.7126851677894592,0,0
0.8539618253707886,0,0
0.784599781036377,0,0
0.8144731521606445,0,0
0.7809383869171143,0,0
0.7202192544937134,0,0
0.7228808403015137,0,0
0.8120640516281128,0,0
0.6651726365089417,0,0
0.8984735012054443,0,0
0.5296704173088074,0,0
0.8623108267784119,0,0
0.8859536051750183,0,0
0.7887219190597534,0,0
0.7554003000259399,0,0
0.8821831941604614,0,0
0.6507852077484131,0,0
0.8900335431098938,0,0
0.7391361594200134,0,0
0.541389524936676,0,0
0.881137490272522,0,0
0.7476820945739746,0,0
0.6977695226669312,0,0
0.7093942165374756,0,0
0.7549934387207031,0,0
0.786048412322998,0,0
0.8610215187072754,0,0
0.8397892117500305,0,0
0.8289597630500793,0,0
0.7240434288978577,0,0
0.6186356544494629,0,0
0.8160796761512756,0,0
0.7489256262779236,0,0
0.8188517093658447,0,0
0.679068922996521,0,0
0.7657323479652405,0,0
0.6725903153419495,0,0
0.8047832250595093,0,0
0.7299408316612244,0,0
0.7887542247772217,0,0
0.8775606155395508,0,0
0.8493225574493408,0,0
0.9018363952636719,0,0
0.8334310054779053,0,0
0.8095592260360718,0,0
0.6839358806610107,0,0
0.716158926486969,0,0
0.7587358951568604,0,0
0.7457941770553589,0,0
0.7167874574661255,0,0
0.9047706127166748,0,0
0.7677927613258362,0,0
0.5387490391731262,0,0
0.7365121841430664,0,0
0.9598272442817688,0,0
0.6985756158828735,0,0
0.6124499440193176,0,0
0.8855457305908203,0,0
0.7569729685783386,0,0
0.7907516956329346,0,0
0.8815010786056519,0,0
0.9737838506698608,0,0
0.8676744103431702,0,0
0.7644888162612915,0,0
0.9366905093193054,0,0
0.7836099863052368,0,0
0.6766774654388428,0,0
0.7153688073158264,0,0
0.7135624885559082,0,0
0.7182223200798035,0,0
0.6901582479476929,0,0
1.1881271600723267,0,0
0.8614010214805603,0,0
0.7072374224662781,0,0
0.886465311050415,0,0
0.889660656452179,0,0
0.8658583760261536,0,0
0.7683624029159546,0,0
0.7919934391975403,0,0
0.745931088924408,0,0
0.747403085231781,0,0
0.7857195138931274,0,0
1.073778748512268,0,0
0.6958497762680054,0,0
0.9132042527198792,0,0
0.861312747001648,0,0
0.7150000333786011,0,0
0.7072605490684509,0,0
0.7563080787658691,0,0
0.5635443925857544,0,0
0.6908308267593384,0,0
0.6924037337303162,0,0
0.807465136051178,0,0
0.7247477173805237,0,0
0.7499727010726929,0,0
0.888740062713623,0,0
0.936246395111084,0,0
0.7361925840377808,0,0
0.8369948267936707,0,0
0.8491766452789307,0,0
0.7771214246749878,0,0
0.8841120600700378,0,0
0.7431253790855408,0,0
0.8159160614013672,0,0
0.620759129524231,0,0
0.7763420343399048,0,0
0.7213708162307739,0,0
0.8335877656936646,0,0
0.7919498085975647,0,0
0.7857316732406616,0,0
0.7371315360069275,0,0
0.8397870659828186,0,0
0.802915632724762,0,0
0.8651993870735168,0,0
0.8299519419670105,0,0
0.7527497410774231,0,0
0.7060967683792114,0,0
0.6647578477859497,0,0
0.8684852719306946,0,0
0.8569578528404236,0,0
1.0717172622680664,0,0
0.6781267523765564,0,0
0.782386064529419,0,0
0.7782623171806335,0,0
0.7065531015396118,0,0
0.7590668797492981,0,0
1.3356605768203735,0,0
0.3660902976989746,1,0
0.9346404075622559,0,0
0.9030117392539978,0,0
1.3055448532104492,0,0
0.7745069265365601,0,0
0.8524478077888489,0,0
1.0280812978744507,0,0
0.7253842353820801,0,0
0.7177442312240601,0,0
0.6730984449386597,0,0
0.8948888778686523,0,0
0.9710812568664551,0,0
0.8076409101486206,0,0
0.76533442735672,0,0
0.7585790157318115,0,0
0.9152280688285828,0,0
0.7407215237617493,0,0
0.7203526496887207,0,0
0.650815486907959,0,0
0.8657851219177246,0,0
0.7530550956726074,0,0
0.7150883674621582,0,0
0.7997490167617798,0,0
0.9000880718231201,0,0
1.8600356578826904,0,0
0.7993552088737488,0,0
0.6041629314422607,0,0
1.010535717010498,0,0
0.8391174674034119,0,0
0.6823753118515015,0,0
0.8261273503303528,0,0
0.7635976672172546,0,0
0.7941811084747314,0,0
0.7974137663841248,0,0
0.7676888704299927,0,0
0.6851990818977356,0,0
0.7900689244270325,0,0
0.6649934649467468,0,0
0.9295865297317505,0,0
0.7065562009811401,0,0
0.9433147311210632,0,0
1.0251582860946655,0,0
0.8026658296585083,0,0
0.8830353617668152,0,0
0.7938493490219116,0,0
0.715835452079773,0,0
0.8453842401504517,0,0
0.8603132963180542,0,0
0.772686243057251,0,0
0.9452471733093262,0,0
0.8181812763214111,0,0
0.8388285636901855,0,0
0.6697746515274048,0,0
0.7945069670677185,0,0
0.8226258754730225,0,0
0.8368052244186401,0,0
0.7933343648910522,0,0
0.7409100532531738,0,0
0.6748628616333008,0,0
0.7523472309112549,0,0
0.7528781294822693,0,0
0.6687663197517395,0,0
0.5882320404052734,0,0
0.8554995059967041,0,0
0.6428195238113403,0,0
0.7470884323120117,0,0
0.6827173829078674,0,0
0.8577353954315186,0,0
0.7299756407737732,0,0
0.7818025946617126,0,0
0.6592335104942322,0,0
0.8326574563980103,0,0
0.6829899549484253,0,0
0.7302443981170654,0,0
1.0426084995269775,0,0
0.6865673065185547,0,0
0.8201570510864258,0,0
0.6648892164230347,0,0
0.9841593503952026,0,0
0.7106837630271912,0,0
0.8624245524406433,0,0
0.8326623439788818,0,0
0.8800610303878784,0,0
0.8519983887672424,0,0
0.7281049489974976,0,0
0.7523394823074341,0,0
0.7452611923217773,0,0
0.8163315653800964,0,0
0.8539813756942749,0,0
0.7370923757553101,0,0
0.7565156817436218,0,0
0.8896898031234741,0,0
0.714103102684021,0,0
0.7696713209152222,0,0
0.768485426902771,0,0
0.6925560235977173,0,0
0.7402767539024353,0,0
0.761148989200592,0,0
0.7518295645713806,0,0
0.8439483046531677,0,0
0.7593674659729004,0,0
0.7821158766746521,0,0
0.7675030827522278,0,0
0.7480497360229492,0,0
0.8295066952705383,0,0
0.8760148286819458,0,0
0.6646746397018433,0,0
0.7175028324127197,0,0
0.7794496417045593,0,0
0.7055865526199341,0,0
0.7772601842880249,0,0
0.807187557220459,0,0
0.6341440677642822,0,0
0.77080237865448,0,0
0.8796354532241821,0,0
0.6086342334747314,0,0
0.8371414542198181,0,0
0.6730262041091919,0,0
0.8397281169891357,0,0
0.6560258865356445,0,0
0.9637924432754517,0,0
0.752701461315155,0,0
0.9559968113899231,0,0
0.664147138595581,0,0
0.6982612013816833,0,0
0.7492508888244629,0,0
0.8106122612953186,0,0
0.6902756690979004,0,0
0.6851376295089722,0,0
0.7056660652160645,0,0
0.5662808418273926,0,0
0.8342200517654419,0,0
0.8744395971298218,0,0
0.8601592779159546,0,0
0.7293436527252197,0,0
0.6271829009056091,0,0
0.7354488372802734,0,0
0.7405598163604736,0,0
0.7045257687568665,0,0
0.7613765001296997,0,0
0.7176731824874878,0,0
0.7000254392623901,0,0
0.7986463904380798,0,0
0.733078122138977,0,0
0.7135199904441833,0,0
0.8432244658470154,0,0
0.8068826794624329,0,0
0.6862176656723022,0,0
0.7214565873146057,0,0
0.6490039229393005,0,0
0.7716483473777771,0,0
0.8626285791397095,0,0
0.8072671294212341,0,0
0.8668534755706787,0,0
0.8481166958808899,0,0
0.7626559138298035,0,0
0.7109565138816833,0,0
0.6256386041641235,0,0
0.6457839608192444,0,0
0.7673032283782959,0,0
0.7964680194854736,0,0
0.7863324284553528,0,0
0.7067915201187134,0,0
0.8155056834220886,0,0
0.7275827527046204,0,0
0.779442310333252,0,0
0.7910324931144714,0,0
0.6790182590484619,0,0
0.760077714920044,0,0
0.7972594499588013,0,0
0.7038147449493408,0,0
0.7792708873748779,0,0
0.7304840087890625,0,0
0.7360134720802307,0,0
0.8635438680648804,0,0
0.7957958579063416,0,0
0.9442144632339478,0,0
0.8991483449935913,0,0
0.830010175704956,0,0
0.782157838344574,0,0
0.8311730623245239,0,0
0.822276771068573,0,0
0.6858900785446167,0,0
0.6631559729576111,0,0
0.7346561551094055,0,0
0.8125428557395935,0,0
0.666732132434845,0,0
0.6491799354553223,0,0
0.8747057914733887,0,0
0.7529929876327515,0,0
0.7382858395576477,0,0
0.7527856826782227,0,0
0.6827534437179565,0,0
0.744056224822998,0,0
0.8906688690185547,0,0
0.7421125173568726,0,0
0.7217882871627808,0,0
0.8124760985374451,0,0
0.7868503928184509,0,0
0.8423367738723755,0,0
0.7529482841491699,0,0
0.7313313484191895,0,0
0.6867649555206299,0,0
0.793414831161499,0,0
0.8038231730461121,0,0
0.8108494281768799,0,0
0.8472495675086975,0,0
0.8783642053604126,0,0
0.8621645569801331,0,0
0.773297131061554,0,0
0.9184449315071106,0,0
0.7789886593818665,0,0
0.6750950813293457,0,0
0.9155908226966858,0,0
0.8234321475028992,0,0
0.31711071729660034,1,0
0.7262949347496033,0,0
0.8832182884216309,0,0
0.7215451598167419,0,0
0.724785327911377,0,0
0.8107849955558777,0,0
0.7586615681648254,0,0
0.7901352643966675,0,0
0.9235140681266785,0,0
0.7499974966049194,0,0
0.7974193692207336,0,0
0.7505545616149902,0,0
0.6120661497116089,0,0
0.7027971744537354,0,0
0.8638967275619507,0,0
0.7034118175506592,0,0
0.8668214678764343,0,0
0.8270814418792725,0,0
1.0235440731048584,0,0
0.7742133140563965,0,0
0.8825935125350952,0,0
0.7001140713691711,0,0
0.5385103225708008,0,0
0.8396026492118835,0,0
0.7218400239944458,0,0
0.585905134677887,0,0
0.8075331449508667,0,0
0.768994152545929,0,0
0.7046355605125427,0,0
0.8403469920158386,0,0
0.7812516689300537,0,0
0.7936213612556458,0,0
0.7176946401596069,0,0
0.682135283946991,0,0
0.6907170414924622,0,0
1.066117286682129,0,0
0.7964679598808289,0,0
0.7076683640480042,0,0
0.8015865683555603,0,0
0.8157404661178589,0,0
0.578744113445282,0,0
0.8607218265533447,0,0
0.734625518321991,0,0
0.733123242855072,0,0
0.8874329328536987,0,0
0.6195746064186096,0,0
0.7576258778572083,0,0
0.7627886533737183,0,0
0.7133321762084961,0,0
0.7692422866821289,0,0
0.8184769153594971,0,0
0.7609566450119019,0,0
0.8257156014442444,0,0
1.5971384048461914,0,0
0.8671165108680725,0,0
0.5556738376617432,0,0
0.7755892276763916,0,0
0.8194190859794617,0,0
0.8612480163574219,0,0
0.7398714423179626,0,0
0.6638467311859131,0,0
0.8197619318962097,0,0
0.6972723007202148,0,0
0.7035799026489258,0,0
0.7703429460525513,0,0
0.8767856359481812,0,0
0.7771971225738525,0,0
0.6881190538406372,0,0
0.824938952922821,0,0
0.8840743899345398,0,0
0.810413122177124,0,0
0.814970850944519,0,0
0.7795753479003906,0,0
0.8211318254470825,0,0
0.7837414145469666,0,0
0.7404202222824097,0,0
1.1357266902923584,0,0
0.6660435199737549,0,0
0.7745131850242615,0,0
0.7112701535224915,0,0
0.806856095790863,0,0
0.757885754108429,0,0
0.768050491809845,0,0
0.8923618197441101,0,0
0.9333113431930542,0,0
0.7171551585197449,0,0
0.7687169313430786,0,0
0.9051027297973633,0,0
0.8619093894958496,0,0
0.6305060386657715,0,0
0.6310128569602966,0,0
0.6687310934066772,0,0
0.6641932129859924,0,0
0.6221758127212524,0,0
0.7661306858062744,0,0
0.7574294209480286,0,0
0.818038821220398,0,0
0.8406404256820679,0,0
0.7673263549804688,0,0
0.8211326599121094,0,0
0.6374486684799194,0,0
0.6594828963279724,0,0
0.7369073033332825,0,0
0.7980064153671265,0,0
0.8059427738189697,0,0
0.7469162344932556,0,0
0.6157600283622742,0,0
0.5584778785705566,0,0
0.7699658274650574,0,0
0.8743754029273987,0,0
0.7925296425819397,0,0
0.68121337890625,0,0
0.6979178190231323,0,0
0.6671220660209656,0,0
0.7388272285461426,0,0
0.9727362990379333,0,0
0.8949528336524963,0,0
0.8321381211280823,0,0
0.8598344922065735,0,0
0.7437596917152405,0,0
0.7371101379394531,0,0
0.8010048270225525,0,0
0.7600518465042114,0,0
0.8633144497871399,0,0
0.7299089431762695,0,0
0.7537437677383423,0,0
0.758392333984375,0,0
0.7804295420646667,0,0
0.8032580614089966,0,0
0.8194125890731812,0,0
0.8095484972000122,0,0
0.6981081366539001,0,0
0.7809523344039917,0,0
0.7064362168312073,0,0
0.789099395275116,0,0
0.6840032935142517,0,0
0.8167225122451782,0,0
0.8023213744163513,0,0
0.6897803544998169,0,0
0.5263687968254089,0,0
1.0788182020187378,0,0
0.8734842538833618,0,0
1.8862773180007935,0,0
0.8229976296424866,0,0
0.9822831749916077,0,0
0.7990728616714478,0,0
0.6701942086219788,0,0
0.7681218385696411,0,0
0.704922616481781,0,0
0.8783388137817383,0,0
0.8440564870834351,0,0
0.8071637153625488,0,0
0.7553519606590271,0,0
0.8887624144554138,0,0
0.7665850520133972,0,0
0.7126496434211731,0,0
0.8255815505981445,0,0
0.8602805733680725,0,0
0.7433203458786011,0,0
0.7209017276763916,0,0
0.6155705451965332,0,0
0.8770112991333008,0,0
0.7464610934257507,0,0
0.7564423084259033,0,0
0.5990996360778809,0,0
0.7624894380569458,0,0
0.7461155652999878,0,0
0.4209166169166565,1,0
0.847618818283081,0,0
0.7584245204925537,0,0
0.779130756855011,0,0
0.498891681432724,1,0
0.7485869526863098,0,0
0.7555696368217468,0,0
0.7504722476005554,0,0
0.7398343682289124,0,0
0.8746932744979858,0,0
0.8757925033569336,0,0
0.8174091577529907,0,0
0.9251771569252014,0,0
0.6991099715232849,0,0
0.7986426949501038,0,0
0.8089444041252136,0,0
0.6004555821418762,0,0
0.6814481019973755,0,0
0.7334536910057068,0,0
0.6702820062637329,0,0
0.8270803689956665,0,0
0.7411765456199646,0,0
0.7769628763198853,0,0
0.7503237724304199,0,0
0.7204043865203857,0,0
0.673507034778595,0,0
0.8443973064422607,0,0
0.7942798137664795,0,0
0.7366952300071716,0,0
0.6542781591415405,0,0
0.7681329250335693,0,0
0.5365334749221802,0,0
0.8235325813293457,0,0
0.8425458073616028,0,0
0.7400118112564087,0,0
0.8459364175796509,0,0
0.8188366293907166,0,0
0.797116219997406,0,0
0.6143389344215393,0,0
0.7420572638511658,0,0
0.6921314597129822,0,0
0.7032216191291809,0,0
0.8066134452819824,0,0
0.7388113141059875,0,0
0.8015017509460449,0,0
0.8069635629653931,0,0
0.8873734474182129,0,0
0.8586055040359497,0,0
0.8766669631004333,0,0
0.8759410977363586,0,0
0.7884661555290222,0,0
0.6350294947624207,0,0
0.7385321855545044,0,0
0.7417070269584656,0,0
0.5997406840324402,0,0
0.7430284023284912,0,0
0.8151770234107971,0,0
0.678023636341095,0,0
0.7435836791992188,0,0
0.8955016732215881,0,0
0.5726721286773682,0,0
0.8894357681274414,0,0
0.7145147323608398,0,0
0.6539973616600037,0,0
0.7597900032997131,0,0
0.6834656000137329,0,0
0.6230138540267944,0,0
0.6815009117126465,0,0
0.7616188526153564,0,0
0.6940915584564209,0,0
0.7464082837104797,0,0
0.6971510052680969,0,0
0.6962407827377319,0,0
0.7830301523208618,0,0
0.9647472500801086,0,0
0.8778553605079651,0,0
0.688473105430603,0,0
0.8722693920135498,0,0
0.7468506097793579,0,0
0.827301561832428,0,0
0.7642406225204468,0,0
0.7200939059257507,0,0
0.6990225911140442,0,0
0.8154804110527039,0,0
0.8347817659378052,0,0
0.8270218372344971,0,0
0.83503657579422,0,0
0.7888098955154419,0,0
0.8184435367584229,0,0
0.698012113571167,0,0
0.9364759922027588,0,0
0.6276299357414246,0,0
0.8502506613731384,0,0
0.7109133005142212,0,0
0.6992936134338379,0,0
0.678536593914032,0,0
0.6669915914535522,0,0
0.7193620204925537,0,0
0.8422732353210449,0,0
0.8052030801773071,0,0
0.7949895858764648,0,0
0.5590206980705261,0,0
0.8221335411071777,0,0
0.6014733910560608,0,0
0.6764447689056396,0,0
0.7514015436172485,0,0
0.8340600728988647,0,0
0.7827329635620117,0,0
0.7340776920318604,0,0
0.7224265336990356,0,0
0.5613343715667725,0,0
0.5329148173332214,0,0
0.7844181656837463,0,0
0.868363082408905,0,0
0.7948980331420898,0,0
0.6895362734794617,0,0
0.699995219707489,0,0
0.852790892124176,0,0
0.7156053781509399,0,0
0.7927810549736023,0,0
0.7025556564331055,0,0
0.8670378923416138,0,0
0.6927083134651184,0,0
0.7617759704589844,0,0
0.755669355392456,0,0
0.7575197219848633,0,0
0.8065724968910217,0,0
0.7392629384994507,0,0
0.8117762804031372,0,0
0.7393437623977661,0,0
0.7607269287109375,0,0
0.5445671677589417,0,0
0.7555217146873474,0,0
0.8294777870178223,0,0
0.8073122501373291,0,0
0.8973129987716675,0,0
0.7727608680725098,0,0
0.7952132821083069,0,0
0.5974390506744385,0,0
0.7805214524269104,0,0
0.7626883387565613,0,0
0.8735122680664062,0,0
0.6888604164123535,0,0
0.5765908360481262,0,0
0.7833924293518066,0,0
0.6388947367668152,0,0
0.6793634295463562,0,0
0.7296400666236877,0,0
0.6137754321098328,0,0
0.762656033039093,0,0
0.5832914710044861,0,0
0.6110735535621643,0,0
0.7768584489822388,0,0
0.7901018857955933,0,0
0.8273412585258484,0,0
0.8710287809371948,0,0
0.6948821544647217,0,0
0.7727904915809631,0,0
0.7449411153793335,0,0
0.7000150680541992,0,0
1.1040457487106323,0,0
0.675482451915741,0,0
0.6883130073547363,0,0
0.6541167497634888,0,0
0.7792496085166931,0,0
0.720078706741333,0,0
0.7398601174354553,0,0
0.94019615650177,0,0
0.7653105854988098,0,0
0.7597073316574097,0,0
0.7936196327209473,0,0
0.8404806852340698,0,0
0.7743009328842163,0,0
0.7422546744346619,0,0
0.7962575554847717,0,0
0.9234659075737,0,0
0.6082696914672852,0,0
0.5881741046905518,0,0
0.8513684272766113,0,0
0.7429529428482056,0,0
0.8283957242965698,0,0
0.6796019673347473,0,0
0.7090742588043213,0,0
0.8054182529449463,0,0
0.8220617771148682,0,0
0.657494068145752,0,0
0.7625844478607178,0,0
0.9152740836143494,0,0
0.721278190612793,0,0
0.7324362397193909,0,0
0.7902788519859314,0,0
0.7542168498039246,0,0
0.7487561702728271,0,0
0.7431226968765259,0,0
0.7718119025230408,0,0
0.6849439740180969,0,0
0.7548937201499939,0,0
0.9263166189193726,0,0
0.7414618730545044,0,0
0.6884709000587463,0,0
0.7455090880393982,0,0
0.7364684343338013,0,0
0.8249503374099731,0,0
0.7967411279678345,0,0
0.6907286047935486,0,0
0.8579025268554688,0,0
0.7622570991516113,0,0
0.8566321134567261,0,0
0.6896740198135376,0,0
0.782675564289093,0,0
0.8255341053009033,0,0
0.8036377429962158,0,0
0.8703821301460266,0,0
0.861059844493866,0,0
0.7167987823486328,0,0
0.7626808881759644,0,0
0.8283823728561401,0,0
0.8769490122795105,0,0
0.7671432495117188,0,0
0.684235155582428,0,0
0.8625234365463257,0,0
0.8226017951965332,0,0
0.7159161567687988,0,0
1.6127177476882935,0,0
0.815159797668457,0,0
0.46461543440818787,1,0
0.7297964692115784,0,0
0.7350938320159912,0,0
0.754021167755127,0,0
0.7890857458114624,0,0
0.7246484160423279,0,0
0.6810567378997803,0,0
0.7042241096496582,0,0
0.8247872591018677,0,0
0.6963343024253845,0,0
0.753448486328125,0,0
0.8842511773109436,0,0
0.8238268494606018,0,0
0.7283253073692322,0,0
0.7887245416641235,0,0
0.8260263800621033,0,0
0.796317458152771,0,0
0.6327452659606934,0,0
0.6249232888221741,0,0
0.8470947742462158,0,0
0.6838644742965698,0,0
0.8214414119720459,0,0
0.6877168416976929,0,0
0.8158222436904907,0,0
0.649976909160614,0,0
0.7125774025917053,0,0
0.8034049868583679,0,0
0.7553911805152893,0,0
0.7418946623802185,0,0
0.8107835054397583,0,0
0.905936598777771,0,0
0.9107010364532471,0,0
0.8560439348220825,0,0
0.6876797676086426,0,0
0.8421712517738342,0,0
0.761008083820343,0,0
0.8007573485374451,0,0
0.6910566091537476,0,0
0.7529872059822083,0,0
0.8417938351631165,0,0
0.691933274269104,0,0
0.834226131439209,0,0
0.7413315773010254,0,0
0.6185375452041626,0,0
0.8342607021331787,0,0
0.628043532371521,0,0
1.0266077518463135,0,0
0.7855578660964966,0,0
1.0297428369522095,0,0
0.71053546667099,0,0
0.8562355637550354,0,0
0.7220262885093689,0,0
0.8528737425804138,0,0
0.8266398310661316,0,0
0.7787081599235535,0,0
0.8175731301307678,0,0
0.6951130032539368,0,0
0.8932326436042786,0,0
0.7581069469451904,0,0
0.8595589995384216,0,0
0.7667919397354126,0,0
0.8658336997032166,0,0
0.8644944429397583,0,0
0.7680231332778931,0,0
0.6932128667831421,0,0
0.5776877403259277,0,0
0.7536416053771973,0,0
0.7787782549858093,0,0
0.7290675640106201,0,0
0.5892000198364258,0,0
0.7345798015594482,0,0
0.7586575150489807,0,0
0.8635824918746948,0,0
0.6386167407035828,0,0
0.7640572190284729,0,0
1.0006484985351562,0,0
0.6611226201057434,0,0
0.7019831538200378,0,0
0.7031896114349365,0,0
0.8485660552978516,0,0
0.830495297908783,0,0
0.8329424858093262,0,0
0.7214566469192505,0,0
0.7474415302276611,0,0
0.7660651206970215,0,0
0.8667364716529846,0,0
0.7957466244697571,0,0
0.8817952871322632,0,0
0.8591349124908447,0,0
0.8826267719268799,0,0
0.6259171962738037,0,0
0.8476053476333618,0,0
0.8739208579063416,0,0
0.7483157515525818,0,0
0.7682225108146667,0,0
0.6594833135604858,0,0
0.660947859287262,0,0
0.8995922803878784,0,0
0.7011846303939819,0,0
0.819584846496582,0,0
0.8328110575675964,0,0
0.788241982460022,0,0
0.7491457462310791,0,0
0.8246018886566162,0,0
0.8153663873672485,0,0
0.8949128985404968,0,0
0.8286667466163635,0,0
0.8503676056861877,0,0
0.7976474165916443,0,0
0.7385385036468506,0,0
0.7705389261245728,0,0
0.8339085578918457,0,0
0.9397481083869934,0,0
0.8113850951194763,0,0
0.8114322423934937,0,0
0.760816752910614,0,0
0.7661541700363159,0,0
0.728287398815155,0,0
0.7151457071304321,0,0
0.7166539430618286,0,0
0.7386163473129272,0,0
0.761296808719635,0,0
0.7166186571121216,0,0
0.6956559419631958,0,0
0.8764768838882446,0,0
0.7339339852333069,0,0
0.8200035095214844,0,0
0.7200615406036377,0,0
0.8199935555458069,0,0
0.848423182964325,0,0
0.5943796634674072,0,0
0.9801368713378906,0,0
0.7679230570793152,0,0
0.8190673589706421,0,0
0.7304764986038208,0,0
0.7697938680648804,0,0
0.729273796081543,0,0
0.6367522478103638,0,0
0.70245760679245,0,0
0.8474810123443604,0,0
0.861038327217102,0,0
0.7135725021362305,0,0
0.829542338848114,0,0
0.6717509627342224,0,0
0.7711219191551208,0,0
0.8202279806137085,0,0
0.7843441367149353,0,0
0.7036824226379395,0,0
0.8515628576278687,0,0
0.6008525490760803,0,0
0.7266172170639038,0,0
0.8536814451217651,0,0
0.7968482971191406,0,0
0.690207302570343,0,0
0.9974966049194336,0,0
0.7518852949142456,0,0
0.7279978394508362,0,0
0.8031274080276489,0,0
0.8558153510093689,0,0
0.7324091196060181,0,0
0.91048264503479,0,0
0.6188951730728149,0,0
0.7696532011032104,0,0
0.6796256303787231,0,0
0.7606152892112732,0,0
0.7323372960090637,0,0
0.8045416474342346,0,0
0.7307969927787781,0,0
0.7333865165710449,0,0
0.7703290581703186,0,0
0.8273010849952698,0,0
0.8801049590110779,0,0
0.8263509273529053,0,0
0.8700940608978271,0,0
0.6762893795967102,0,0
0.8033769726753235,0,0
0.775467038154602,0,0
0.744782567024231,0,0
0.8525927066802979,0,0
0.792555570602417,0,0
0.8291349411010742,0,0
0.8004977107048035,0,0
0.7971012592315674,0,0
0.7585090398788452,0,0
2.185845136642456,0,0
0.6613003015518188,0,0
0.7852319478988647,0,0
0.7619683742523193,0,0
0.8550705313682556,0,0
0.37686800956726074,1,0
0.818069338798523,0,0
0.7720165252685547,0,0
0.8149657249450684,0,0
0.8080394268035889,0,0
0.8015603423118591,0,0
0.8003920912742615,0,0
0.767389178276062,0,0
0.7096282243728638,0,0
0.7571964859962463,0,0
0.7220448851585388,0,0
0.668746292591095,0,0
0.7279601097106934,0,0
0.7337460517883301,0,0
0.7423131465911865,0,0
0.7440942525863647,0,0
0.7094640135765076,0,0
0.8066092729568481,0,0
0.7391064763069153,0,0
0.784816563129425,0,0
0.7103737592697144,0,0
0.8060954213142395,0,0
0.7454168796539307,0,0
0.7595959305763245,0,0
0.7497771978378296,0,0
0.6623408794403076,0,0
0.7096719145774841,0,0
0.7724109292030334,0,0
0.7147156000137329,0,0
0.7277668714523315,0,0
0.7734789252281189,0,0
0.8829097151756287,0,0
0.7849045991897583,0,0
0.8302925825119019,0,0
0.7277956008911133,0,0
0.6947920322418213,0,0
0.7793183326721191,0,0
0.6835649013519287,0,0
0.7493767738342285,0,0
0.7635681629180908,0,0
0.5537564754486084,0,0
0.6703569889068604,0,0
0.7417296171188354,0,0
0.7739108800888062,0,0
0.8857199549674988,0,0
0.42537054419517517,1,0
0.7778881788253784,0,0
0.6469762921333313,0,0
0.7237862348556519,0,0
0.8140450716018677,0,0
0.7767670154571533,0,0
0.8663477897644043,0,0
0.8151156306266785,0,0
0.6840696334838867,0,0
0.7640053033828735,0,0
0.8213557004928589,0,0
0.6046849489212036,0,0
0.7599970102310181,0,0
0.6997767090797424,0,0
0.7538904547691345,0,0
0.6835681796073914,0,0
0.5027997493743896,0,0
0.8035432696342468,0,0
0.8038665056228638,0,0
0.7068448662757874,0,0
0.7226441502571106,0,0
0.6858131289482117,0,0
0.7818842530250549,0,0
0.8207758069038391,0,0
0.662258505821228,0,0
0.9870380759239197,0,0
0.7239872217178345,0,0
0.7364910244941711,0,0
0.8480085134506226,0,0
0.7603457570075989,0,0
0.9719240069389343,0,0
0.6202683448791504,0,0
0.789851188659668,0,0
0.8613927364349365,0,0
0.6823069453239441,0,0
0.696111798286438,0,0
0.8681526780128479,0,0
0.7108328342437744,0,0
0.7854889631271362,0,0
0.6967707276344299,0,0
0.6582124829292297,0,0
0.718303382396698,0,0
0.7123507857322693,0,0
0.816116988658905,0,0
0.8362237811088562,0,0
0.832530677318573,0,0
0.8069372773170471,0,0
0.7956488132476807,0,0
0.606741726398468,0,0
0.6931981444358826,0,0
0.7973352074623108,0,0
0.7096384763717651,0,0
0.6940004229545593,0,0
0.6986598372459412,0,0
0.6326747536659241,0,0
0.8087796568870544,0,0
0.6737714409828186,0,0
0.877784252166748,0,0
0.6804513931274414,0,0
0.7915107011795044,0,0
0.781830370426178,0,0
0.5561490654945374,0,0
0.8904024958610535,0,0
0.7953470349311829,0,0
0.7009353637695312,0,0
0.8373979330062866,0,0
0.5314918160438538,0,0
0.6481072306632996,0,0
0.8909986019134521,0,0
0.8044184446334839,0,0
0.7452888488769531,0,0
0.7805461883544922,0,0
0.804241955280304,0,0
0.7884132266044617,0,0
0.6847552061080933,0,0
0.8075003027915955,0,0
0.8087993860244751,0,0
0.839099109172821,0,0
0.9374027848243713,0,0
0.7896549701690674,0,0
0.7631368041038513,0,0
0.726904571056366,0,0
0.7716809511184692,0,0
0.7354611754417419,0,0
0.7587095499038696,0,0
0.7031848430633545,0,0
0.9055353999137878,0,0
0.6890513300895691,0,0
0.8420684337615967,0,0
0.7296761274337769,0,0
0.9824732542037964,0,0
0.7290118932723999,0,0
0.5346320867538452,0,0
0.7224541902542114,0,0
0.8443901538848877,0,0
0.8196045160293579,0,0
0.772472083568573,0,0
0.8273565769195557,0,0
0.6450096964836121,0,0
0.6623167991638184,0,0
0.6729482412338257,0,0
0.7454149127006531,0,0
0.7681961059570312,0,0
0.6662633419036865,0,0
0.7735816836357117,0,0
0.6495165824890137,0,0
0.7012639045715332,0,0
0.7566072940826416,0,0
0.6840814352035522,0,0
0.7120213508605957,0,0
0.6911348700523376,0,0
0.4412989914417267,1,0
0.7091372013092041,0,0
0.8463616371154785,0,0
0.8885495066642761,0,0
0.8301582336425781,0,0
0.5774771571159363,0,0
1.1330485343933105,0,0
0.726281464099884,0,0
0.9425383806228638,0,0
0.7733777165412903,0,0
0.8341876864433289,0,0
0.9784643650054932,0,0
0.5098056197166443,0,0
0.7618794441223145,0,0
0.8006488084793091,0,0
0.896354615688324,0,0
0.7686330676078796,0,0
0.6653586626052856,0,0
0.7651616334915161,0,0
0.6395354866981506,0,0
0.8361363410949707,0,0
0.9917207956314087,0,0
0.775763750076294,0,0
0.7876261472702026,0,0
0.7065349817276001,0,0
0.798006534576416,0,0
0.7977278828620911,0,0
0.8191535472869873,0,0
0.8017261624336243,0,0
0.8964179754257202,0,0
0.7696957588195801,0,0
0.8614703416824341,0,0
0.8344815373420715,0,0
0.7382701635360718,0,0
0.8209132552146912,0,0
0.9246160984039307,0,0
0.6746011972427368,0,0
0.7466990351676941,0,0
0.8671281933784485,0,0
0.9263229966163635,0,0
0.8953129053115845,0,0
0.7799376249313354,0,0
0.773591160774231,0,0
0.7968188524246216,0,0
0.7706831693649292,0,0
0.8415954113006592,0,0
0.8346648216247559,0,0
0.7401870489120483,0,0
0.5562580227851868,0,0
0.7141693234443665,0,0
0.787880539894104,0,0
0.8485046625137329,0,0
0.7166579365730286,0,0
0.9761214852333069,0,0
0.8076854348182678,0,0
0.7725964188575745,0,0
0.652534008026123,0,0
0.7289729118347168,0,0
0.7173103094100952,0,0
0.6992498636245728,0,0
0.4643037021160126,1,0
0.7721076011657715,0,0
0.7415659427642822,0,0
0.8415680527687073,0,0
0.7190771102905273,0,0
1.0199615955352783,0,0
0.764458954334259,0,0
0.5454697608947754,0,0
0.8900625109672546,0,0
0.8535350561141968,0,0
0.6353810429573059,0,0
0.6248332858085632,0,0
0.7324512004852295,0,0
0.858824610710144,0,0
0.930242657661438,0,0
1.006607174873352,0,0
0.834609866142273,0,0
0.8125107884407043,0,0
0.6834079623222351,0,0
0.7411019802093506,0,0
0.7782242298126221,0,0
0.8109716176986694,0,0
0.7201292514801025,0,0
1.8851585388183594,0,0
0.6978117227554321,0,0
0.7639243006706238,0,0
0.7268809080123901,0,0
0.7224532961845398,0,0
0.662501335144043,0,0
0.6276611089706421,0,0
0.858657717704773,0,0
0.9066874980926514,0,0
0.7088323831558228,0,0
0.786461353302002,0,0
0.7204324007034302,0,0
0.7747689485549927,0,0
0.7907451391220093,0,0
0.6756995916366577,0,0
0.562373161315918,0,0
0.797654390335083,0,0
0.7689208388328552,0,0
0.8429583311080933,0,0
0.746390700340271,0,0
0.6412513256072998,0,0
0.7962542772293091,0,0
0.8169534206390381,0,0
0.8287292718887329,0,0
0.6851303577423096,0,0
0.8124673366546631,0,0
0.8400656580924988,0,0
0.6594743728637695,0,0
0.9731320142745972,0,0
0.7638821005821228,0,0
0.8248192071914673,0,0
0.7871648669242859,0,0
0.7155916094779968,0,0
0.5931298732757568,0,0
0.6888880729675293,0,0
0.8236730098724365,0,0
0.8419085144996643,0,0
0.7301473617553711,0,0
0.678174614906311,0,0
0.7286156415939331,0,0
0.7053589224815369,0,0
0.7375129461288452,0,0
0.8021109104156494,0,0
0.6247246861457825,0,0
0.7359878420829773,0,0
0.6484038829803467,0,0
0.8308602571487427,0,0
0.6750643253326416,0,0
0.8552060127258301,0,0
0.7979450225830078,0,0
0.7795648574829102,0,0
0.6980481147766113,0,0
0.8512023687362671,0,0
0.7624024748802185,0,0
0.7972735166549683,0,0
0.6204658150672913,0,0
0.6876806020736694,0,0
0.779460608959198,0,0
0.8140109777450562,0,0
0.7871030569076538,0,0
0.808147132396698,0,0
0.7742932438850403,0,0
0.7980968952178955,0,0
0.6383192539215088,0,0
0.7834643721580505,0,0
0.6296755075454712,0,0
0.7449176907539368,0,0
0.8066893815994263,0,0
0.8070741891860962,0,0
0.8360527157783508,0,0
0.7074030041694641,0,0
0.7402938604354858,0,0
0.7481274008750916,0,0
0.6947410106658936,0,0
0.7038850784301758,0,0
0.7098738551139832,0,0
0.8338502645492554,0,0
0.7605477571487427,0,0
0.7120503783226013,0,0
0.8046130537986755,0,0
0.7606405019760132,0,0
0.8569926619529724,0,0
0.8859434127807617,0,0
0.9872356653213501,0,0
0.8819255828857422,0,0
0.7757929563522339,0,0
0.8422300815582275,0,0
2.1817376613616943,0,0
0.9426662921905518,0,0
0.8677749037742615,0,0
0.9269568920135498,0,0
0.7703709006309509,0,0
0.7080682516098022,0,0
0.5679497718811035,0,0
0.775216817855835,0,0
0.729971170425415,0,0
0.7193822860717773,0,0
0.7905018925666809,0,0
0.8092969655990601,0,0
0.6341354250907898,0,0
0.7283241152763367,0,0
0.8608735799789429,0,0
0.9032502770423889,0,0
0.8212504386901855,0,0
0.9873611927032471,0,0
0.8923599720001221,0,0
0.7808361649513245,0,0
0.7128036022186279,0,0
0.9259296655654907,0,0
0.7658551335334778,0,0
0.8108651041984558,0,0
0.6640633940696716,0,0
0.8880566358566284,0,0
0.7776914834976196,0,0
0.5586153268814087,0,0
0.8213235139846802,0,0
0.8407503366470337,0,0
0.7157900929450989,0,0
0.9039546251296997,0,0
0.8249443769454956,0,0
0.8595367670059204,0,0
0.8486042022705078,0,0
0.9093836545944214,0,0
0.7652356028556824,0,0
0.7689138650894165,0,0
0.7519918084144592,0,0
0.7442110776901245,0,0
0.8228639364242554,0,0
0.6497668623924255,0,0
0.6829549670219421,0,0
0.8674695491790771,0,0
0.8165181279182434,0,0
0.8704794645309448,0,0
0.7184527516365051,0,0
0.7430497407913208,0,0
0.720736026763916,0,0
0.7700780630111694,0,0
0.8107928037643433,0,0
0.8379017114639282,0,0
0.8979192972183228,0,0
0.7905864715576172,0,0
0.8151445388793945,0,0
0.9846038222312927,0,0
0.8466713428497314,0,0
0.6916455626487732,0,0
0.9081277847290039,0,0
0.9225133061408997,0,0
0.816255509853363,0,0
0.676969051361084,0,0
0.820029616355896,0,0
0.6489808559417725,0,0
0.7870664596557617,0,0
0.7202560901641846,0,0
0.7344169616699219,0,0
0.6525259613990784,0,0
0.5452110767364502,0,0
0.8369700312614441,0,0
0.653533399105072,0,0
0.7256775498390198,0,0
0.707997739315033,0,0
0.6765480637550354,0,0
0.9356606602668762,0,0
0.6895642876625061,0,0
0.8688266277313232,0,0
0.9426627159118652,0,0
0.75050950050354,0,0
0.80668705701828,0,0
0.6978296041488647,0,0
0.7200127243995667,0,0
0.792710542678833,0,0
0.7354717254638672,0,0
0.7908254861831665,0,0
0.7355362772941589,0,0
0.6736755967140198,0,0
0.8162712454795837,0,0
0.8352592587471008,0,0
0.7115375399589539,0,0
0.9294049739837646,0,0
0.8027756214141846,0,0
0.7197026610374451,0,0
0.7726246118545532,0,0
0.8170852661132812,0,0
0.8375571966171265,0,0
0.957135796546936,0,0
0.7990273237228394,0,0
0.8754792809486389,0,0
0.754611611366272,0,0
0.6835225224494934,0,0
0.7777607440948486,0,0
0.8942291736602783,0,0
0.7742212414741516,0,0
0.8880593180656433,0,0
0.7319198846817017,0,0
0.8188844919204712,0,0
0.8212275505065918,0,0
0.8115354776382446,0,0
0.8344749212265015,0,0
0.7532668113708496,0,0
0.7018929719924927,0,0
0.726932168006897,0,0
0.7376163601875305,0,0
0.8350149393081665,0,0
0.6300461888313293,0,0
0.7101418375968933,0,0
0.7475429177284241,0,0
0.7188270092010498,0,0
0.8489211201667786,0,0
0.7133363485336304,0,0
0.8958964943885803,0,0
0.7432656288146973,0,0
0.6375628709793091,0,0
0.759752094745636,0,0
0.8600203990936279,0,0
0.7095085382461548,0,0
0.7889271974563599,0,0
0.7091182470321655,0,0
0.8933296799659729,0,0
0.694881021976471,0,0
0.6775317788124084,0,0
0.78684002161026,0,0
0.8055660724639893,0,0
0.8434765338897705,0,0
0.7182949781417847,0,0
0.5373843312263489,0,0
0.7759172320365906,0,0
0.8838773369789124,0,0
0.7045848965644836,0,0
0.7218865752220154,0,0
0.8240566253662109,0,0
0.6597123146057129,0,0
0.9127382040023804,0,0
0.8525601625442505,0,0
0.7173608541488647,0,0
0.6187904477119446,0,0
0.791924238204956,0,0
0.7261126041412354,0,0
0.7670355439186096,0,0
0.7602515816688538,0,0
0.7346938848495483,0,0
0.7130378484725952,0,0
0.7099319100379944,0,0
0.9463409185409546,0,0
0.8210532069206238,0,0
0.8356829881668091,0,0
0.8488160371780396,0,0
0.7659784555435181,0,0
0.829346776008606,0,0
0.6889882683753967,0,0
0.8825919032096863,0,0
0.6676499843597412,0,0
0.7078033685684204,0,0
0.7716954946517944,0,0
0.6647436618804932,0,0
0.823131799697876,0,0
0.7614985704421997,0,0
0.7800470590591431,0,0
0.90995854139328,0,0
0.707023024559021,0,0
0.9610452055931091,0,0
0.7831504344940186,0,0
0.7023341059684753,0,0
0.6481574773788452,0,0
0.43807750940322876,1,0
0.6726168990135193,0,0
0.7263269424438477,0,0
0.9174606204032898,0,0
0.7911957502365112,0,0
1.0076559782028198,0,0
0.7522250413894653,0,0
0.5847806930541992,0,0
0.7785458564758301,0,0
0.8288806676864624,0,0
0.7652400732040405,0,0
0.6805959343910217,0,0
0.5654171705245972,0,0
1.014320969581604,0,0
0.8322254419326782,0,0
0.8678908944129944,0,0
0.7333638668060303,0,0
0.8294662237167358,0,0
0.8942763805389404,0,0
0.7955023050308228,0,0
0.7508043050765991,0,0
0.7176897525787354,0,0
0.6586554646492004,0,0
0.6341147422790527,0,0
0.708238959312439,0,0
0.6826895475387573,0,0
0.6096752882003784,0,0
0.7678722143173218,0,0
0.8775074481964111,0,0
0.6199560761451721,0,0
0.7139118909835815,0,0
0.8498827815055847,0,0
0.6668578386306763,0,0
0.7876835465431213,0,0
0.8663540482521057,0,0
0.8727123141288757,0,0
0.7387351989746094,0,0
0.7945764064788818,0,0
0.7353124022483826,0,0
0.8116191029548645,0,0
0.8399999737739563,0,0
0.83558189868927,0,0
0.8522467613220215,0,0
0.7587407827377319,0,0
0.783086895942688,0,0
0.7607864141464233,0,0
0.6857165098190308,0,0
0.8269002437591553,0,0
0.6732114553451538,0,0
0.8533512949943542,0,0
0.7953511476516724,0,0
0.7716860771179199,0,0
0.8051016926765442,0,0
0.7713890671730042,0,0
0.8317917585372925,0,0
0.9018722176551819,0,0
0.8808612823486328,0,0
0.8994462490081787,0,0
0.7145096063613892,0,0
0.6026393175125122,0,0
0.7959766387939453,0,0
0.6543524265289307,0,0
0.8871039748191833,0,0
0.6366446018218994,0,0
0.6495541930198669,0,0
0.7431848049163818,0,0
0.798285961151123,0,0
0.734342634677887,0,0
0.8164104223251343,0,0
0.8245351314544678,0,0
0.7130390405654907,0,0
0.8275943994522095,0,0
0.6975377202033997,0,0
0.7024243474006653,0,0
1.043775200843811,0,0
0.8428564071655273,0,0
0.7646062970161438,0,0
0.9115666151046753,0,0
0.9566596746444702,0,0
0.7892184257507324,0,0
0.7630220651626587,0,0
0.7324994802474976,0,0
0.7388257384300232,0,0
0.6544672250747681,0,0
0.8077529072761536,0,0
0.7864393591880798,0,0
0.7140148282051086,0,0
0.8237766623497009,0,0
0.6555789113044739,0,0
0.8522309064865112,0,0
0.805657148361206,0,0
0.7517280578613281,0,0
0.776208221912384,0,0
0.8341626524925232,0,0
0.9047120213508606,0,0
0.6356019377708435,0,0
0.723639965057373,0,0
0.6581771373748779,0,0
0.8264669179916382,0,0
0.8108457922935486,0,0
0.935053288936615,0,0
0.677404522895813,0,0
0.9186621904373169,0,0
0.7730311751365662,0,0
0.7927536368370056,0,0
0.8255373239517212,0,0
0.7911588549613953,0,0
0.9036710858345032,0,0
0.8313488364219666,0,0
0.7980393171310425,0,0
0.8490046858787537,0,0
0.8986935019493103,0,0
0.7898330092430115,0,0
0.9737447500228882,0,0
0.7065748572349548,0,0
0.8878194093704224,0,0
0.6453359723091125,0,0
0.74863201379776,0,0
0.7150185704231262,0,0
0.7271097302436829,0,0
0.7015758752822876,0,0
0.5829344391822815,0,0
0.7051605582237244,0,0
0.7248621582984924,0,0
0.782264232635498,0,0
0.8485896587371826,0,0
0.7643939256668091,0,0
0.8297610282897949,0,0
0.7858859300613403,0,0
0.7493604421615601,0,0
0.7577856183052063,0,0
0.7993139624595642,0,0
0.7328426241874695,0,0
1.3627841472625732,0,0
0.9524933099746704,0,0
0.7977357506752014,0,0
0.7825025320053101,0,0
0.7786566615104675,0,0
1.127195954322815,0,0
0.7609382271766663,0,0
0.8205416202545166,0,0
0.7936511635780334,0,0
0.7336795926094055,0,0
0.8049098253250122,0,0
0.7577874660491943,0,0
0.6596535444259644,0,0
0.8139491081237793,0,0
0.8226423859596252,0,0
0.8244650363922119,0,0
0.8901332020759583,0,0
0.6926317811012268,0,0
0.9769917726516724,0,0
0.8153418302536011,0,0
0.7775033712387085,0,0
0.7524216771125793,0,0
0.7785744667053223,0,0
0.677158772945404,0,0
0.8609206080436707,0,0
0.7607176303863525,0,0
0.9382490515708923,0,0
0.8627356886863708,0,0
0.7386380434036255,0,0
0.7677011489868164,0,0
0.813761830329895,0,0
0.6847642660140991,0,0
0.7310333251953125,0,0
0.8624052405357361,0,0
1.0271072387695312,0,0
0.696581244468689,0,0
0.7635632157325745,0,0
0.7137839198112488,0,0
0.8091742396354675,0,0
0.8343226909637451,0,0
0.7854620814323425,0,0
0.8235595226287842,0,0
0.7150186896324158,0,0
0.7112767696380615,0,0
0.8616394996643066,0,0
0.7755851745605469,0,0
0.5967650413513184,0,0
0.8273479342460632,0,0
0.6285500526428223,0,0
0.7613065838813782,0,0
0.7868649959564209,0,0
0.8436799645423889,0,0
0.6937553286552429,0,0
0.8227657079696655,0,0
0.718745231628418,0,0
0.7272937297821045,0,0
0.7670155763626099,0,0
0.6767479181289673,0,0
0.8219075798988342,0,0
0.7635481953620911,0,0
0.7591335773468018,0,0
0.7033154964447021,0,0
0.7209875583648682,0,0
0.8553574085235596,0,0
0.7321479320526123,0,0
0.7391560077667236,0,0
0.9155632257461548,0,0
0.7597694993019104,0,0
0.6863713264465332,0,0
0.7459958791732788,0,0
0.8017417788505554,0,0
0.7551075220108032,0,0
0.8937222957611084,0,0
0.836616575717926,0,0
0.8354315161705017,0,0
0.8139976263046265,0,0
0.6148392558097839,0,0
0.7081608772277832,0,0
0.9066864252090454,0,0
0.9075976610183716,0,0
1.0722228288650513,0,0
0.7403293251991272,0,0
0.809871256351471,0,0
0.6724827885627747,0,0
0.7746485471725464,0,0
0.7140202522277832,0,0
0.7000274658203125,0,0
0.7753176689147949,0,0
0.7473151087760925,0,0
0.6764732599258423,0,0
0.8164209723472595,0,0
0.7610194683074951,0,0
0.719275712966919,0,0
0.7936806082725525,0,0
0.7038778066635132,0,0
0.7828341722488403,0,0
0.9485370516777039,0,0
0.7457078695297241,0,0
0.7530910968780518,0,0
0.7251480221748352,0,0
0.922211766242981,0,0
0.9078194499015808,0,0
0.7012150883674622,0,0
0.6480926275253296,0,0
0.774882972240448,0,0
0.7967054843902588,0,0
0.8055295944213867,0,0
0.7109050750732422,0,0
0.749607264995575,0,0
0.9104549884796143,0,0
0.6129956245422363,0,0
0.7118934392929077,0,0
0.8016840219497681,0,0
0.790826678276062,0,0
0.7318649291992188,0,0
0.7158464789390564,0,0
0.8272814750671387,0,0
0.7420492172241211,0,0
0.6898772716522217,0,0
0.7468640804290771,0,0
0.6561371684074402,0,0
0.46377381682395935,1,0
0.6983774900436401,0,0
0.6539865732192993,0,0
0.695857048034668,0,0
0.639213502407074,0,0
0.7950617074966431,0,0
0.8290631771087646,0,0
0.8607036471366882,0,0
0.6603865027427673,0,0
0.8858614563941956,0,0
0.7105225324630737,0,0
0.7201812267303467,0,0
0.6825475692749023,0,0
0.7189646363258362,0,0
0.8725488781929016,0,0
0.5585669279098511,0,0
0.7591156959533691,0,0
0.9523380398750305,0,0
0.6484451293945312,0,0
0.7555898427963257,0,0
0.8391016721725464,0,0
0.8297492265701294,0,0
0.8311842679977417,0,0
0.8498493432998657,0,0
0.6187020540237427,0,0
0.805702269077301,0,0
0.7200482487678528,0,0
0.6760848164558411,0,0
0.6708245277404785,0,0
0.8357722163200378,0,0
0.7977299094200134,0,0
0.84049391746521,0,0
0.743336021900177,0,0
0.921865701675415,0,0
0.7676646709442139,0,0
0.8533097505569458,0,0
0.714532196521759,0,0
0.7865033745765686,0,0
0.7926744222640991,0,0
0.7669843435287476,0,0
0.9648644924163818,0,0
1.0341914892196655,0,0
0.7633974552154541,0,0
0.8895254731178284,0,0
0.7101330757141113,0,0
0.528104841709137,0,0
0.7475314140319824,0,0
0.7993985414505005,0,0
0.7522845268249512,0,0
0.7478685975074768,0,0
0.7933992743492126,0,0
0.8711100816726685,0,0
1.0256534814834595,0,0
1.0478907823562622,0,0
0.811552107334137,0,0
0.5583915114402771,0,0
0.7275403738021851,0,0
0.9423120617866516,0,0
0.8609215021133423,0,0
0.9678925275802612,0,0
0.7202938795089722,0,0
0.7087541222572327,0,0
0.7969731688499451,0,0
0.5714901089668274,0,0
0.7419925928115845,0,0
0.7394147515296936,0,0
0.8771950006484985,0,0
0.5556458234786987,0,0
0.8898480534553528,0,0
0.7910559177398682,0,0
0.8023570775985718,0,0
0.8450767993927002,0,0
0.8339419364929199,0,0
0.7527756690979004,0,0
0.8410716652870178,0,0
0.8672493100166321,0,0
0.751750111579895,0,0
0.5745887756347656,0,0
0.7736256122589111,0,0
0.795950174331665,0,0
0.9296553730964661,0,0
0.8019956350326538,0,0
0.44660815596580505,1,0
0.6228805184364319,0,0
0.8028609752655029,0,0
0.7312750816345215,0,0
0.6380264759063721,0,0
0.7465842962265015,0,0
0.6531577706336975,0,0
0.8738231658935547,0,0
0.9196184277534485,0,0
0.790692150592804,0,0
0.6675902605056763,0,0
0.8236889243125916,0,0
0.9055989384651184,0,0
0.6902565956115723,0,0
0.7897934913635254,0,0
0.6665893793106079,0,0
0.7964003086090088,0,0
0.695008397102356,0,0
0.7767609357833862,0,0
0.6457952260971069,0,0
0.746332049369812,0,0
0.818276584148407,0,0
0.7616045475006104,0,0
0.8539189696311951,0,0
0.89767986536026,0,0
0.8353983163833618,0,0
0.7827680706977844,0,0
0.7465787529945374,0,0
0.7643767595291138,0,0
0.7779794335365295,0,0
0.8120071291923523,0,0
0.8208955526351929,0,0
0.74165278673172,0,0
0.8266109228134155,0,0
0.8455584049224854,0,0
0.5922558903694153,0,0
0.8672901391983032,0,0
0.7837092876434326,0,0
0.5793149471282959,0,0
0.7805473804473877,0,0
0.7380474805831909,0,0
0.8427684903144836,0,0
0.809759259223938,0,0
0.6965869665145874,0,0
0.7270740866661072,0,0
0.8519666790962219,0,0
0.8091113567352295,0,0
0.7842447757720947,0,0
0.6875247955322266,0,0
0.8380456566810608,0,0
0.8062096238136292,0,0
0.6758247017860413,0,0
0.847200870513916,0,0
0.757744312286377,0,0
0.8256397247314453,0,0
0.8164976835250854,0,0
0.800666332244873,0,0
0.7779360413551331,0,0
0.6815508008003235,0,0
0.864028811454773,0,0
0.8632257580757141,0,0
0.7458537220954895,0,0
0.7152762413024902,0,0
0.7943224310874939,0,0
0.6694297790527344,0,0
0.8462116718292236,0,0
0.6550841331481934,0,0
0.9037102460861206,0,0
0.6798662543296814,0,0
0.8497493267059326,0,0
0.6163897514343262,0,0
0.8588972687721252,0,0
0.750697135925293,0,0
0.6829205751419067,0,0
0.806967556476593,0,0
0.8681557774543762,0,0
0.9002252817153931,0,0
0.7747262716293335,0,0
0.7375898957252502,0,0
0.6652563214302063,0,0
0.7490938901901245,0,0
0.9433390498161316,0,0
0.8054325580596924,0,0
0.8670742511749268,0,0
0.8182936906814575,0,0
0.8109240531921387,0,0
0.6400923728942871,0,0
0.9111099243164062,0,0
0.7847683429718018,0,0
0.6532578468322754,0,0
0.7167854905128479,0,0
0.8227353096008301,0,0
0.6926501989364624,0,0
0.8120661377906799,0,0
0.8224949836730957,0,0
0.740259051322937,0,0
0.7118968963623047,0,0
0.822762668132782,0,0
0.690577507019043,0,0
0.7840309143066406,0,0
0.7569789886474609,0,0
0.7233766913414001,0,0
0.7824350595474243,0,0
0.7924798727035522,0,0
0.8487434983253479,0,0
0.8393548130989075,0,0
0.6345311999320984,0,0
0.6312565803527832,0,0
0.8153679966926575,0,0
0.5842790603637695,0,0
0.7644131779670715,0,0
0.748435378074646,0,0
0.7540270090103149,0,0
0.80361008644104,0,0
0.8750454187393188,0,0
0.8182125091552734,0,0
0.741443932056427,0,0
0.7379130125045776,0,0
0.9060637354850769,0,0
0.9467422962188721,0,0
0.8073276281356812,0,0
0.8305934071540833,0,0
0.8054825067520142,0,0
0.793830931186676,0,0
0.8215346336364746,0,0
0.7338061928749084,0,0
0.86165851354599,0,0
0.722150444984436,0,0
0.6568158864974976,0,0
0.9948022365570068,0,0
0.6796135902404785,0,0
0.710441529750824,0,0
0.7696962952613831,0,0
0.6918349266052246,0,0
0.8192136883735657,0,0
0.7231348752975464,0,0
0.7759133577346802,0,0
0.7323535680770874,0,0
0.6544809341430664,0,0
0.8548258543014526,0,0
0.8190963268280029,0,0
0.8645803332328796,0,0
0.9781596660614014,0,0
0.8170488476753235,0,0
0.5722595453262329,0,0
0.7782630324363708,0,0
0.8594963550567627,0,0
0.6960572600364685,0,0
0.8235856294631958,0,0
0.7169742584228516,0,0
0.6194108128547668,0,0
0.6859328746795654,0,0
0.8353095054626465,0,0
0.8307443261146545,0,0
0.8689290285110474,0,0
0.8605499267578125,0,0
0.7703227400779724,0,0
0.7799537777900696,0,0
0.7328075766563416,0,0
0.7687844038009644,0,0
0.7322480082511902,0,0
0.8003852963447571,0,0
0.6675824522972107,0,0
0.9438107013702393,0,0
0.8662818074226379,0,0
0.6488271951675415,0,0
0.7852755784988403,0,0
0.7131974697113037,0,0
0.8499643206596375,0,0
0.7762671113014221,0,0
0.8811826705932617,0,0
0.566557765007019,0,0
0.8861833214759827,0,0
0.7807310223579407,0,0
0.7984082698822021,0,0
0.8384847640991211,0,0
0.8567004203796387,0,0
0.6815159320831299,0,0
0.7858144640922546,0,0
0.9701082110404968,0,0
0.6897225379943848,0,0
0.717175304889679,0,0
0.9650661945343018,0,0
0.7201299071311951,0,0
0.7782588005065918,0,0
0.751439094543457,0,0
0.6753990650177002,0,0
0.9376071095466614,0,0
0.689078688621521,0,0
0.6971244812011719,0,0
0.8807277679443359,0,0
0.7942976951599121,0,0
0.6496894359588623,0,0
0.7948314547538757,0,0
0.831756591796875,0,0
1.7781802415847778,0,0
0.7525222301483154,0,0
0.855113685131073,0,0
0.6930152773857117,0,0
0.6946331262588501,0,0
0.7515296936035156,0,0
0.8049192428588867,0,0
0.8411034345626831,0,0
0.7915241718292236,0,0
0.8009738922119141,0,0
0.592313289642334,0,0
0.8818562030792236,0,0
0.7602745294570923,0,0
0.8698849081993103,0,0
0.6840764284133911,0,0
0.6848507523536682,0,0
0.86531662940979,0,0
0.6689257025718689,0,0
0.7280330061912537,0,0
0.7679481506347656,0,0
0.7758183479309082,0,0
0.818193793296814,0,0
0.7768945693969727,0,0
0.5846210718154907,0,0
0.814224123954773,0,0
0.8272383809089661,0,0
0.8110689520835876,0,0
0.5738850831985474,0,0
0.7150306701660156,0,0
0.7809322476387024,0,0
0.9088497161865234,0,0
0.8383910655975342,0,0
0.6995465755462646,0,0
0.7463247179985046,0,0
0.9090617299079895,0,0
0.6865853071212769,0,0
0.5552923679351807,0,0
0.7385081052780151,0,0
0.9136161804199219,0,0
0.842636227607727,0,0
0.7677910327911377,0,0
0.663451075553894,0,0
0.7242087125778198,0,0
0.5789416432380676,0,0
1.6473424434661865,0,0
0.8508731722831726,0,0
0.787579357624054,0,0
0.7458713054656982,0,0
0.7257130146026611,0,0
0.8188776969909668,0,0
0.7143035531044006,0,0
0.6698484420776367,0,0
0.8274903893470764,0,0
0.8901394605636597,0,0
0.8219174146652222,0,0
0.5702811479568481,0,0
0.6447538137435913,0,0
0.7222058773040771,0,0
0.8132907748222351,0,0
0.8209385871887207,0,0
0.793800950050354,0,0
0.6003737449645996,0,0
0.9289130568504333,0,0
0.6961218118667603,0,0
0.791312575340271,0,0
0.8087389469146729,0,0
0.9080209136009216,0,0
0.7251161932945251,0,0
0.8431367874145508,0,0
0.6781065464019775,0,0
0.7419369220733643,0,0
0.7466688752174377,0,0
0.8572513461112976,0,0
0.8023294806480408,0,0
0.801636815071106,0,0
0.7168582677841187,0,0
1.1193945407867432,0,0
0.8319066166877747,0,0
0.7325721979141235,0,0
0.7700385451316833,0,0
0.8836813569068909,0,0
0.8390090465545654,0,0
0.7160475850105286,0,0
0.8065980076789856,0,0
0.6028830409049988,0,0
0.8446206450462341,0,0
0.7206973433494568,0,0
0.73365318775177,0,0
0.7585142254829407,0,0
0.8224034309387207,0,0
0.6418226361274719,0,0
0.7440280914306641,0,0
0.7870919704437256,0,0
0.8700770735740662,0,0
0.8140843510627747,0,0
0.704753041267395,0,0
0.699394166469574,0,0
0.7333810329437256,0,0
0.7289204001426697,0,0
0.6994789242744446,0,0
0.8821076154708862,0,0
0.6960292458534241,0,0
0.733473002910614,0,0
0.7680721282958984,0,0
0.6590563058853149,0,0
0.8292519450187683,0,0
0.7364473342895508,0,0
0.6318854093551636,0,0
0.7703016996383667,0,0
0.7267770767211914,0,0
0.7608495354652405,0,0
0.6657861471176147,0,0
0.5926525592803955,0,0
0.7045853137969971,0,0
0.7847537994384766,0,0
0.7026755809783936,0,0
2.0929222106933594,0,0
0.7174269556999207,0,0
0.7524819374084473,0,0
0.7202668190002441,0,0
0.7383970618247986,0,0
0.6923617720603943,0,0
0.7141531705856323,0,0
0.7018759250640869,0,0
0.8404503464698792,0,0
0.7683793306350708,0,0
0.869270384311676,0,0
0.7398077249526978,0,0
0.8018141984939575,0,0
0.6241697669029236,0,0
0.7882729768753052,0,0
0.8411349654197693,0,0
0.8667638897895813,0,0
0.7347724437713623,0,0
0.8904424905776978,0,0
0.670682430267334,0,0
0.8529671430587769,0,0
0.7855439782142639,0,0
0.7976486086845398,0,0
0.8343386650085449,0,0
0.9773768186569214,0,0
0.7891565561294556,0,0
0.7368122935295105,0,0
0.5814076066017151,0,0
0.7791938781738281,0,0
0.6571435332298279,0,0
0.9510642290115356,0,0
0.5973240733146667,0,0
0.8909400701522827,0,0
0.650800883769989,0,0
0.7681725025177002,0,0
0.7898827791213989,0,0
0.6572281122207642,0,0
0.7255390286445618,0,0
0.8510884642601013,0,0
0.8132233619689941,0,0
0.7526226043701172,0,0
0.5756580829620361,0,0
0.7597588300704956,0,0
0.7716194987297058,0,0
0.8438266515731812,0,0
0.7738770246505737,0,0
0.7774848937988281,0,0
0.7539940476417542,0,0
0.6796712875366211,0,0
0.5987086296081543,0,0
0.816181480884552,0,0
0.7403398752212524,0,0
0.9629363417625427,0,0
0.91318279504776,0,0
0.5278236865997314,0,0
0.8137432932853699,0,0
0.8497548699378967,0,0
0.7347814440727234,0,0
2.310903787612915,0,0
0.8474316000938416,0,0
0.7462403178215027,0,0
0.7994495630264282,0,0
0.7789340019226074,0,0
0.779259979724884,0,0
0.9294298887252808,0,0
0.873060941696167,0,0
0.9906958341598511,0,0
0.6531659364700317,0,0
0.7300450801849365,0,0
0.7566923499107361,0,0
0.999718189239502,0,0
0.6652818322181702,0,0
0.7875699996948242,0,0
0.8730262517929077,0,0
0.7404391765594482,0,0
0.696073055267334,0,0
0.771784245967865,0,0
0.6865501403808594,0,0
0.6950200796127319,0,0
0.6269694566726685,0,0
0.7797503471374512,0,0
0.7450829148292542,0,0
0.6728794574737549,0,0
0.8554584383964539,0,0
0.7312803268432617,0,0
0.6281282901763916,0,0
0.7128399014472961,0,0
0.7470403909683228,0,0
0.6651756763458252,0,0
0.7618523240089417,0,0
0.7426990270614624,0,0
0.8236919045448303,0,0
0.9426988363265991,0,0
0.7991268634796143,0,0
0.6192982792854309,0,0
0.7403905391693115,0,0
0.6096931099891663,0,0
0.6684707999229431,0,0
0.6922788023948669,0,0
0.6509038209915161,0,0
0.8945646286010742,0,0
0.6714563965797424,0,0
0.8245032429695129,0,0
0.8154661655426025,0,0
0.7811129093170166,0,0
0.7471762895584106,0,0
0.7859182357788086,0,0
0.7288157939910889,0,0
0.7418876886367798,0,0
0.6820378303527832,0,0
0.7245265245437622,0,0
0.8048011064529419,0,0
0.7774229049682617,0,0
0.8253692388534546,0,0
0.9163132309913635,0,0
0.7968448996543884,0,0
0.8183239698410034,0,0
0.8283417820930481,0,0
0.770607590675354,0,0
0.8836520910263062,0,0
0.9194262027740479,0,0
0.7388083934783936,0,0
0.7402184009552002,0,0
0.735273540019989,0,0
0.8839672803878784,0,0
0.8008671402931213,0,0
0.700817346572876,0,0
0.812097430229187,0,0
0.6748149394989014,0,0
0.8263273239135742,0,0
0.8152377009391785,0,0
0.719261109828949,0,0
0.6842830777168274,0,0
0.7060400247573853,0,0
0.8100596070289612,0,0
0.7779378294944763,0,0
0.6099621057510376,0,0
0.6954904198646545,0,0
0.7040119171142578,0,0
0.8957585096359253,0,0
0.6443812251091003,0,0
0.7870895862579346,0,0
0.6567708253860474,0,0
0.8897258043289185,0,0
0.8173413276672363,0,0
0.7766428589820862,0,0
0.9109901785850525,0,0
0.7240129709243774,0,0
0.9752053022384644,0,0
0.7573040127754211,0,0
0.7918351888656616,0,0
0.8443107604980469,0,0
0.7105937004089355,0,0
0.8504984974861145,0,0
0.5639129281044006,0,0
0.738307774066925,0,0
0.818095326423645,0,0
0.6080880761146545,0,0
0.8638719320297241,0,0
0.598092794418335,0,0
0.6591070294380188,0,0
0.7083841562271118,0,0
0.9607094526290894,0,0
0.6060950756072998,0,0
0.9208468198776245,0,0
0.7127590775489807,0,0
0.5415747165679932,0,0
0.9055615663528442,0,0
0.8187122344970703,0,0
0.7155323028564453,0,0
0.8015848398208618,0,0
0.6508293151855469,0,0
0.7861500978469849,0,0
0.8161857724189758,0,0
0.8367457389831543,0,0
0.8004168272018433,0,0
0.8894994854927063,0,0
0.8352009654045105,0,0
0.7627560496330261,0,0
0.7071691155433655,0,0
0.6989575624465942,0,0
0.9750952124595642,0,0
0.7805230617523193,0,0
0.7491490244865417,0,0
0.7892154455184937,0,0
0.6816340088844299,0,0
0.7360541820526123,0,0
0.7420260310173035,0,0
0.7769091725349426,0,0
0.6575034260749817,0,0
0.7758738994598389,0,0
0.8176014423370361,0,0
0.8255496025085449,0,0
0.751009464263916,0,0
0.8281017541885376,0,0
0.8140774965286255,0,0
0.8873807787895203,0,0
0.6064969301223755,0,0
0.6269503235816956,0,0
0.8077608942985535,0,0
0.6736375093460083,0,0
0.7259013652801514,0,0
0.8215298652648926,0,0
0.868663489818573,0,0
0.7501488924026489,0,0
0.6587372422218323,0,0
0.670684278011322,0,0
0.7314643263816833,0,0
0.7554865479469299,0,0
0.6090837717056274,0,0
0.8737742900848389,0,0
0.7940623164176941,0,0
1.361103892326355,0,0
0.8201665282249451,0,0
0.8296786546707153,0,0
0.9255685806274414,0,0
0.8012803792953491,0,0
0.7259580492973328,0,0
0.8920748829841614,0,0
0.8401843905448914,0,0
0.8274806141853333,0,0
0.5811136960983276,0,0
0.7448942065238953,0,0
0.7940087914466858,0,0
0.8146972060203552,0,0
0.7798154950141907,0,0
0.5256898403167725,0,0
0.8338729739189148,0,0
0.7341916561126709,0,0
0.6817858219146729,0,0
0.6469696760177612,0,0
0.8321577906608582,0,0
0.7277820110321045,0,0
0.775272786617279,0,0
0.8132972717285156,0,0
0.7822268009185791,0,0
0.7692484855651855,0,0
0.7392692565917969,0,0
0.7372407913208008,0,0
0.725241482257843,0,0
0.7419795393943787,0,0
0.6834107637405396,0,0
0.7240334749221802,0,0
0.7093369364738464,0,0
0.6292815208435059,0,0
0.6721062064170837,0,0
0.7809997200965881,0,0
0.7996447086334229,0,0
0.660822331905365,0,0
0.6914861798286438,0,0
0.8878093957901001,0,0
0.881003201007843,0,0
0.6601417064666748,0,0
0.720705509185791,0,0
0.7865814566612244,0,0
0.7103391885757446,0,0
0.7543268203735352,0,0
0.6801090836524963,0,0
0.6702014207839966,0,0
0.7440443634986877,0,0
0.5329399704933167,0,0
0.6523123979568481,0,0
0.7208091020584106,0,0
0.7236202359199524,0,0
0.8146906495094299,0,0
0.8968991637229919,0,0
0.7721221446990967,0,0
0.8382415175437927,0,0
0.9233734607696533,0,0
0.7801389694213867,0,0
0.8370678424835205,0,0
0.7691112756729126,0,0
0.7184089422225952,0,0
0.7315417528152466,0,0
0.8595608472824097,0,0
0.8064293265342712,0,0
0.7287645936012268,0,0
0.8433955907821655,0,0
0.5923108458518982,0,0
0.6231278777122498,0,0
0.7237988710403442,0,0
0.7781316041946411,0,0
0.6341880559921265,0,0
0.8024197220802307,0,0
0.7567536234855652,0,0
0.8657008409500122,0,0
0.5234660506248474,0,0
0.6863577961921692,0,0
0.8062819838523865,0,0
0.9109638333320618,0,0
0.7822237610816956,0,0
0.8080030679702759,0,0
0.7778478264808655,0,0
0.8587315082550049,0,0
0.7082070112228394,0,0
0.8053097128868103,0,0
0.6687010526657104,0,0
0.8513972163200378,0,0
0.674891471862793,0,0
0.770879864692688,0,0
0.727494478225708,0,0
1.6233066320419312,0,0
0.719757616519928,0,0
0.776992917060852,0,0
0.6591106653213501,0,0
0.8530229330062866,0,0
0.728668749332428,0,0
0.8477565050125122,0,0
0.7334989905357361,0,0
0.7846686840057373,0,0
0.7784724235534668,0,0
0.7265650629997253,0,0
0.7914816737174988,0,0
0.9065381288528442,0,0
0.8459514379501343,0,0
0.9760527610778809,0,0
0.8844999074935913,0,0
0.771560788154602,0,0
0.6879517436027527,0,0
0.6432632803916931,0,0
0.7564229965209961,0,0
0.6571783423423767,0,0
0.778427243232727,0,0
0.6284563541412354,0,0
0.8940578699111938,0,0
0.6651394367218018,0,0
1.0301891565322876,0,0
0.8192387819290161,0,0
0.7837514877319336,0,0
0.7705722451210022,0,0
0.6716102957725525,0,0
0.7804968357086182,0,0
0.6785297393798828,0,0
0.7444438934326172,0,0
0.6857548356056213,0,0
0.5072038769721985,0,0
0.8374145030975342,0,0
0.6762945055961609,0,0
0.7942684888839722,0,0
0.6626143455505371,0,0
0.727739155292511,0,0
0.8229106664657593,0,0
0.8084888458251953,0,0
0.6405596137046814,0,0
0.7832947969436646,0,0
0.7276524305343628,0,0
0.8108062744140625,0,0
0.8434435129165649,0,0
0.8112985491752625,0,0
0.6762300133705139,0,0
0.9760808348655701,0,0
0.7780442833900452,0,0
0.7498381733894348,0,0
0.562592625617981,0,0
0.8564879894256592,0,0
0.873055100440979,0,0
0.8126868009567261,0,0
0.892505943775177,0,0
0.84013831615448,0,0
0.7456469535827637,0,0
0.7012813687324524,0,0
0.7622420191764832,0,0
0.7065631747245789,0,0
0.7074732780456543,0,0
0.9235575199127197,0,0
0.8293191194534302,0,0
0.8480184078216553,0,0
1.0245022773742676,0,0
0.6732326149940491,0,0
0.8888043165206909,0,0
0.8951340317726135,0,0
0.8611142039299011,0,0
0.802611231803894,0,0
0.8732469081878662,0,0
0.7090395092964172,0,0
0.8053527474403381,0,0
0.7328289747238159,0,0
0.7740610241889954,0,0
0.8147022128105164,0,0
0.635041356086731,0,0
0.6914718747138977,0,0
0.92901211977005,0,0
0.7354714870452881,0,0
0.8932825326919556,0,0
0.7561393976211548,0,0
0.7809781432151794,0,0
0.6551077961921692,0,0
0.6923098564147949,0,0
0.8522307872772217,0,0
1.061133623123169,0,0
0.5320081114768982,0,0
0.7749295234680176,0,0
0.7173068523406982,0,0
1.1131755113601685,0,0
0.7594800591468811,0,0
0.7903298139572144,0,0
0.7754524350166321,0,0
0.7482845187187195,0,0
0.786866307258606,0,0
0.7575241923332214,0,0
0.8078052997589111,0,0
0.9935975074768066,0,0
0.685004711151123,0,0
0.8452484607696533,0,0
0.8798843026161194,0,0
0.7119008302688599,0,0
0.8185458779335022,0,0
0.6809903383255005,0,0
0.5524300932884216,0,0
0.7621115446090698,0,0
0.9380339980125427,0,0
0.7972344160079956,0,0
0.8165509700775146,0,0
0.8818162083625793,0,0
0.5255100727081299,0,0
0.7611364722251892,0,0
0.8677490949630737,0,0
0.8139024972915649,0,0
0.6612511277198792,0,0
0.7618790864944458,0,0
0.9138334393501282,0,0
0.636013388633728,0,0
0.7864924073219299,0,0
0.6536715030670166,0,0
0.923844039440155,0,0
0.9059937000274658,0,0
0.711581289768219,0,0
0.73922199010849,0,0
0.9599384069442749,0,0
0.7456347942352295,0,0
0.7870270013809204,0,0
0.7618656158447266,0,0
0.7165659666061401,0,0
0.7481783628463745,0,0
0.7394741773605347,0,0
0.8398982286453247,0,0
0.7836828827857971,0,0
0.7629885673522949,0,0
0.6779369115829468,0,0
0.7172873020172119,0,0
0.7838243246078491,0,0
0.9488093852996826,0,0
0.7771061062812805,0,0
0.7223206162452698,0,0
0.7357541918754578,0,1
0.6906880140304565,0,1
0.7353736162185669,0,1
0.7857735753059387,0,1
0.7021094560623169,0,1
0.7367631196975708,0,1
0.7422547340393066,0,1
0.7418271899223328,0,1
0.6976941227912903,0,1
0.7114064693450928,0,1
0.6973358988761902,0,1
0.7613796591758728,0,1
0.730444610118866,0,1
0.6973358988761902,0,1
0.7622696757316589,0,1
0.7761420011520386,0,1
0.6973358988761902,0,1
0.7377171516418457,0,1
0.772391676902771,0,1
0.7130822539329529,0,1
0.7564611434936523,0,1
0.6736443638801575,0,1
0.7266623973846436,0,1
0.8306315541267395,0,1
0.7491111755371094,0,1
0.8209041953086853,0,1
0.6977733969688416,0,1
0.7534404397010803,0,1
0.7317468523979187,0,1
0.7265526056289673,0,1
0.7024096250534058,0,1
0.7174713015556335,0,1
0.7543697357177734,0,1
0.7552891969680786,0,1
0.7035110592842102,0,1
0.6919745802879333,0,1
0.689942479133606,0,1
0.7345377206802368,0,1
0.6628608703613281,0,1
0.7142694592475891,0,1
0.7543094754219055,0,1
0.7722970247268677,0,1
0.7612108588218689,0,1
0.7438139915466309,0,1
0.7188816070556641,0,1
0.7520878314971924,0,1
0.6973358988761902,0,1
0.7618963718414307,0,1
0.680442214012146,0,1
0.7895193099975586,0,1
0.6973358988761902,0,1
0.6973358988761902,0,1
0.7189522981643677,0,1
0.7446924448013306,0,1
0.6979348659515381,0,1
0.8313270807266235,0,1
0.6899902820587158,0,1
0.728319525718689,0,1
0.8520871996879578,0,1
0.6973358988761902,0,1
0.7426618933677673,0,1
0.748135507106781,0,1
0.8161634206771851,0,1
0.7195757031440735,0,1
0.7005642056465149,0,1
0.8876113891601562,0,1
0.7933456301689148,0,1
0.7239195704460144,0,1
0.6874257922172546,0,1
0.6973358988761902,0,1
0.741849422454834,0,1
0.743779718875885,0,1
0.7600737810134888,0,1
0.7416717410087585,0,1
0.7520349621772766,0,1
0.740866482257843,0,1
0.7113264203071594,0,1
0.7833228707313538,0,1
0.8076291084289551,0,1
0.7729150652885437,0,1
0.7686793804168701,0,1
0.7051240801811218,0,1
0.6770533323287964,0,1
0.7450288534164429,0,1
0.757729172706604,0,1
0.6802791953086853,0,1
0.7151015400886536,0,1
0.8261923789978027,0,1
0.7511586546897888,0,1
0.7227516174316406,0,1
0.7365525364875793,0,1
0.7516598105430603,0,1
0.7684248685836792,0,1
0.8198177814483643,0,1
0.7418171167373657,0,1
0.7426092028617859,0,1
0.8192905783653259,0,1
0.7877227663993835,0,1
0.7636598348617554,0,1
0.7354539036750793,0,1
0.7236016392707825,0,1
0.6973358988761902,0,1
0.7353488802909851,0,1
0.7108787894248962,0,1
0.6973358988761902,0,1
0.7528967261314392,0,1
0.7042349576950073,0,1
0.6897265315055847,0,1
0.7711049318313599,0,1
0.7312520146369934,0,1
0.8294910788536072,0,1
0.7220829129219055,0,1
0.7743874788284302,0,1
0.729820966720581,0,1
0.705805242061615,0,1
0.732933759689331,0,1
0.6973358988761902,0,1
0.6935465335845947,0,1
0.7294921875,0,1
0.6938185095787048,0,1
0.7351362705230713,0,1
0.7662166357040405,0,1
0.7958950996398926,0,1
0.6973358988761902,0,1
0.6981587409973145,0,1
0.713775634765625,0,1
0.7154342532157898,0,1
0.6908127069473267,0,1
0.7162912487983704,0,1
0.7011001110076904,0,1
0.6973358988761902,0,1
0.6981406807899475,0,1
0.7077012062072754,0,1
0.7875200510025024,0,1
0.7541374564170837,0,1
0.7215248942375183,0,1
0.7453799843788147,0,1
0.9514729976654053,0,1
0.7566526532173157,0,1
0.7557697892189026,0,1
0.6840250492095947,0,1
0.6960175037384033,0,1
0.7086856365203857,0,1
0.7395617365837097,0,1
0.7480288743972778,0,1
0.7971945405006409,0,1
0.7458229660987854,0,1
0.7245994210243225,0,1
0.7043125629425049,0,1
0.6973358988761902,0,1
0.6708089113235474,0,1
0.8121193051338196,0,1
0.7676099538803101,0,1
0.7532806396484375,0,1
0.7927590012550354,0,1
0.8126800060272217,0,1
0.8199631571769714,0,1
0.7188911437988281,0,1
0.7726259231567383,0,1
0.697482168674469,0,1
0.7669580578804016,0,1
0.7125093936920166,0,1
0.7686116099357605,0,1
0.6857456564903259,0,1
0.6973358988761902,0,1
0.71951824426651,0,1
0.7341233491897583,0,1
0.6888196468353271,0,1
0.7806284427642822,0,1
0.6973358988761902,0,1
0.8094800710678101,0,1
0.7180484533309937,0,1
0.7960095405578613,0,1
0.7198598384857178,0,1
0.7073493003845215,0,1
0.7287305593490601,0,1
0.6953108310699463,0,1
0.7473657131195068,0,1
0.6667478680610657,0,1
0.6973358988761902,0,1
0.690729022026062,0,1
0.7124434113502502,0,1
0.7158058285713196,0,1
0.6972184777259827,0,1
0.7773797512054443,0,1
0.7638189196586609,0,1
0.6966877579689026,0,1
0.773905336856842,0,1
0.6974974274635315,0,1
0.7360271215438843,0,1
0.7203328609466553,0,1
0.7746416926383972,0,1
0.6765899062156677,0,1
0.6545307040214539,0,1
0.774006187915802,0,1
0.7389822006225586,0,1
0.7283841371536255,0,1
0.6973358988761902,0,1
0.7147378921508789,0,1
0.7317250967025757,0,1
0.7581934928894043,0,1
0.6973358988761902,0,1
0.7516172528266907,0,1
0.8983540534973145,0,1
0.7002726197242737,0,1
0.7308841943740845,0,1
0.7162989377975464,0,1
0.7413653135299683,0,1
0.804599940776825,0,1
0.7228673100471497,0,1
0.7418478727340698,0,1
0.7471473217010498,0,1
0.6941102147102356,0,1
0.7397505044937134,0,1
0.7032469511032104,0,1
0.7307796478271484,0,1
0.6350855827331543,0,1
0.691677987575531,0,1
0.6624156832695007,0,1
0.7517114877700806,0,1
0.7133844494819641,0,1
0.7014354467391968,0,1
0.6917737722396851,0,1
0.7351411581039429,0,1
0.7467917799949646,0,1
0.7014568448066711,0,1
0.6953798532485962,0,1
0.7206310033798218,0,1
0.7833441495895386,0,1
0.7301113605499268,0,1
0.7866761684417725,0,1
0.713050365447998,0,1
0.6973358988761902,0,1
0.7570354342460632,0,1
0.7847391963005066,0,1
0.6833638548851013,0,1
0.6967971920967102,0,1
0.7381814122200012,0,1
0.7400058507919312,0,1
0.7165212631225586,0,1
0.7796986103057861,0,1
0.7855849266052246,0,1
0.734086811542511,0,1
0.6971155405044556,0,1
0.6770537495613098,0,1
0.7405819296836853,0,1
0.7310365438461304,0,1
0.7017130851745605,0,1
0.6924106478691101,0,1
0.7256052494049072,0,1
0.6352676749229431,0,1
0.7776256799697876,0,1
0.7007200121879578,0,1
0.7491399645805359,0,1
0.7519835829734802,0,1
0.7136564254760742,0,1
0.7466117143630981,0,1
0.7246503233909607,0,1
0.6811500191688538,0,1
0.7034974098205566,0,1
0.7381064295768738,0,1
0.7037693858146667,0,1
0.7199985384941101,0,1
0.6797000765800476,0,1
0.7250751852989197,0,1
0.6973358988761902,0,1
0.7611297965049744,0,1
0.7289060354232788,0,1
0.7170668244361877,0,1
0.7061415910720825,0,1
0.755624532699585,0,1
0.7028549909591675,0,1
0.7747488021850586,0,1
0.7447527647018433,0,1
0.6973358988761902,0,1
0.6973358988761902,0,1
0.7422558665275574,0,1
0.7189036011695862,0,1
0.7284091711044312,0,1
0.7056475281715393,0,1
0.708522379398346,0,1
0.746340274810791,0,1
0.6973358988761902,0,1
0.6605090498924255,0,1
0.7335864901542664,0,1
0.6973358988761902,0,1
0.6973358988761902,0,1
0.6973358988761902,0,1
0.7391833662986755,0,1
0.6973358988761902,0,1
0.7258856892585754,0,1
0.7774909734725952,0,1
0.762765645980835,0,1
0.6983612179756165,0,1
0.7263792157173157,0,1
0.7244839072227478,0,1
0.7355976104736328,0,1
0.7627249360084534,0,1
0.6973358988761902,0,1
0.6972815990447998,0,1
0.7597105503082275,0,1
0.725161075592041,0,1
0.6973358988761902,0,1
0.6856415271759033,0,1
0.6973358988761902,0,1
0.7353359460830688,0,1
0.7029563784599304,0,1
0.7008284330368042,0,1
0.7225374579429626,0,1
0.7546732425689697,0,1
0.7333354353904724,0,1
0.8152483105659485,0,1
0.6680622100830078,0,1
0.7030544281005859,0,1
0.6936843395233154,0,1
0.7853714823722839,0,1
0.7281380295753479,0,1
0.6973358988761902,0,1
0.7135970592498779,0,1
0.7458019256591797,0,1
0.6649439334869385,0,1
0.719099760055542,0,1
0.7025452852249146,0,1
0.7149692177772522,0,1
0.7524301409721375,0,1
0.6921470165252686,0,1
0.7772383093833923,0,1
0.6973358988761902,0,1
0.7443804144859314,0,1
0.7270612120628357,0,1
0.7393313050270081,0,1
0.6394878625869751,0,1
0.7744457721710205,0,1
0.7190613746643066,0,1
0.8389766216278076,0,1
0.6868294477462769,0,1
0.8149519562721252,0,1
0.6862349510192871,0,1
0.6973358988761902,0,1
0.7076297998428345,0,1
0.7118957042694092,0,1
0.718235969543457,0,1
0.7644292712211609,0,1
0.7293165922164917,0,1
0.7054463624954224,0,1
0.732711136341095,0,1
0.7124816179275513,0,1
0.7047127485275269,0,1
0.7441283464431763,0,1
0.7639733552932739,0,1
0.6969766616821289,0,1
0.7297104001045227,0,1
0.6973358988761902,0,1
0.7030050754547119,0,1
0.6889516711235046,0,1
0.693664014339447,0,1
0.8097395896911621,0,1
0.7241930961608887,0,1
0.7337839007377625,0,1
0.7441840171813965,0,1
0.6962946653366089,0,1
0.7628354430198669,0,1
0.7025521397590637,0,1
0.6929214000701904,0,1
0.7056136131286621,0,1
0.6973358988761902,0,1
0.8175584077835083,0,1
0.7202337384223938,0,1
0.708213746547699,0,1
0.7038733959197998,0,1
0.6949577331542969,0,1
0.6995342969894409,0,1
0.676339864730835,0,1
0.7754623889923096,0,1
0.7505603432655334,0,1
0.737321674823761,0,1
0.6989177465438843,0,1
0.7182841897010803,0,1
0.705321729183197,0,1
0.7125722169876099,0,1
0.7533376216888428,0,1
0.8224866390228271,0,1
0.7555434703826904,0,1
0.7344164848327637,0,1
0.7131534814834595,0,1
0.7844009399414062,0,1
0.7236610651016235,0,1
0.7084090113639832,0,1
0.7339948415756226,0,1
0.7167037725448608,0,1
0.6693642139434814,0,1
0.7413158416748047,0,1
0.7598783373832703,0,1
0.6975377798080444,0,1
0.6973358988761902,0,1
0.7171162962913513,0,1
0.7725768089294434,0,1
0.7167826890945435,0,1
0.8216265439987183,0,1
1.2456620931625366,0,1
0.7192376255989075,0,1
0.7676642537117004,0,1
0.7005438804626465,0,1
0.7045171856880188,0,1
0.7153235077857971,0,1
0.6974197626113892,0,1
0.7307825684547424,0,1
0.7341464757919312,0,1
0.8255428075790405,0,1
0.8012740612030029,0,1
0.6937434673309326,0,1
0.6973358988761902,0,1
0.6919841170310974,0,1
0.7776457667350769,0,1
0.6942378282546997,0,1
0.752165675163269,0,1
0.7338363528251648,0,1
0.7681482434272766,0,1
0.7505211234092712,0,1
0.7682413458824158,0,1
0.6954886317253113,0,1
0.6973358988761902,0,1
0.7685566544532776,0,1
0.6942318677902222,0,1
0.7559742331504822,0,1
0.7310391068458557,0,1
0.6973358988761902,0,1
0.6914122104644775,0,1
0.6890010833740234,0,1
0.6838803291320801,0,1
0.7362837195396423,0,1
0.7547198534011841,0,1
0.7475476264953613,0,1
0.69734787940979,0,1
0.7174333930015564,0,1
0.7003199458122253,0,1
0.7023724317550659,0,1
0.6973358988761902,0,1
0.7749343514442444,0,1
0.7359777688980103,0,1
0.7177633047103882,0,1
0.6973358988761902,0,1
0.7376719117164612,0,1
0.7756141424179077,0,1
0.6973358988761902,0,1
0.697331964969635,0,1
0.7453202605247498,0,1
0.6973358988761902,0,1
0.7084586024284363,0,1
0.7785943746566772,0,1
0.7345250248908997,0,1
0.6973358988761902,0,1
0.7068498134613037,0,1
0.7399085760116577,0,1
0.6973358988761902,0,1
0.7342303395271301,0,1
0.8253726959228516,0,1
0.7050307989120483,0,1
0.750751256942749,0,1
0.7830970287322998,0,1
0.7169585824012756,0,1
0.7503815293312073,0,1
0.7051596641540527,0,1
0.6893560290336609,0,1
0.7325736284255981,0,1
0.776974618434906,0,1
0.7285782694816589,0,1
0.7495813369750977,0,1
0.774335503578186,0,1
0.6819902062416077,0,1
0.7761338353157043,0,1
0.7269052863121033,0,1
0.6736728549003601,0,1
0.6949300765991211,0,1
0.6963064074516296,0,1
0.707252562046051,0,1
0.7497130632400513,0,1
0.7584758996963501,0,1
0.715161919593811,0,1
0.7539350986480713,0,1
0.7463511824607849,0,1
0.7148194313049316,0,1
0.6973358988761902,0,1
0.7077710032463074,0,1
0.7716268301010132,0,1
0.8434101939201355,0,1
0.722948431968689,0,1
0.801375150680542,0,1
0.6973358988761902,0,1
0.7640676498413086,0,1
0.7897045612335205,0,1
0.6973358988761902,0,1
0.7275052666664124,0,1
0.713330864906311,0,1
0.7432140111923218,0,1
0.7271614670753479,0,1
0.7606183886528015,0,1
0.7674480676651001,0,1
0.6973358988761902,0,1
0.7637044191360474,0,1
0.8133118748664856,0,1
0.7346987724304199,0,1
0.7628133296966553,0,1
0.7077266573905945,0,1
0.6872174143791199,0,1
0.6825234293937683,0,1
0.7591257691383362,0,1
0.7468913197517395,0,1
0.6973358988761902,0,1
0.7744339108467102,0,1
0.6973358988761902,0,1
0.7282010316848755,0,1
0.799803614616394,0,1
0.7211828827857971,0,1
0.7473613023757935,0,1
0.7005864977836609,0,1
0.6973358988761902,0,1
0.7134127020835876,0,1
0.7296688556671143,0,1
0.7600115537643433,0,1
0.7000933289527893,0,1
0.7208283543586731,0,1
0.7662158012390137,0,1
0.6896288990974426,0,1
0.7796887755393982,0,1
0.7379217147827148,0,1
0.7596165537834167,0,1
0.726103663444519,0,1
0.6973358988761902,0,1
0.762152910232544,0,1
0.7314463257789612,0,1
0.7321792840957642,0,1
0.75621497631073,0,1
0.7039303779602051,0,1
0.7319187521934509,0,1
0.7010774612426758,0,1
0.725366473197937,0,1
0.7121753692626953,0,1
0.7496669292449951,0,1
0.7068652510643005,0,1
0.7116515040397644,0,1
0.7317453622817993,0,1
0.734001636505127,0,1
0.8198293447494507,0,1
0.7433834671974182,0,1
0.7910371422767639,0,1
0.7632497549057007,0,1
0.7470965385437012,0,1
0.7158960103988647,0,1
0.6973358988761902,0,1
0.809380829334259,0,1
0.7409783005714417,0,1
0.720859944820404,0,1
0.707518458366394,0,1
0.7844843864440918,0,1
0.6973358988761902,0,1
0.6973358988761902,0,1
0.7715708613395691,0,1
0.720157265663147,0,1
0.7264062762260437,0,1
0.6973358988761902,0,1
0.6973358988761902,0,1
0.733165442943573,0,1
0.7511138916015625,0,1
0.6609545350074768,0,1
0.7217562794685364,0,1
0.7233924269676208,0,1
0.7292372584342957,0,1
0.7772480249404907,0,1
0.7251338362693787,0,1
0.7142447233200073,0,1
0.6973358988761902,0,1
0.6980190873146057,0,1
0.7344555258750916,0,1
0.716423511505127,0,1
0.7185544967651367,0,1
0.7016088962554932,0,1
0.7440615892410278,0,1
0.7014284729957581,0,1
0.7068778872489929,0,1
0.7163417935371399,0,1
0.7132108211517334,0,1
0.7277189493179321,0,1
0.7164318561553955,0,1
0.7415693998336792,0,1
0.7252405881881714,0,1
0.6973358988761902,0,1
0.7194007039070129,0,1
0.7466034889221191,0,1
0.6973358988761902,0,1
0.7931860685348511,0,1
0.7818811535835266,0,1
0.689719557762146,0,1
0.7149295210838318,0,1
0.7668263912200928,0,1
0.7673917412757874,0,1
0.7545164227485657,0,1
0.7075001001358032,0,1
0.6973358988761902,0,1
0.6973228454589844,0,1
0.7237529158592224,0,1
0.7274141311645508,0,1
0.6973358988761902,0,1
0.7337666749954224,0,1
0.6973358988761902,0,1
0.7233729958534241,0,1
0.755339503288269,0,1
0.7164596319198608,0,1
0.7467000484466553,0,1
0.70969557762146,0,1
0.6807709336280823,0,1
0.6973358988761902,0,1
0.7156885862350464,0,1
0.7244488000869751,0,1
0.7368631362915039,0,1
0.6948136687278748,0,1
0.747761607170105,0,1
0.7074092030525208,0,1
0.6973358988761902,0,1
0.7002258896827698,0,1
0.6983876824378967,0,1
0.7331723570823669,0,1
0.711142361164093,0,1
0.7071868777275085,0,1
0.7872753143310547,0,1
0.705889880657196,0,1
0.7131965756416321,0,1
0.7250568866729736,0,1
0.6717646718025208,0,1
0.6973358988761902,0,1
0.7254157662391663,0,1
0.7780511975288391,0,1
0.6973358988761902,0,1
0.7333185076713562,0,1
0.6973358988761902,0,1
0.7877897024154663,0,1
0.7200106382369995,0,1
0.717276930809021,0,1
0.7024393081665039,0,1
0.8177230954170227,0,1
0.7026870846748352,0,1
0.722662091255188,0,1
0.6973358988761902,0,1
0.7111462950706482,0,1
0.7564213871955872,0,1
0.7034732699394226,0,1
0.6973358988761902,0,1
0.6973358988761902,0,1
0.7515528798103333,0,1
0.7285275459289551,0,1
0.742687463760376,0,1
0.733925998210907,0,1
0.7814238667488098,0,1
0.6973358988761902,0,1
0.6920961737632751,0,1
0.6973358988761902,0,1
0.6973358988761902,0,1
0.6935087442398071,0,1
0.746495246887207,0,1
0.7749223113059998,0,1
0.7711645364761353,0,1
0.7481691837310791,0,1
0.7603799700737,0,1
0.8258069157600403,0,1
0.7708937525749207,0,1
0.7188922762870789,0,1
0.7315003275871277,0,1
0.7297354936599731,0,1
0.7806870937347412,0,1
0.6670368313789368,0,1
0.739599347114563,0,1
0.6870709657669067,0,1
0.7474814653396606,0,1
0.6973358988761902,0,1
0.7287049293518066,0,1
0.7576477527618408,0,1
0.7412989139556885,0,1
0.7111098766326904,0,1
0.6973358988761902,0,1
0.7603743076324463,0,1
0.7223517298698425,0,1
0.7300620675086975,0,1
0.7459307909011841,0,1
0.7147676348686218,0,1
0.6690789461135864,0,1
0.6973358988761902,0,1
0.7375106811523438,0,1
0.7085928916931152,0,1
0.7566648721694946,0,1
0.791752815246582,0,1
0.7508392333984375,0,1
0.7135924100875854,0,1
0.6973358988761902,0,1
0.6939272284507751,0,1
0.7043071389198303,0,1
0.7650421261787415,0,1
0.6992236375808716,0,1
0.7030718326568604,0,1
0.6835691928863525,0,1
0.6942324638366699,0,1
0.7284649610519409,0,1
0.7103033065795898,0,1
0.8221154808998108,0,1
0.7433713674545288,0,1
0.7525432109832764,0,1
0.7265846133232117,0,1
0.7275887727737427,0,1
0.6973358988761902,0,1
0.6973358988761902,0,1
0.6975966691970825,0,1
0.7500667572021484,0,1
0.7523020505905151,0,1
0.7822190523147583,0,1
0.7766896486282349,0,1
0.6973358988761902,0,1
0.7818177342414856,0,1
0.7115740776062012,0,1
0.7027475833892822,0,1
0.6669772267341614,0,1
0.7512175440788269,0,1
0.6971168518066406,0,1
0.6798852682113647,0,1
0.8202002644538879,0,1
0.8212980031967163,0,1
0.833873987197876,0,1
0.7363508939743042,0,1
0.6973358988761902,0,1
0.6973358988761902,0,1
0.7618029713630676,0,1
0.736731231212616,0,1
0.6973358988761902,0,1
0.7207846641540527,0,1
0.6973358988761902,0,1
0.7452426552772522,0,1
0.7592386603355408,0,1
0.6927329301834106,0,1
0.7480942606925964,0,1
0.7051400542259216,0,1
0.7501752972602844,0,1
0.7048499584197998,0,1
0.806834876537323,0,1
0.699067234992981,0,1
0.7316389083862305,0,1
0.7323851585388184,0,1
0.6973358988761902,0,1
0.8289865851402283,0,1
0.7852010726928711,0,1
0.790205180644989,0,1
0.7073894143104553,0,1
0.7194573879241943,0,1
0.7616539001464844,0,1
0.7336165308952332,0,1
0.7463219165802002,0,1
0.7573558688163757,0,1
0.7490224838256836,0,1
0.7524346113204956,0,1
0.7383445501327515,0,1
0.6973358988761902,0,1
0.717420756816864,0,1
0.6973358988761902,0,1
0.6973358988761902,0,1
0.7294571995735168,0,1
0.7325235605239868,0,1
0.7487162947654724,0,1
0.7391120195388794,0,1
0.7497780323028564,0,1
0.7247135043144226,0,1
0.7466358542442322,0,1
0.7343577146530151,0,1
0.7416819930076599,0,1
0.7579881548881531,0,1
0.7135480046272278,0,1
0.7474835515022278,0,1
0.7110494375228882,0,1
0.7201801538467407,0,1
0.7519776821136475,0,1
0.7713813781738281,0,1
0.7508752346038818,0,1
0.6973358988761902,0,1
0.7656185030937195,0,1
0.6536998152732849,0,1
0.7850152254104614,0,1
0.7251016497612,0,1
0.822722852230072,0,1
0.7526212930679321,0,1
0.7250164151191711,0,1
0.7471979260444641,0,1
0.8289128541946411,0,1
0.7650755643844604,0,1
0.6590490937232971,0,1
0.7356798648834229,0,1
0.7287130355834961,0,1
0.7722950577735901,0,1
0.7272602915763855,0,1
0.7309664487838745,0,1
0.6995184421539307,0,1
0.7183631062507629,0,1
0.7437422871589661,0,1
0.7235063910484314,0,1
0.7577136158943176,0,1
0.7692848443984985,0,1
0.7029342651367188,0,1
0.7234348058700562,0,1
0.8230423927307129,0,1
0.7537441253662109,0,1
0.7491283416748047,0,1
0.7334985733032227,0,1
0.7875902056694031,0,1
0.7361450791358948,0,1
0.7045484781265259,0,1
0.766279935836792,0,1
0.7225608825683594,0,1
0.7440841197967529,0,1
0.7875562906265259,0,1
0.6973375678062439,0,1
0.7106900215148926,0,1
0.6973358988761902,0,1
0.7100107669830322,0,1
0.7462378740310669,0,1
0.7795807123184204,0,1
0.8269487619400024,0,1
0.7524183988571167,0,1
0.7389361262321472,0,1
0.6897690296173096,0,1
1.2532923221588135,0,1
0.7364271283149719,0,1
0.7749053835868835,0,1
0.7298146486282349,0,1
0.7401936054229736,0,1
0.7402186989784241,0,1
0.7757055163383484,0,1
0.7106956839561462,0,1
0.7642531394958496,0,1
0.6856673955917358,0,1
0.8436477184295654,0,1
0.7873294353485107,0,1
0.7145630121231079,0,1
0.7482766509056091,0,1
0.6580466032028198,0,1
0.6973358988761902,0,1
0.7764981985092163,0,1
0.713476300239563,0,1
0.7655266523361206,0,1
0.6972088813781738,0,1
0.7297271490097046,0,1
0.6782191395759583,0,1
0.7282339334487915,0,1
0.7735761404037476,0,1
0.7048978805541992,0,1
0.6946725845336914,0,1
0.7262013554573059,0,1
0.7292599678039551,0,1
0.6973358988761902,0,1
0.7230745553970337,0,1
0.6973358988761902,0,1
0.7696899175643921,0,1
0.7199954986572266,0,1
0.7606428265571594,0,1
0.70865797996521,0,1
1.0871951580047607,0,1
0.7562307119369507,0,1
0.6815505623817444,0,1
0.731374204158783,0,1
0.7106214761734009,0,1
0.7217111587524414,0,1
0.7491710186004639,0,1
0.7758066654205322,0,1
0.7069397568702698,0,1
0.7130064368247986,0,1
0.7080599069595337,0,1
0.7600663304328918,0,1
0.6958441734313965,0,1
0.7380477786064148,0,1
0.7139104604721069,0,1
0.7208026647567749,0,1
0.7190588116645813,0,1
0.6968186497688293,0,1
0.6973358988761902,0,1
0.6687186360359192,0,1
0.7555828094482422,0,1
0.7380324602127075,0,1
0.7247887849807739,0,1
0.6973358988761902,0,1
0.7394986748695374,0,1
0.6917663216590881,0,1
0.7485007643699646,0,1
0.7027469873428345,0,1
0.7652273774147034,0,1
0.7362645268440247,0,1
0.6983969807624817,0,1
0.7203549742698669,0,1
0.7462137937545776,0,1
0.7341479063034058,0,1
0.6973358988761902,0,1
0.7252530455589294,0,1
0.8297468423843384,0,1
0.7013486623764038,0,1
0.6953652501106262,0,1
0.6865071058273315,0,1
0.737542450428009,0,1
0.7873327136039734,0,1
0.7553876042366028,0,1
0.7510817646980286,0,1
0.7012906670570374,0,1
0.6973358988761902,0,1
0.711520791053772,0,1
0.7511011362075806,0,1
0.6973358988761902,0,1
0.6963322758674622,0,1
0.6407155394554138,0,1
0.7621115446090698,0,1
0.7403424978256226,0,1
0.7345819473266602,0,1
0.7760774493217468,0,1
0.6324846744537354,0,1
0.7601127624511719,0,1
0.6949413418769836,0,1
0.6955926418304443,0,1
0.7354231476783752,0,1
0.6973358988761902,0,1
0.7870620489120483,0,1
0.6973358988761902,0,1
0.695221483707428,0,1
0.7012523412704468,0,1
0.7248784303665161,0,1
0.6973358988761902,0,1
0.6949204802513123,0,1
0.758320152759552,0,1
0.725989043712616,0,1
0.7078566551208496,0,1
0.7111994624137878,0,1
0.7562111020088196,0,1
0.6832098960876465,0,1
0.707353413105011,0,1
0.6543670296669006,0,1
0.7368674278259277,0,1
0.6973358988761902,0,1
0.742181122303009,0,1
0.6973358988761902,0,1
0.7745349407196045,0,1
0.7137089967727661,0,1
0.7214136719703674,0,1
0.7465355396270752,0,1
0.6973358988761902,0,1
0.8371765613555908,0,1
0.7543500065803528,0,1
0.8439114689826965,0,1
0.6999922394752502,0,1
0.6693556904792786,0,1
0.7390967011451721,0,1
0.7331488132476807,0,1
0.7250862121582031,0,1
0.7141875624656677,0,1
0.7608222365379333,0,1
0.7559453845024109,0,1
0.7418490648269653,0,1
0.7540534138679504,0,1
0.7716103196144104,0,1
0.6576650142669678,0,1
0.6452998518943787,0,1
0.6947174072265625,0,1
0.6973358988761902,0,1
0.6927367448806763,0,1
0.7691820859909058,0,1
0.7504280805587769,0,1
0.6973358988761902,0,1
0.6650263071060181,0,1
0.6512409448623657,0,1
0.7103424072265625,0,1
0.7662210464477539,0,1
0.7876211404800415,0,1
0.7435058951377869,0,1
0.728206992149353,0,1
0.6973358988761902,0,1
0.7042709589004517,0,1
0.6744382977485657,0,1
0.7607464790344238,0,1
0.7560174465179443,0,1
0.6772692799568176,0,1
0.727901816368103,0,1
0.7514458894729614,0,1
0.7406829595565796,0,1
0.6973358988761902,0,1
0.6961061358451843,0,1
0.7174837589263916,0,1
0.7233147621154785,0,1
0.6968423128128052,0,1
0.6973358988761902,0,1
0.7365661859512329,0,1
0.752062976360321,0,1
0.7035326957702637,0,1
0.739876389503479,0,1
0.7465311884880066,0,1
0.7159523963928223,0,1
0.7318636178970337,0,1
0.7520771026611328,0,1
0.7998504638671875,0,1
0.7331693768501282,0,1
0.7304574251174927,0,1
0.685806155204773,0,1
0.7143811583518982,0,1
0.749545693397522,0,1
0.6973358988761902,0,1
0.6837477684020996,0,1
0.7385042905807495,0,1
0.7706983685493469,0,1
0.7167184948921204,0,1
0.680414080619812,0,1
0.7483546733856201,0,1
0.7465937733650208,0,1
0.8036928176879883,0,1
0.8338741660118103,0,1
0.7713350653648376,0,1
0.6973358988761902,0,1
0.7506364583969116,0,1
0.7511159777641296,0,1
0.7209502458572388,0,1
0.6973358988761902,0,1
0.7636681199073792,0,1
0.7778239250183105,0,1
0.7143745422363281,0,1
0.6980807781219482,0,1
0.7214529514312744,0,1
0.700094997882843,0,1
0.6851884126663208,0,1
0.6973358988761902,0,1
0.7286062836647034,0,1
0.7414147257804871,0,1
0.6887127757072449,0,1
0.6773160696029663,0,1
0.6979860663414001,0,1
0.7085947394371033,0,1
0.7974534630775452,0,1
0.688301146030426,0,1
0.7026240825653076,0,1
0.7414901256561279,0,1
0.7347137928009033,0,1
0.6973358988761902,0,1
0.6983386278152466,0,1
0.7118388414382935,0,1
0.7690652012825012,0,1
0.7141121625900269,0,1
0.7566216588020325,0,1
0.7325268983840942,0,1
0.7529847621917725,0,1
0.7616069316864014,0,1
0.7398742437362671,0,1
0.6973358988761902,0,1
0.6973358988761902,0,1
0.7589002251625061,0,1
0.7488532662391663,0,1
0.7709726095199585,0,1
0.7162153720855713,0,1
0.7628380656242371,0,1
0.7669486999511719,0,1
0.7792277336120605,0,1
0.7527542114257812,0,1
0.6973358988761902,0,1
0.7273979783058167,0,1
0.7315633296966553,0,1
0.768537163734436,0,1
0.6959560513496399,0,1
0.765891432762146,0,1
0.7080601453781128,0,1
0.7510460019111633,0,1
0.7295278310775757,0,1
0.741098165512085,0,1
0.6973358988761902,0,1
0.6973358988761902,0,1
0.7425410747528076,0,1
0.7801909446716309,0,1
0.739113450050354,0,1
0.7390252947807312,0,1
0.7028172016143799,0,1
0.6973358988761902,0,1
0.7641385793685913,0,1
0.7418838143348694,0,1
0.7490189075469971,0,1
0.75890052318573,0,1
0.7273774147033691,0,1
0.6972895860671997,0,1
0.671760082244873,0,1
0.7775475978851318,0,1
0.7345743775367737,0,1
0.732469916343689,0,1
0.6972764730453491,0,1
0.6973358988761902,0,1
0.6594792604446411,0,1
0.7281544804573059,0,1
0.7563688158988953,0,1
0.7199186086654663,0,1
0.6986083984375,0,1
0.767852783203125,0,1
0.6973358988761902,0,1
0.7516323328018188,0,1
0.7980087995529175,0,1
0.7783682942390442,0,1
0.6906754970550537,0,1
0.7640925645828247,0,1
0.7051948308944702,0,1
0.6854023337364197,0,1
0.7234113216400146,0,1
0.7133719325065613,0,1
0.7631745934486389,0,1
0.7706209421157837,0,1
0.7257189750671387,0,1
0.7752053141593933,0,1
0.7205928564071655,0,1
0.8465293645858765,0,1
0.6973358988761902,0,1
0.7266623973846436,0,1
0.795293390750885,0,1
0.7119389176368713,0,1
0.698544442653656,0,1
0.7010644674301147,0,1
0.715161919593811,0,1
0.7399391531944275,0,1
0.7078140377998352,0,1
0.7581985592842102,0,1
0.7295933365821838,0,1
0.6973358988761902,0,1
0.8248594403266907,0,1
0.7967501282691956,0,1
0.6611623764038086,0,1
0.7514984011650085,0,1
0.7365207672119141,0,1
0.7611905336380005,0,1
0.7215653657913208,0,1
0.753176748752594,0,1
0.7416167855262756,0,1
0.7580054998397827,0,1
0.7254915237426758,0,1
0.6972556114196777,0,1
0.7404665350914001,0,1
0.7362172603607178,0,1
0.6973358988761902,0,1
0.7868658304214478,0,1
0.7224811315536499,0,1
0.7052417397499084,0,1
0.7792994976043701,0,1
0.7119617462158203,0,1
0.7721769213676453,0,1
0.733046293258667,0,1
0.7071309089660645,0,1
0.7931725978851318,0,1
0.7069492340087891,0,1
0.7327866554260254,0,1
0.7949729561805725,0,1
0.7817903757095337,0,1
0.697900116443634,0,1
0.6915975213050842,0,1
0.6895401477813721,0,1
0.6973358988761902,0,1
0.7066168785095215,0,1
0.7747814059257507,0,1
0.6966609954833984,0,1
0.6808773279190063,0,1
0.6986684799194336,0,1
0.7639501094818115,0,1
0.6973358988761902,0,1
0.6973358988761902,0,1
0.6954084038734436,0,1
0.6973358988761902,0,1
0.7163941860198975,0,1
0.738086462020874,0,1
0.7935611009597778,0,1
0.7276281714439392,0,1
0.6973358988761902,0,1
0.7496272325515747,0,1
0.7214572429656982,0,1
0.6816246509552002,0,1
0.7212379574775696,0,1
0.7473529577255249,0,1
0.7298594117164612,0,1
0.6804958581924438,0,1
0.7200091481208801,0,1
0.7665867805480957,0,1
0.6969544887542725,0,1
0.770977258682251,0,1
0.7655206322669983,0,1
0.6973358988761902,0,1
0.7093067765235901,0,1
0.7536090016365051,0,1
0.6820429563522339,0,1
0.6973358988761902,0,1
0.7106769680976868,0,1
0.8821945190429688,0,1
0.735224723815918,0,1
0.7904451489448547,0,1
0.7003481984138489,0,1
0.7318761348724365,0,1
0.7140281796455383,0,1
0.7326725125312805,0,1
0.7539022564888,0,1
0.7419044375419617,0,1
0.7322026491165161,0,1
0.7876565456390381,0,1
0.7247602939605713,0,1
0.670875072479248,0,1
0.7538855671882629,0,1
0.7508957386016846,0,1
0.6965838670730591,0,1
0.7351018190383911,0,1
0.7237790822982788,0,1
0.6834789514541626,0,1
0.7290741801261902,0,1
0.7287780046463013,0,1
0.7410182356834412,0,1
0.729637861251831,0,1
0.6794342994689941,0,1
0.7421855926513672,0,1
0.6364437341690063,0,1
0.7335423231124878,0,1
0.7931435108184814,0,1
0.6973358988761902,0,1
0.7664943337440491,0,1
0.6909459233283997,0,1
0.7499291300773621,0,1
0.8137547969818115,0,1
0.7559375762939453,0,1
0.7643194794654846,0,1
0.6352991461753845,0,1
0.7396421432495117,0,1
0.7525988817214966,0,1
0.7313881516456604,0,1
0.7698259949684143,0,1
0.7371445298194885,0,1
0.7653073668479919,0,1
0.7319789528846741,0,1
0.7101004123687744,0,1
0.7434573769569397,0,1
0.7648937702178955,0,1
0.7535079717636108,0,1
0.7281786799430847,0,1
0.685694694519043,0,1
0.7105132341384888,0,1
0.7465631365776062,0,1
0.722485363483429,0,1
0.7482442855834961,0,1
0.8010221123695374,0,1
0.7329460978507996,0,1
0.7299365401268005,0,1
0.7078326940536499,0,1
0.7675564885139465,0,1
0.7153554558753967,0,1
0.7462214827537537,0,1
0.798952579498291,0,1
0.7602337002754211,0,1
0.7135679125785828,0,1
0.6716512441635132,0,1
0.7594766020774841,0,1
0.7250293493270874,0,1
0.7249487042427063,0,1
0.853903591632843,0,1
0.7071558237075806,0,1
0.7403175830841064,0,1
0.7110621333122253,0,1
0.7304769158363342,0,1
0.6973358988761902,0,1
0.6973358988761902,0,1
0.6820670962333679,0,1
0.7090457677841187,0,1
0.7162737846374512,0,1
0.6973358988761902,0,1
0.7483564615249634,0,1
0.7488486766815186,0,1
0.6973358988761902,0,1
0.7833398580551147,0,1
0.7020514011383057,0,1
0.7440564632415771,0,1
0.8014394640922546,0,1
0.7365555763244629,0,1
0.6998991966247559,0,1
0.7053028345108032,0,1
0.7522983551025391,0,1
0.6973358988761902,0,1
0.73288893699646,0,1
0.711502194404602,0,1
0.7578535676002502,0,1
0.6363785862922668,0,1
0.7250335216522217,0,1
0.7016260623931885,0,1
0.7592193484306335,0,1
0.760387122631073,0,1
0.7231845855712891,0,1
0.7494800090789795,0,1
0.7202415466308594,0,1
0.740006148815155,0,1
0.7404167652130127,0,1
0.7818940877914429,0,1
0.7378871440887451,0,1
0.7217364311218262,0,1
0.7403130531311035,0,1
0.8111041784286499,0,1
0.7329529523849487,0,1
0.7440000176429749,0,1
0.7647234797477722,0,1
0.6973358988761902,0,1
0.7362867593765259,0,1
0.7443100810050964,0,1
0.7475696802139282,0,1
0.7293114066123962,0,1
0.7952377200126648,0,1
0.6985868215560913,0,1
0.6973358988761902,0,1
0.7487434148788452,0,1
0.7890240550041199,0,1
0.719527006149292,0,1
0.6940109729766846,0,1
0.7184075713157654,0,1
0.7508706450462341,0,1
0.6973358988761902,0,1
0.7407156229019165,0,1
0.7156637907028198,0,1
0.7350432872772217,0,1
0.7447941303253174,0,1
0.7345253229141235,0,1
0.7490389943122864,0,1
0.7256055474281311,0,1
0.6748892068862915,0,1
0.6946600079536438,0,1
0.7309027314186096,0,1
0.7824341058731079,0,1
0.8018513321876526,0,1
0.721808671951294,0,1
0.759673535823822,0,1
0.7224816679954529,0,1
0.7406235337257385,0,1
0.7644663453102112,0,1
0.7607978582382202,0,1
0.7692461013793945,0,1
0.7404067516326904,0,1
0.7343970537185669,0,1
0.7954000234603882,0,1
0.6973358988761902,0,1
0.7940207123756409,0,1
0.7035029530525208,0,1
0.6955035924911499,0,1
0.7176967263221741,0,1
0.7527635097503662,0,1
0.6973358988761902,0,1
0.6507446765899658,0,1
0.7451644539833069,0,1
0.6899482607841492,0,1
0.8123345375061035,0,1
0.7149801254272461,0,1
0.7463278770446777,0,1
0.7164064645767212,0,1
0.6973358988761902,0,1
0.7007090449333191,0,1
0.7324559688568115,0,1
0.6973358988761902,0,1
0.6973358988761902,0,1
0.7222042083740234,0,1
0.58892422914505,0,1
0.7020424008369446,0,1
0.7022922039031982,0,1
0.7145552635192871,0,1
0.7302987575531006,0,1
0.7064780592918396,0,1
0.773352861404419,0,1
1.0690733194351196,0,1
0.7290711402893066,0,1
0.7192786931991577,0,1
0.7912338376045227,0,1
0.7562991976737976,0,1
0.7450316548347473,0,1
0.678709864616394,0,1
0.7133273482322693,0,1
0.7487351894378662,0,1
0.6994510293006897,0,1
0.6973358988761902,0,1
0.74098140001297,0,1
0.7141719460487366,0,1
0.7078700661659241,0,1
0.7031805515289307,0,1
0.7534958720207214,0,1
0.7416632175445557,0,1
0.6975120306015015,0,1
0.713370144367218,0,1
0.7277712225914001,0,1
0.7890244722366333,0,1
0.7256083488464355,0,1
0.761642336845398,0,1
0.6973358988761902,0,1
0.7836135029792786,0,1
0.7194766998291016,0,1
0.6992893815040588,0,1
0.7207040190696716,0,1
0.7082545161247253,0,1
0.6939496397972107,0,1
0.7305614352226257,0,1
0.7067477107048035,0,1
0.7269960045814514,0,1
0.7515763640403748,0,1
0.7540033459663391,0,1
0.7451605200767517,0,1
0.7314897179603577,0,1
0.7145787477493286,0,1
0.6791338920593262,0,1
0.7059006094932556,0,1
0.7395516633987427,0,1
0.8075536489486694,0,1
0.776228129863739,0,1
0.6829981207847595,0,1
0.6920836567878723,0,1
0.6973629593849182,0,1
0.7307898998260498,0,1
0.7672551870346069,0,1
0.7362901568412781,0,1
0.7605217695236206,0,1
0.7330591082572937,0,1
0.7914018630981445,0,1
0.6903238296508789,0,1
0.6973358988761902,0,1
0.7296193838119507,0,1
0.7444104552268982,0,1
0.7090561389923096,0,1
0.6841740608215332,0,1
0.8425546884536743,0,1
0.705406665802002,0,1
0.6973358988761902,0,1
0.7540830969810486,0,1
0.7348650693893433,0,1
0.6973358988761902,0,1
0.6876776218414307,0,1
0.7355422973632812,0,1
0.718941330909729,0,1
0.680496335029602,0,1
0.7576961517333984,0,1
0.7894269227981567,0,1
0.6973358988761902,0,1
0.7022705674171448,0,1
0.6748781800270081,0,1
0.6978787183761597,0,1
0.7339417934417725,0,1
0.7705226540565491,0,1
0.6973358988761902,0,1
0.7272105813026428,0,1
0.6816208362579346,0,1
0.7572461366653442,0,1
0.6947522163391113,0,1
0.6973358988761902,0,1
0.7307146191596985,0,1
0.705542802810669,0,1
0.6900900602340698,0,1
0.7560668587684631,0,1
0.7431069612503052,0,1
0.7139953970909119,0,1
0.7904428839683533,0,1
0.7745946049690247,0,1
0.7950168251991272,0,1
0.7288391590118408,0,1
0.8268288373947144,0,1
0.727734386920929,0,1
0.7563142776489258,0,1
0.6907514929771423,0,1
0.7703989148139954,0,1
0.7845945358276367,0,1
0.7528573870658875,0,1
0.658555805683136,0,1
0.7307722568511963,0,1
0.7086052894592285,0,1
0.729336678981781,0,1
0.7331505417823792,0,1
0.7386704683303833,0,1
0.7074503302574158,0,1
0.756999135017395,0,1
0.6973358988761902,0,1
0.7210850119590759,0,1
0.727850615978241,0,1
0.7034056782722473,0,1
0.7194820642471313,0,1
0.6973358988761902,0,1
0.6560237407684326,0,1
0.7945218682289124,0,1
0.7193052172660828,0,1
0.7279278635978699,0,1
0.6973358988761902,0,1
0.6958733797073364,0,1
0.743145763874054,0,1
0.7331662178039551,0,1
0.6973358988761902,0,1
0.7266866564750671,0,1
0.7922245264053345,0,1
0.7762868404388428,0,1
0.7575154900550842,0,1
0.7380889654159546,0,1
0.7172243595123291,0,1
0.6397262811660767,0,1
0.7201201915740967,0,1
0.7696276903152466,0,1
0.7593885660171509,0,1
0.7020357251167297,0,1
0.7289021611213684,0,1
0.7034816741943359,0,1
0.7238288521766663,0,1
0.6973358988761902,0,1
0.7067953944206238,0,1
0.768885612487793,0,1
0.7199925184249878,0,1
0.7385561466217041,0,1
0.742084264755249,0,1
0.7042359709739685,0,1
0.7256579399108887,0,1
0.7141444087028503,0,1
0.6973534226417542,0,1
0.7068204283714294,0,1
0.73606276512146,0,1
0.6973358988761902,0,1
0.6957932710647583,0,1
0.7497158646583557,0,1
0.740999698638916,0,1
0.7166761159896851,0,1
0.7574297189712524,0,1
0.7054097056388855,0,1
0.739722490310669,0,1
0.6973358988761902,0,1
0.697361409664154,0,1
0.7272661924362183,0,1
0.7297810912132263,0,1
0.8142271637916565,0,1
0.6994062066078186,0,1
0.7768506407737732,0,1
0.7081588506698608,0,1
0.8214144110679626,0,1
0.754709005355835,0,1
0.7723998427391052,0,1
0.7352728843688965,0,1
0.7712623476982117,0,1
0.7593244910240173,0,1
0.7255667448043823,0,1
0.7567486763000488,0,1
0.751038670539856,0,1
0.6522756814956665,0,1
0.7497804164886475,0,1
0.7505004405975342,0,1
0.7759109735488892,0,1
0.7241244912147522,0,1
0.6973358988761902,0,1
0.6867836117744446,0,1
0.6973358988761902,0,1
0.728428840637207,0,1
0.720532238483429,0,1
0.6593945026397705,0,1
0.7401872873306274,0,1
0.7829877138137817,0,1
0.748720109462738,0,1
0.7107219696044922,0,1
0.7339745759963989,0,1
0.6810902953147888,0,1
0.8418256640434265,0,1
0.6971019506454468,0,1
0.7263093590736389,0,1
0.684981644153595,0,1
0.7159971594810486,0,1
0.6973358988761902,0,1
0.7077020406723022,0,1
0.6973358988761902,0,1
0.7331234812736511,0,1
0.7385806441307068,0,1
0.7070254683494568,0,1
0.7221721410751343,0,1
0.738832950592041,0,1
0.736769437789917,0,1
0.8034210205078125,0,1
0.7716536521911621,0,1
0.7140032052993774,0,1
0.812930703163147,0,1
0.7774947285652161,0,1
0.7435880899429321,0,1
0.7818838953971863,0,1
0.6837104558944702,0,1
0.7489765286445618,0,1
0.6973358988761902,0,1
0.6920881271362305,0,1
0.7901859283447266,0,1
0.7731372117996216,0,1
0.7167507410049438,0,1
0.739467978477478,0,1
0.700043261051178,0,1
0.7221971154212952,0,1
0.7062591910362244,0,1
0.7180620431900024,0,1
0.768364429473877,0,1
0.7231988906860352,0,1
0.7569977045059204,0,1
0.7011059522628784,0,1
0.745525062084198,0,1
0.7304573059082031,0,1
0.7193568348884583,0,1
0.7005451321601868,0,1
0.7061091065406799,0,1
0.6896906495094299,0,1
0.6973358988761902,0,1
0.6973358988761902,0,1
0.7217006087303162,0,1
0.660552978515625,0,1
0.6951833963394165,0,1
0.6998395919799805,0,1
0.6973358988761902,0,1
0.710415244102478,0,1
0.78782057762146,0,1
0.7281345725059509,0,1
0.6973358988761902,0,1
0.720518171787262,0,1
0.6973358988761902,0,1
0.6973358988761902,0,1
0.7534168362617493,0,1
0.7621490955352783,0,1
0.7327567338943481,0,1
0.7714015245437622,0,1
0.776971161365509,0,1
0.7558003067970276,0,1
0.744419515132904,0,1
0.6973358988761902,0,1
0.6949615478515625,0,1
0.7692848443984985,0,1
0.7117508053779602,0,1
0.7559828758239746,0,1
0.7086670994758606,0,1
0.7480985522270203,0,1
0.7526330947875977,0,1
0.7555575966835022,0,1
0.7169102430343628,0,1
0.7380726933479309,0,1
0.694737434387207,0,1
0.6973358988761902,0,1
0.6770386099815369,0,1
0.6973358988761902,0,1
0.7525159120559692,0,1
0.741890549659729,0,1
0.7396845817565918,0,1
0.6959217190742493,0,1
0.7629115581512451,0,1
0.7808762788772583,0,1
0.7448344230651855,0,1
0.7755281329154968,0,1
0.6973358988761902,0,1
0.7706659436225891,0,1
0.6833004951477051,0,1
0.7584992051124573,0,1
0.6973358988761902,0,1
0.7361295819282532,0,1
0.7627867460250854,0,1
0.7512603998184204,0,1
0.7065582871437073,0,1
0.6973358988761902,0,1
0.6973358988761902,0,1
0.7445772886276245,0,1
0.7936611175537109,0,1
0.68487948179245,0,1
0.6895008087158203,0,1
0.6828564405441284,0,1
0.788234293460846,0,1
0.7470229864120483,0,1
0.7612605690956116,0,1
0.75384122133255,0,1
0.718345046043396,0,1
0.6920313835144043,0,1
0.6732162237167358,0,1
0.6693379878997803,0,1
0.7659139037132263,0,1
0.7165278792381287,0,1
0.6988372802734375,0,1
0.7084560394287109,0,1
0.6594575047492981,0,1
0.7245429754257202,0,1
0.7482064366340637,0,1
0.6973358988761902,0,1
0.7261730432510376,0,1
0.778634786605835,0,1
0.6973358988761902,0,1
0.7521774172782898,0,1
0.7965267300605774,0,1
0.6962330341339111,0,1
0.7079415917396545,0,1
0.7057652473449707,0,1
0.6973358988761902,0,1
0.7323725819587708,0,1
0.6748305559158325,0,1
0.8188294172286987,0,1
0.7548304796218872,0,1
0.6973358988761902,0,1
0.7216892242431641,0,1
0.7469379901885986,0,1
0.8271005749702454,0,1
0.7110655903816223,0,1
0.6905392408370972,0,1
0.7398040890693665,0,1
0.7513769865036011,0,1
0.6694865226745605,0,1
0.717449963092804,0,1
0.7280967831611633,0,1
0.7148000001907349,0,1
0.7842058539390564,0,1
0.7191364169120789,0,1
0.8211766481399536,0,1
0.737478494644165,0,1
0.7719131708145142,0,1
0.6973358988761902,0,1
0.7850149869918823,0,1
0.6894417405128479,0,1
0.6916281580924988,0,1
0.7203115224838257,0,1
0.7781485319137573,0,1
0.7137136459350586,0,1
0.6973358988761902,0,1
0.7252552509307861,0,1
0.7000916600227356,0,1
0.77130126953125,0,1
0.7415129542350769,0,1
0.7954586744308472,0,1
0.7710744738578796,0,1
0.7331637740135193,0,1
0.7401766180992126,0,1
0.7410796880722046,0,1
0.7500150203704834,0,1
0.7655244469642639,0,1
0.7453436255455017,0,1
0.7202895879745483,0,1
0.7867279052734375,0,1
0.7841428518295288,0,1
0.7625946402549744,0,1
0.7850675582885742,0,1
0.757764458656311,0,1
0.7809814810752869,0,1
0.7887154221534729,0,1
0.7537221312522888,0,1
0.756149411201477,0,1
0.7041827440261841,0,1
0.7294447422027588,0,1
0.7899874448776245,0,1
0.6750584244728088,0,1
0.7466734647750854,0,1
0.7259798645973206,0,1
0.7335025072097778,0,1
0.6766537427902222,0,1
0.7754726409912109,0,1
0.7723900675773621,0,1
0.725300669670105,0,1
0.7697997689247131,0,1
0.8127766847610474,0,1
0.715374767780304,0,1
0.7169824242591858,0,1
0.7156721949577332,0,1
0.7542564272880554,0,1
0.7232115268707275,0,1
0.7207278609275818,0,1
0.7652323842048645,0,1
0.7799772620201111,0,1
0.6716236472129822,0,1
0.6973358988761902,0,1
0.7347702980041504,0,1
0.7516597509384155,0,1
0.7000314593315125,0,1
0.7064820528030396,0,1
0.7736032009124756,0,1
0.7083819508552551,0,1
0.7633015513420105,0,1
0.6450186371803284,0,1
0.7150195837020874,0,1
0.7679571509361267,0,1
0.7852836847305298,0,1
0.6972274780273438,0,1
0.8083919286727905,0,1
0.6973358988761902,0,1
0.7062070369720459,0,1
0.7694920897483826,0,1
0.7860376834869385,0,1
0.6921052932739258,0,1
0.7408358454704285,0,1
0.7160995602607727,0,1
0.7165321111679077,0,1
0.7649966478347778,0,1
0.6970356702804565,0,1
0.7018746137619019,0,1
0.771574079990387,0,1
0.7040726542472839,0,1
0.6962229609489441,0,1
0.7569510340690613,0,1
0.7785463929176331,0,1
0.7013649344444275,0,1
0.7220867276191711,0,1
0.7035854458808899,0,1
0.7588961124420166,0,1
0.7335243821144104,0,1
0.8386604189872742,0,1
0.7493593096733093,0,1
0.7865802645683289,0,1
0.8269487619400024,0,1
0.7686306238174438,0,1
0.8010410070419312,0,1
0.6560101509094238,0,1
0.7106091380119324,0,1
0.7244207859039307,0,1
0.6483773589134216,0,1
0.7613369226455688,0,1
0.7619205713272095,0,1
0.7025346755981445,0,1
0.7704850435256958,0,1
0.6997811794281006,0,1
0.7919400334358215,0,1
0.751338541507721,0,1
0.7053408622741699,0,1
0.697888970375061,0,1
0.7410763502120972,0,1
0.7469702363014221,0,1
0.7444045543670654,0,1
0.7836863398551941,0,1
0.7107129693031311,0,1
0.8178587555885315,0,1
0.7120199203491211,0,1
0.6969530582427979,0,1
0.7576622366905212,0,1
0.7276381254196167,0,1
0.6989481449127197,0,1
0.6973358988761902,0,1
0.7308219075202942,0,1
0.8084532022476196,0,1
0.8030856847763062,0,1
0.6971222162246704,0,1
0.7563459873199463,0,1
0.7164520025253296,0,1
0.6973358988761902,0,1
0.7526315450668335,0,1
0.7284754514694214,0,1
0.7521448135375977,0,1
0.7119728922843933,0,1
0.6973358988761902,0,1
0.7102137207984924,0,1
0.736275851726532,0,1
0.6918931603431702,0,1
0.6569536328315735,0,1
0.7367772459983826,0,1
0.7043263912200928,0,1
0.8262600302696228,0,1
0.7069681882858276,0,1
0.6170830130577087,0,1
0.6973358988761902,0,1
0.7995222806930542,0,1
0.6838181018829346,0,1
0.7299569249153137,0,1
0.623602569103241,0,1
0.7253769040107727,0,1
0.7489811182022095,0,1
0.741005003452301,0,1
0.7728200554847717,0,1
0.7199936509132385,0,1
0.7318536639213562,0,1
0.7934418320655823,0,1
0.6973358988761902,0,1
0.6891088485717773,0,1
0.7625938653945923,0,1
0.7744410037994385,0,1
0.7674789428710938,0,1
0.7081223130226135,0,1
0.6973358988761902,0,1
0.707646906375885,0,1
0.6974670886993408,0,1
0.6973358988761902,0,1
0.709527850151062,0,1
0.7436869144439697,0,1
0.6802542805671692,0,1
0.7666432857513428,0,1
0.7013871073722839,0,1
0.6793182492256165,0,1
0.8017223477363586,0,1
0.7672545909881592,0,1
0.712471604347229,0,1
0.7253156900405884,0,1
0.8526855707168579,0,1
0.7480951547622681,0,1
0.731589674949646,0,1
0.6929954290390015,0,1
0.728057324886322,0,1
0.7267045378684998,0,1
0.7521889209747314,0,1
0.7320246696472168,0,1
0.6973358988761902,0,1
0.7207847833633423,0,1
0.6953009366989136,0,1
0.7175323963165283,0,1
0.7195957899093628,0,1
0.7855925559997559,0,1
0.6908045411109924,0,1
0.6973358988761902,0,1
0.7211039066314697,0,1
0.7151085138320923,0,1
0.7106752395629883,0,1
0.7988091111183167,0,1
0.735880970954895,0,1
0.6467628479003906,0,1
0.7698613405227661,0,1
0.733069121837616,0,1
0.768795907497406,0,1
0.6748303174972534,0,1
0.7351483702659607,0,1
0.7233487367630005,0,1
0.7305207252502441,0,1
0.7175678610801697,0,1
0.7318729162216187,0,1
0.6864025592803955,0,1
0.775760293006897,0,1
0.6737139225006104,0,1
0.7168301939964294,0,1
0.7324071526527405,0,1
0.7063644528388977,0,1
0.7395792603492737,0,1
0.748817503452301,0,1
0.69612717628479,0,1
0.7238028645515442,0,1
0.7432286739349365,0,1
0.6836490035057068,0,1
0.6855431199073792,0,1
0.7586880922317505,0,1
0.6954151391983032,0,1
0.6896430850028992,0,1
0.6748777627944946,0,1
0.7583577036857605,0,1
0.7629923224449158,0,1
0.7846808433532715,0,1
0.7273075580596924,0,1
0.7188209295272827,0,1
0.7742636799812317,0,1
0.7645527720451355,0,1
0.7552465200424194,0,1
0.6973912119865417,0,1
0.7643771767616272,0,1
0.7406260371208191,0,1
0.6973358988761902,0,1
0.7534701228141785,0,1
0.7279835939407349,0,1
0.789503812789917,0,1
0.729399561882019,0,1
0.7715545892715454,0,1
0.6956779956817627,0,1
0.7229623198509216,0,1
0.7446666955947876,0,1
0.6973358988761902,0,1
0.7066380381584167,0,1
0.7497267127037048,0,1
0.7300902605056763,0,1
0.786935031414032,0,1
0.6718825101852417,0,1
0.7254724502563477,0,1
0.7551499605178833,0,1
0.7726185321807861,0,1
0.6973358988761902,0,1
0.7895435690879822,0,1
0.7332847714424133,0,1
0.7351832985877991,0,1
0.7696073651313782,0,1
0.7865057587623596,0,1
0.752377450466156,0,1
0.7762356400489807,0,1
0.7135499715805054,0,1
0.7413631081581116,0,1
0.7131060361862183,0,1
0.7397518157958984,0,1
0.7125315070152283,0,1
0.7820386290550232,0,1
0.7231191396713257,0,1
0.7808235287666321,0,1
0.6400460600852966,0,1
0.8000942468643188,0,1
0.7210519313812256,0,1
0.7188438177108765,0,1
0.7920910716056824,0,1
0.7167949080467224,0,1
0.6973358988761902,0,1
0.683093786239624,0,1
0.6826952695846558,0,1
0.7262483835220337,0,1
0.7249019145965576,0,1
0.7293665409088135,0,1
0.7585981488227844,0,1
0.6973358988761902,0,1
0.778696596622467,0,1
0.7110861539840698,0,1
0.7258657217025757,0,1
0.7721313834190369,0,1
0.7390850186347961,0,1
0.6940394639968872,0,1
0.6848589777946472,0,1
0.7000787854194641,0,1
0.7208146452903748,0,1
0.6973358988761902,0,1
0.7927504777908325,0,1
0.7181589603424072,0,1
0.7006924152374268,0,1
0.7851361036300659,0,1
0.6661252975463867,0,1
0.7237380743026733,0,1
0.729297399520874,0,1
0.7168124914169312,0,1
0.7771624326705933,0,1
0.7640115022659302,0,1
0.6973358988761902,0,1
0.737296998500824,0,1
0.7404360771179199,0,1
0.7511045932769775,0,1
0.7462191581726074,0,1
0.6832975745201111,0,1
0.7207450270652771,0,1
0.7426910996437073,0,1
0.6973358988761902,0,1
0.7321087718009949,0,1
0.7178691029548645,0,1
1.0151678323745728,0,1
0.7147883772850037,0,1
0.6973358988761902,0,1
0.757146954536438,0,1
0.7368471026420593,0,1
0.7352330684661865,0,1
0.7276932597160339,0,1
0.6954112648963928,0,1
0.713723361492157,0,1
0.678543746471405,0,1
0.7249317765235901,0,1
0.7191857099533081,0,1
0.6851531863212585,0,1
0.6981017589569092,0,1
0.6997517347335815,0,1
0.7136404514312744,0,1
0.7342208623886108,0,1
0.7264758348464966,0,1
0.6973358988761902,0,1
0.7438108921051025,0,1
0.7051640748977661,0,1
0.7447320222854614,0,1
0.7321056127548218,0,1
0.7153509855270386,0,1
0.6744393110275269,0,1
0.7566863298416138,0,1
0.6851786971092224,0,1
0.7593603134155273,0,1
0.7008332014083862,0,1
0.690513551235199,0,1
0.6973358988761902,0,1
0.708909273147583,0,1
0.7176930904388428,0,1
0.7538946270942688,0,1
0.7810351848602295,0,1
0.6832882165908813,0,1
0.6973358988761902,0,1
0.7780592441558838,0,1
0.6959077715873718,0,1
0.6713776588439941,0,1
0.7324255108833313,0,1
0.8080545663833618,0,1
0.776352047920227,0,1
0.7233120203018188,0,1
0.7964043021202087,0,1
0.7520574927330017,0,1
0.6984294652938843,0,1
0.749931812286377,0,1
0.696316123008728,0,1
0.7029827833175659,0,1
0.7037392854690552,0,1
0.6973358988761902,0,1
0.7627521753311157,0,1
0.7458768486976624,0,1
0.7263171076774597,0,1
0.7639719843864441,0,1
0.722430944442749,0,1
0.6696847081184387,0,1
0.7409772276878357,0,1
0.7068116068840027,0,1
0.7438752055168152,0,1
0.7949856519699097,0,1
0.7439453601837158,0,1
0.7503110766410828,0,1
0.8020956516265869,0,1
0.7119418978691101,0,1
0.7168809175491333,0,1
0.7280645966529846,0,1
0.7136209607124329,0,1
0.6973358988761902,0,1
0.7377349138259888,0,1
0.763461172580719,0,1
0.6840660572052002,0,1
0.6994220614433289,0,1
0.7356052398681641,0,1
0.7474294900894165,0,1
0.7230916023254395,0,1
0.7131050825119019,0,1
0.7346737384796143,0,1
0.7037737369537354,0,1
0.7298194766044617,0,1
0.7211586236953735,0,1
0.7305532693862915,0,1
0.7839016914367676,0,1
0.7061052918434143,0,1
0.7337912321090698,0,1
0.7076560258865356,0,1
0.691892683506012,0,1
0.7215196490287781,0,1
0.700050950050354,0,1
0.7321161031723022,0,1
0.742011308670044,0,1
0.7807941436767578,0,1
0.7573394775390625,0,1
0.7429429292678833,0,1
0.6973358988761902,0,1
0.6973358988761902,0,1
0.6971877813339233,0,1
0.7280447483062744,0,1
0.7338219881057739,0,1
0.7521547675132751,0,1
0.7023525238037109,0,1
0.7511135339736938,0,1
0.7352771759033203,0,1
0.7049206495285034,0,1
0.709418535232544,0,1
0.744871973991394,0,1
0.6802423596382141,0,1
0.7961879968643188,0,1
0.7680628895759583,0,1
0.77597975730896,0,1
0.6914241909980774,0,1
0.7269954681396484,0,1
0.7063573002815247,0,1
0.6973358988761902,0,1
0.782427966594696,0,1
0.6973358988761902,0,1
0.6886873841285706,0,1
0.6943956017494202,0,1
0.7240250110626221,0,1
0.6973314881324768,0,1
0.8068153858184814,0,1
0.6973358988761902,0,1
0.8057932257652283,0,1
0.7652174830436707,0,1
0.7717410326004028,0,1
0.7422727942466736,0,1
0.6973358988761902,0,1
0.7003061771392822,0,1
0.7457500696182251,0,1
0.7642451524734497,0,1
0.7359023094177246,0,1
0.7092063426971436,0,1
0.7065300941467285,0,1
0.7664175033569336,0,1
0.8295277953147888,0,1
0.6918556690216064,0,1
0.7124654650688171,0,1
0.8394742012023926,0,1
0.7278304696083069,0,1
0.7249206900596619,0,1
0.7639104723930359,0,1
0.6973358988761902,0,1
0.6973358988761902,0,1
0.7091034650802612,0,1
0.722449004650116,0,1
0.7284515500068665,0,1
0.6975119709968567,0,1
0.7340088486671448,0,1
0.7004548907279968,0,1
0.6959155201911926,0,1
0.7004178166389465,0,1
0.7214957475662231,0,1
0.7275998592376709,0,1
0.7996053099632263,0,1
0.7945342063903809,0,1
0.7070868611335754,0,1
0.7327998876571655,0,1
0.8084133267402649,0,1
0.713602602481842,0,1
0.7196632623672485,0,1
0.6977869868278503,0,1
0.7414612770080566,0,1
0.7563533782958984,0,1
0.7218106985092163,0,1
0.7626485228538513,0,1
0.6973358988761902,0,1
0.6932757496833801,0,1
0.708587110042572,0,1
0.7455536723136902,0,1
0.6972836852073669,0,1
0.8124768733978271,0,1
0.6973358988761902,0,1
0.7212722897529602,0,1
0.7690373659133911,0,1
0.7728478908538818,0,1
0.7421176433563232,0,1
0.7602183818817139,0,1
0.7313783764839172,0,1
0.6922008991241455,0,1
0.7526289224624634,0,1
0.7128279209136963,0,1
0.7453482151031494,0,1
0.7403765320777893,0,1
0.7365841865539551,0,1
0.7006417512893677,0,1
0.7149205207824707,0,1
0.7307997345924377,0,1
0.7316619157791138,0,1
0.7990236282348633,0,1
0.6929237246513367,0,1
0.7236233949661255,0,1
0.6681182384490967,0,1
0.6973358988761902,0,1
0.7829083800315857,0,1
0.669962465763092,0,1
0.7376055717468262,0,1
0.7655972242355347,0,1
0.6933608651161194,0,1
0.7361929416656494,0,1
0.7258806228637695,0,1
0.7656060457229614,0,1
0.7554123401641846,0,1
0.7054460048675537,0,1
0.7208336591720581,0,1
0.7635637521743774,0,1
0.7287845611572266,0,1
0.7574691772460938,0,1
0.8015390634536743,0,1
0.7383710145950317,0,1
0.6973358988761902,0,1
0.752013623714447,0,1
0.7491743564605713,0,1
0.7830543518066406,0,1
0.6915431618690491,0,1
0.8050013184547424,0,1
0.7577769756317139,0,1
0.7607004046440125,0,1
0.6854556202888489,0,1
0.7231955528259277,0,1
0.7185301184654236,0,1
0.7235543131828308,0,1
0.7153840065002441,0,1
0.7472370862960815,0,1
0.7812581062316895,0,1
0.788718044757843,0,1
0.7165012359619141,0,1
0.711079478263855,0,1
0.6973358988761902,0,1
0.7403877377510071,0,1
0.6504076719284058,0,1
0.6795560121536255,0,1
0.7528099417686462,0,1
0.7832545042037964,0,1
0.6826181411743164,0,1
0.702667772769928,0,1
0.7149332761764526,0,1
0.7567733526229858,0,1
0.7464777827262878,0,1
0.7325283885002136,0,1
0.7021687626838684,0,1
0.7445549964904785,0,1
0.7435950636863708,0,1
0.7707465887069702,0,1
0.8083047270774841,0,1
0.7676224708557129,0,1
0.7716830968856812,0,1
0.7572861909866333,0,1
0.7273895740509033,0,1
0.7023326754570007,0,1
0.7324251532554626,0,1
0.7228107452392578,0,1
0.7471042275428772,0,1
0.7740118503570557,0,1
0.7196622490882874,0,1
0.7927711009979248,0,1
0.6850486993789673,0,1
0.7383846044540405,0,1
0.7271199822425842,0,1
0.7069507837295532,0,1
0.6899574995040894,0,1
0.7626428604125977,0,1
0.7255526781082153,0,1
0.7046388387680054,0,1
0.7172991037368774,0,1
0.7273440361022949,0,1
0.7391675710678101,0,1
0.6973358988761902,0,1
0.7049628496170044,0,1
0.8271024227142334,0,1
0.6973358988761902,0,1
0.6973358988761902,0,1
0.7299418449401855,0,1
0.6973358988761902,0,1
0.7495333552360535,0,1
0.7306854128837585,0,1
0.7262253165245056,0,1
0.7584564089775085,0,1
0.7444080710411072,0,1
0.7303870320320129,0,1
0.6847956776618958,0,1
0.7401304841041565,0,1
0.7273845672607422,0,1
0.7309367060661316,0,1
0.6973358988761902,0,1
0.7546209096908569,0,1
0.6973358988761902,0,1
0.6973358988761902,0,1
0.7265991568565369,0,1
0.7832183837890625,0,1
0.7875391840934753,0,1
0.6835176944732666,0,1
0.7591260671615601,0,1
0.6792121529579163,0,1
0.740781307220459,0,1
0.7592273950576782,0,1
0.7652721405029297,0,1
0.7602260112762451,0,1
0.7127110958099365,0,1
0.770057201385498,0,1
0.6973802447319031,0,1
0.7477794289588928,0,1
0.6973358988761902,0,1
0.6973358988761902,0,1
0.7310611605644226,0,1
0.7910905480384827,0,1
0.6890197396278381,0,1
0.7140997648239136,0,1
0.8269487619400024,0,1
0.7329920530319214,0,1
0.7060106992721558,0,1
0.7030360102653503,0,1
0.6971410512924194,0,1
0.6973358988761902,0,1
0.7305552363395691,0,1
0.7682690620422363,0,1
0.7336635589599609,0,1
0.6973358988761902,0,1
0.7701823115348816,0,1
0.7977099418640137,0,1
0.7312185764312744,0,1
0.7161884903907776,0,1
0.7093134522438049,0,1
0.7603227496147156,0,1
0.695220410823822,0,1
0.7279256582260132,0,1
0.7056876420974731,0,1
0.7754824757575989,0,1
0.7306400537490845,0,1
0.7373237609863281,0,1
0.7655395269393921,0,1
0.7681034803390503,0,1
0.7613242268562317,0,1
0.7102255821228027,0,1
0.7132812142372131,0,1
0.6901091933250427,0,1
0.782076358795166,0,1
0.7961263656616211,0,1
0.7483832240104675,0,1
0.6655869483947754,0,1
0.7254975438117981,0,1
0.7477977871894836,0,1
0.7284680604934692,0,1
0.7486393451690674,0,1
0.7436703443527222,0,1
0.6992925405502319,0,1
0.7250739336013794,0,1
0.7436357736587524,0,1
0.6973358988761902,0,1
0.6973358988761902,0,1
0.7217820882797241,0,1
0.6973358988761902,0,1
0.7065313458442688,0,1
0.7236797213554382,0,1
0.7021634578704834,0,1
0.7259026169776917,0,1
0.6934518218040466,0,1
0.7069085240364075,0,1
0.7017455101013184,0,1
0.7517572641372681,0,1
0.7028751969337463,0,1
0.7445632815361023,0,1
0.7006853818893433,0,1
0.8058860301971436,0,1
0.6973358988761902,0,1
0.7679614424705505,0,1
0.6973358988761902,0,1
0.6973358988761902,0,1
0.7085189819335938,0,1
0.7897835969924927,0,1
0.7191904187202454,0,1
0.792866587638855,0,1
0.7205439805984497,0,1
0.7135336995124817,0,1
0.7744201421737671,0,1
0.6897814869880676,0,1
0.8243306279182434,0,1
0.7045525908470154,0,1
0.7185900211334229,0,1
0.7415220141410828,0,1
0.7042432427406311,0,1
0.7200968265533447,0,1
0.7406688928604126,0,1
0.6973358988761902,0,1
0.7568046450614929,0,1
0.6973358988761902,0,1
0.7459924221038818,0,1
0.6987508535385132,0,1
0.7381971478462219,0,1
0.7443282604217529,0,1
0.6737613677978516,0,1
0.7158143520355225,0,1
0.7127314805984497,0,1
0.802430272102356,0,1
0.6973358988761902,0,1
0.7650344371795654,0,1
0.8072725534439087,0,1
0.6973358988761902,0,1
0.7056937217712402,0,1
0.7236433625221252,0,1
0.7491520643234253,0,1
0.714730978012085,0,1
0.7238326072692871,0,1
0.738078236579895,0,1
0.7579426765441895,0,1
0.7237826585769653,0,1
0.727103054523468,0,1
0.7069193720817566,0,1
0.6974101066589355,0,1
0.7521213889122009,0,1
0.7054454684257507,0,1
0.7858333587646484,0,1
0.7798521518707275,0,1
0.7776342034339905,0,1
0.7745332717895508,0,1
0.7615364193916321,0,1
0.7571278810501099,0,1
0.6851924061775208,0,1
0.6819726228713989,0,1
0.6973358988761902,0,1
0.7541617155075073,0,1
0.692798376083374,0,1
0.7338148951530457,0,1
0.7183898687362671,0,1
0.6792169213294983,0,1
0.7679866552352905,0,1
0.7331271171569824,0,1
0.7946280837059021,0,1
0.6965953707695007,0,1
0.7242550849914551,0,1
0.7088455557823181,0,1
0.7424378395080566,0,1
0.7153141498565674,0,1
0.7849210500717163,0,1
0.7556089162826538,0,1
0.6973358988761902,0,1
0.7367002964019775,0,1
0.6973358988761902,0,1
0.7305115461349487,0,1
0.763817310333252,0,1
0.7027987837791443,0,1
0.7483375072479248,0,1
0.6642322540283203,0,1
0.7370741963386536,0,1
0.798179030418396,0,1
0.7603007555007935,0,1
0.7119878530502319,0,1
0.7319111824035645,0,1
0.6973358988761902,0,1
0.7239798307418823,0,1
0.6954683661460876,0,1
0.7313222885131836,0,1
0.7958527207374573,0,1
0.7385845184326172,0,1
0.7914612889289856,0,1
0.7242512702941895,0,1
0.7369380593299866,0,1
0.7785750031471252,0,1
0.7363739013671875,0,1
0.7701112031936646,0,1
0.7197532653808594,0,1
0.7144889235496521,0,1
0.7055291533470154,0,1
0.6540241241455078,0,1
0.7521845698356628,0,1
0.8061718940734863,0,1
0.7322747111320496,0,1
0.776034951210022,0,1
0.7061496376991272,0,1
0.7002255916595459,0,1
0.7373654842376709,0,1
0.7645412683486938,0,1
0.7326788306236267,0,1
0.7503183484077454,0,1
0.7651188969612122,0,1
0.6863319277763367,0,1
0.7723285555839539,0,1
0.6998451352119446,0,1
0.7187372446060181,0,1
0.6973358988761902,0,1
0.7391997575759888,0,1
0.730347752571106,0,1
0.7489824295043945,0,1
0.6932708621025085,0,1
0.6761160492897034,0,1
0.7773019075393677,0,1
0.7207552790641785,0,1
0.6469699144363403,0,1
0.7006241083145142,0,1
0.7302783727645874,0,1
0.7072563171386719,0,1
0.6635585427284241,0,1
0.6633506417274475,0,1
0.816098690032959,0,1
0.7653836607933044,0,1
0.7176309823989868,0,1
0.6947484016418457,0,1
0.7256634831428528,0,1
0.7302480936050415,0,1
0.7143305540084839,0,1
0.7624691128730774,0,1
0.7418767809867859,0,1
0.7080121636390686,0,1
0.6942858099937439,0,1
0.7556838989257812,0,1
0.6973358988761902,0,1
0.7071397304534912,0,1
0.6952511072158813,0,1
0.7565819025039673,0,1
0.6965867877006531,0,1
0.7392253875732422,0,1
0.7321459054946899,0,1
0.7030278444290161,0,1
0.7226846218109131,0,1
0.7032880783081055,0,1
0.6973358988761902,0,1
0.7523434162139893,0,1
0.6973358988761902,0,1
0.697360098361969,0,1
0.6845347881317139,0,1
0.6997815370559692,0,1
0.717415452003479,0,1
0.7526596784591675,0,1
0.7277839779853821,0,1
0.7250805497169495,0,1
0.8113903403282166,0,1
0.6974933743476868,0,1
0.7230727076530457,0,1
0.7888468503952026,0,1
0.7168286442756653,0,1
0.7841023206710815,0,1
0.7303429245948792,0,1
0.6973358988761902,0,1
0.6973358988761902,0,1
0.7156927585601807,0,1
0.7358567714691162,0,1
0.6973358988761902,0,1
0.6692167520523071,0,1
0.7251886129379272,0,1
0.7213485240936279,0,1
0.7279841899871826,0,1
0.7362234592437744,0,1
0.695894718170166,0,1
0.6964179277420044,0,1
0.8065155744552612,0,1
0.7818454504013062,0,1
0.715782880783081,0,1
0.764556884765625,0,1
0.6895840764045715,0,1
0.6958289742469788,0,1
0.7141256332397461,0,1
0.6954088807106018,0,1
0.7636234164237976,0,1
0.7126519680023193,0,1
0.689509391784668,0,1
0.6983951926231384,0,1
0.7676184773445129,0,1
0.699069082736969,0,1
0.7392851114273071,0,1
0.6973358988761902,0,1
0.7025501728057861,0,1
0.7515292167663574,0,1
0.7492079734802246,0,1
0.786243200302124,0,1
0.725315511226654,0,1
0.711593747138977,0,1
0.6678030490875244,0,1
0.7654623985290527,0,1
0.733102560043335,0,1
0.732607364654541,0,1
0.7053237557411194,0,1
0.7163059115409851,0,1
0.8369085192680359,0,1
0.6942509412765503,0,1
0.7301985621452332,0,1
0.7753048539161682,0,1
0.7608630657196045,0,1
0.7010275721549988,0,1
0.6706667542457581,0,1
0.7909372448921204,0,1
0.7197818160057068,0,1
0.7158939838409424,0,1
0.7317525744438171,0,1
0.7106759548187256,0,1
0.6973358988761902,0,1
0.7441721558570862,0,1
0.7573426365852356,0,1
0.7267342209815979,0,1
0.6973358988761902,0,1
0.7809634804725647,0,1
0.722253680229187,0,1
0.7225697040557861,0,1
0.6973358988761902,0,1
0.7965046167373657,0,1
0.7142972946166992,0,1
0.7163270115852356,0,1
0.7029486298561096,0,1
0.7165762186050415,0,1
0.7357751727104187,0,1
0.7354653477668762,0,1
0.7039288282394409,0,1
0.6747663617134094,0,1
0.7751494646072388,0,1
0.7211915254592896,0,1
0.7743202447891235,0,1
0.7838435769081116,0,1
0.6973764300346375,0,1
0.7686452269554138,0,1
0.6698044538497925,0,1
0.6973358988761902,0,1
0.7240335941314697,0,1
0.6851057410240173,0,1
0.7252338528633118,0,1
0.7229758501052856,0,1
0.703775942325592,0,1
0.6993714570999146,0,1
0.7616593837738037,0,1
0.6973358988761902,0,1
0.7235333919525146,0,1
0.7087615728378296,0,1
0.7063452005386353,0,1
0.725333034992218,0,1
0.7100414037704468,0,1
0.760589063167572,0,1
0.7532526850700378,0,1
0.7007899880409241,0,1
0.7273313403129578,0,1
0.7102236747741699,0,1
0.7917093634605408,0,1
0.7608322501182556,0,1
0.7716177105903625,0,1
0.73480224609375,0,1
0.6590045690536499,0,1
0.7425544261932373,0,1
0.7624808549880981,0,1
0.7617074251174927,0,1
0.6989319324493408,0,1
0.6810249090194702,0,1
0.7257508039474487,0,1
0.799382209777832,0,1
0.7639480233192444,0,1
0.7656421065330505,0,1
0.6973358988761902,0,1
0.7957427501678467,0,1
0.7222635746002197,0,1
0.6976391077041626,0,1
0.7715868353843689,0,1
0.7255770564079285,0,1
0.7457461953163147,0,1
0.6999117732048035,0,1
0.7413426637649536,0,1
0.7493796944618225,0,1
0.6711527109146118,0,1
0.7453894019126892,0,1
0.7089561820030212,0,1
0.7761927843093872,0,1
0.6973358988761902,0,1
0.7715601325035095,0,1
0.7596002817153931,0,1
0.7046784162521362,0,1
0.7267177700996399,0,1
0.7733035087585449,0,1
0.6503642797470093,0,1
0.6854352951049805,0,1
0.7329283356666565,0,1
0.6587558388710022,0,1
0.7435438632965088,0,1
0.7602618932723999,0,1
0.7103340029716492,0,1
0.7714258432388306,0,1
0.7240673899650574,0,1
0.6973358988761902,0,1
0.7200807332992554,0,1
0.7171425819396973,0,1
0.7918261289596558,0,1
0.7177606821060181,0,1
0.7346633672714233,0,1
0.7422550916671753,0,1
0.7278524041175842,0,1
0.71785968542099,0,1
0.7054333090782166,0,1
0.6950339078903198,0,1
0.6549404859542847,0,1
0.7703524827957153,0,1
0.7750774621963501,0,1
0.7126442790031433,0,1
0.7703393697738647,0,1
0.6973358988761902,0,1
0.7973045110702515,0,1
0.7319148778915405,0,1
0.7518038153648376,0,1
0.7606201767921448,0,1
0.7501822113990784,0,1
0.7228448987007141,0,1
0.7259484529495239,0,1
0.7551829218864441,0,1
0.740241527557373,0,1
0.6971021890640259,0,1
0.7157455682754517,0,1
0.7293674945831299,0,1
0.7138523459434509,0,1
0.7581034302711487,0,1
0.7758512496948242,0,1
0.7643069624900818,0,1
0.7333325743675232,0,1
0.7276001572608948,0,1
0.6973358988761902,0,1
0.7978206872940063,0,1
0.7411584854125977,0,1
0.6843480467796326,0,1
0.7270326614379883,0,1
0.7150349020957947,0,1
0.7494404911994934,0,1
0.7309672832489014,0,1
0.7518846392631531,0,1
0.7024908065795898,0,1
0.7218607068061829,0,1
0.7748783826828003,0,1
0.7623490691184998,0,1
0.6747304797172546,0,1
0.6973358988761902,0,1
0.7691919803619385,0,1
0.7347760200500488,0,1
0.6973358988761902,0,1
0.6973358988761902,0,1
0.7397053241729736,0,1
0.6973358988761902,0,1
0.7481186389923096,0,1
0.714249849319458,0,1
0.7310475707054138,0,1
0.6814212799072266,0,1
0.6950502991676331,0,1
0.6973358988761902,0,1
0.7212896943092346,0,1
0.6499701738357544,0,1
0.7225844860076904,0,1
0.7216363549232483,0,1
0.772968053817749,0,1
0.7562015652656555,0,1
0.734228789806366,0,1
0.7379063963890076,0,1
0.7339047789573669,0,1
0.696625292301178,0,1
0.7112387418746948,0,1
0.7469881176948547,0,1
0.7225605845451355,0,1
0.7560240626335144,0,1
0.7069031000137329,0,1
0.7825068235397339,0,1
0.7360905408859253,0,1
0.6999978423118591,0,1
0.7763620615005493,0,1
0.6973358988761902,0,1
0.6974248886108398,0,1
0.6987905502319336,0,1
0.7806394696235657,0,1
0.7474635243415833,0,1
0.7689328789710999,0,1
0.6672080159187317,0,1
0.7010905742645264,0,1
0.79522705078125,0,1
0.7731907367706299,0,1
0.6907199025154114,0,1
0.7555659413337708,0,1
0.7536320686340332,0,1
0.717581570148468,0,1
0.769477367401123,0,1
0.7695637941360474,0,1
0.6973358988761902,0,1
0.6973358988761902,0,1
0.7740824818611145,0,1
0.7411932945251465,0,1
0.6989400386810303,0,1
0.7346129417419434,0,1
0.6942291259765625,0,1
0.7310597896575928,0,1
0.7370963096618652,0,1
0.7015371918678284,0,1
0.6973358988761902,0,1
0.7472190260887146,0,1
0.6947625875473022,0,1
0.7225529551506042,0,1
0.7451606392860413,0,1
0.716253399848938,0,1
0.7623320817947388,0,1
0.7355661392211914,0,1
0.7537020444869995,0,1
0.7345668077468872,0,1
0.7661364078521729,0,1
0.7818986177444458,0,1
0.7562893629074097,0,1
0.7141445875167847,0,1
0.6715788245201111,0,1
0.7322300672531128,0,1
0.7253375053405762,0,1
0.7082828283309937,0,1
0.7467812299728394,0,1
0.7316980361938477,0,1
0.7099541425704956,0,1
0.6938716173171997,0,1
0.7242833375930786,0,1
0.6548082232475281,0,1
0.687433660030365,0,1
0.7343837022781372,0,1
0.787909746170044,0,1
0.7579883337020874,0,1
0.6973358988761902,0,1
0.7301723957061768,0,1
0.7721450924873352,0,1
0.5985764265060425,0,1
0.8144678473472595,0,1
0.7336258888244629,0,1
0.771984338760376,0,1
0.7176017761230469,0,1
0.756354033946991,0,1
0.7408558130264282,0,1
0.7052139639854431,0,1
0.7082425951957703,0,1
0.7101696729660034,0,1
0.7678512334823608,0,1
0.7416412830352783,0,1
0.7304069995880127,0,1
0.7441914081573486,0,1
0.7077869176864624,0,1
0.7058799862861633,0,1
0.7464598417282104,0,1
0.6846237182617188,0,1
0.777729332447052,0,1
0.721120297908783,0,1
0.7363065481185913,0,1
0.7275059223175049,0,1
0.7641251087188721,0,1
0.6973358988761902,0,1
0.7275249361991882,0,1
0.8321709036827087,0,1
0.6984784007072449,0,1
0.7574018836021423,0,1
0.8317456841468811,0,1
0.7218088507652283,0,1
0.7425723671913147,0,1
0.7033857107162476,0,1
0.7107959389686584,0,1
0.7326856851577759,0,1
0.6265348792076111,0,1
0.7398965358734131,0,1
0.7200340032577515,0,1
0.7713006734848022,0,1
0.7148169279098511,0,1
0.7108914256095886,0,1
0.7742736339569092,0,1
0.7753254175186157,0,1
0.7440818548202515,0,1
0.7652233839035034,0,1
0.7784387469291687,0,1
0.7196480631828308,0,1
0.7152459621429443,0,1
0.6951532959938049,0,1
0.7445386052131653,0,1
0.7320277094841003,0,1
0.6973358988761902,0,1
0.7161070704460144,0,1
0.7011690139770508,0,1
0.7394896745681763,0,1
0.7133520841598511,0,1
0.7225831151008606,0,1
0.7484548687934875,0,1
0.6671923398971558,0,1
0.6973358988761902,0,1
0.7060986161231995,0,1
0.7415026426315308,0,1
0.6557923555374146,0,1
0.6973358988761902,0,1
0.7231623530387878,0,1
0.7019286155700684,0,1
0.7466727495193481,0,1
0.6973358988761902,0,1
0.7095134854316711,0,1
0.7989500761032104,0,1
0.7433432340621948,0,1
0.6973358988761902,0,1
0.8262865543365479,0,1
0.7606403827667236,0,1
0.741457462310791,0,1
0.6973614692687988,0,1
0.7033029198646545,0,1
0.6832489371299744,0,1
0.7688188552856445,0,1
0.7048369646072388,0,1
0.7600439786911011,0,1
0.719763994216919,0,1
0.7585263848304749,0,1
0.6990461945533752,0,1
0.7282542586326599,0,1
0.7089728713035583,0,1
0.7740823030471802,0,1
0.7657507658004761,0,1
0.7469567656517029,0,1
0.6973358988761902,0,1
0.6953214406967163,0,1
0.7273679971694946,0,1
0.6973358988761902,0,1
0.729860246181488,0,1
0.7705695629119873,0,1
0.8077499866485596,0,1
0.7273755073547363,0,1
0.7479839324951172,0,1
0.8191668391227722,0,1
0.729611873626709,0,1
0.6973358988761902,0,1
0.7211005687713623,0,1
0.6973358988761902,0,1
0.742496132850647,0,1
0.7520308494567871,0,1
0.6973358988761902,0,1
0.707259476184845,0,1
0.7127024531364441,0,1
0.7273201942443848,0,1
0.7255370616912842,0,1
0.8178814649581909,0,1
0.7388049960136414,0,1
0.7077009081840515,0,1
0.6973358988761902,0,1
0.6973358988761902,0,1
0.7729901671409607,0,1
0.7036283612251282,0,1
0.6973358988761902,0,1
0.7448028922080994,0,1
0.6537497043609619,0,1
0.7731499075889587,0,1
0.6973358988761902,0,1
0.8065287470817566,0,1
0.7273643016815186,0,1
0.7987844944000244,0,1
0.7971508502960205,0,1
0.7321877479553223,0,1
0.7561768889427185,0,1
0.7360931038856506,0,1
0.7060354948043823,0,1
0.7251425385475159,0,1
0.7492798566818237,0,1
0.6979394555091858,0,1
0.7170106768608093,0,1
0.7048988938331604,0,1
0.6835618019104004,0,1
0.7985764741897583,0,1
0.7113416194915771,0,1
0.7673553228378296,0,1
0.7248705625534058,0,1
0.6973358988761902,0,1
0.7119591236114502,0,1
0.7086129188537598,0,1
0.7342618703842163,0,1
0.7007412910461426,0,1
0.7482309341430664,0,1
0.6938399076461792,0,1
0.7441577911376953,0,1
0.7371775507926941,0,1
0.68413245677948,0,1
0.7407408952713013,0,1
0.741659939289093,0,1
0.7209550738334656,0,1
0.6973564624786377,0,1
0.7340190410614014,0,1
0.7763206362724304,0,1
0.8014118671417236,0,1
0.7582753300666809,0,1
0.7483952045440674,0,1
0.7727794647216797,0,1
0.7590541839599609,0,1
0.7156715989112854,0,1
0.6973358988761902,0,1
0.7052459120750427,0,1
0.7149490118026733,0,1
0.7473610639572144,0,1
0.7575250267982483,0,1
0.760985791683197,0,1
0.7213496565818787,0,1
0.6973358988761902,0,1
0.7694281339645386,0,1
0.6975586414337158,0,1
0.7515807747840881,0,1
0.6667528748512268,0,1
0.7897076606750488,0,1
0.7444558143615723,0,1
0.7255858778953552,0,1
0.708987295627594,0,1
0.7655683755874634,0,1
0.7276467680931091,0,1
0.7482925653457642,0,1
0.6980074644088745,0,1
0.7387270927429199,0,1
0.742942214012146,0,1
0.7275876402854919,0,1
0.697506844997406,0,1
0.7094227075576782,0,1
0.7076590657234192,0,1
0.7049169540405273,0,1
0.7349141836166382,0,1
0.7317466139793396,0,1
0.7557467222213745,0,1
0.7422609925270081,0,1
0.7604638934135437,0,1
0.6973358988761902,0,1
0.7155101895332336,0,1
0.6724138855934143,0,1
0.7422130107879639,0,1
0.7419795989990234,0,1
0.7009986639022827,0,1
0.6973358988761902,0,1
0.7285352945327759,0,1
0.7323119640350342,0,1
0.7556074261665344,0,1
0.7910821437835693,0,1
0.7200852632522583,0,1
0.6973358988761902,0,1
0.6973358988761902,0,1
0.6972998976707458,0,1
0.7567942142486572,0,1
0.7147935628890991,0,1
0.7145188450813293,0,1
0.741224467754364,0,1
0.7570371031761169,0,1
0.6973358988761902,0,1
0.7309675216674805,0,1
0.768942654132843,0,1
0.7481712698936462,0,1
0.7001784443855286,0,1
0.7334436178207397,0,1
0.6973358988761902,0,1
0.7467800974845886,0,1
0.6973358988761902,0,1
0.7967840433120728,0,1
0.7098192572593689,0,1
0.7128751873970032,0,1
0.7296335697174072,0,1
0.7620949149131775,0,1
0.7712321281433105,0,1
0.7851824164390564,0,1
0.7969982028007507,0,1
0.7127913236618042,0,1
0.6972054839134216,0,1
0.6898762583732605,0,1
0.6596240997314453,0,1
0.7583646774291992,0,1
0.7587918043136597,0,1
0.7191965579986572,0,1
0.6948280334472656,0,1
0.7306632995605469,0,1
0.7520955801010132,0,1
0.7580350637435913,0,1
0.6969790458679199,0,1
0.7419293522834778,0,1
0.6417092084884644,0,1
0.7654235363006592,0,1
0.692853569984436,0,1
0.7588819265365601,0,1
0.707891583442688,0,1
0.6824576258659363,0,1
0.7872346639633179,0,1
0.7549042701721191,0,1
0.7488487958908081,0,1
0.7361753582954407,0,1
0.8027441501617432,0,1
0.7331652641296387,0,1
0.7911192774772644,0,1
0.6989924311637878,0,1
0.690966784954071,0,1
0.7335060238838196,0,1
0.7329538464546204,0,1
0.7154654264450073,0,1
0.7142422795295715,0,1
0.7215971350669861,0,1
0.7219487428665161,0,1
0.7113959193229675,0,1
0.7273206114768982,0,1
0.7158676385879517,0,1
0.6973358988761902,0,1
0.6853074431419373,0,1
0.7062509059906006,0,1
0.7754153609275818,0,1
0.7691956758499146,0,1
0.7660446166992188,0,1
0.7174655795097351,0,1
0.7970231771469116,0,1
0.7485347986221313,0,1
0.751990556716919,0,1
0.7260831594467163,0,1
0.787446141242981,0,1
0.7400236129760742,0,1
0.7432546615600586,0,1
0.7117120027542114,0,1
0.7128931283950806,0,1
0.7089875936508179,0,1
0.7239782214164734,0,1
0.7477135062217712,0,1
0.7031213045120239,0,1
0.7139124274253845,0,1
0.6973516941070557,0,1
0.8135101795196533,0,1
0.754707396030426,0,1
0.7552846670150757,0,1
0.697864294052124,0,1
0.8324885964393616,0,1
0.7033525705337524,0,1
0.7357409000396729,0,1
0.7096587419509888,0,1
0.7460500597953796,0,1
0.7265610694885254,0,1
0.719508945941925,0,1
0.7360772490501404,0,1
0.8768288493156433,0,1
0.7744903564453125,0,1
0.7360889911651611,0,1
0.6975656151771545,0,1
0.6973358988761902,0,1
0.7474483847618103,0,1
0.7245737910270691,0,1
0.7088581323623657,0,1
0.724304735660553,0,1
0.7033182978630066,0,1
0.7423083782196045,0,1
0.7879612445831299,0,1
1.6076126098632812,0,1
0.7170498967170715,0,1
0.7596474289894104,0,1
0.7696488499641418,0,1
0.7554996609687805,0,1
0.7626774907112122,0,1
0.7235502004623413,0,1
0.7387263178825378,0,1
0.6480376720428467,0,1
0.7353315949440002,0,1
0.701849639415741,0,1
0.7987635135650635,0,1
0.7637395858764648,0,1
0.68366938829422,0,1
0.7514595985412598,0,1
0.7152912020683289,0,1
0.7327669262886047,0,1
0.6973358988761902,0,1
0.6973358988761902,0,1
0.7422600388526917,0,1
0.6973358988761902,0,1
0.7328041791915894,0,1
1.1047656536102295,0,1
0.7188513278961182,0,1
0.7603825330734253,0,1
0.7468296885490417,0,1
0.6973358988761902,0,1
0.7783997654914856,0,1
0.7853425741195679,0,1
0.7592985033988953,0,1
0.7523722648620605,0,1
0.6973358988761902,0,1
0.7510887980461121,0,1
0.6865055561065674,0,1
0.7409912347793579,0,1
0.7097388505935669,0,1
0.6808428168296814,0,1
0.6973358988761902,0,1
0.740559995174408,0,1
0.7608510851860046,0,1
0.7611641883850098,0,1
0.7279024124145508,0,1
0.6973358988761902,0,1
0.7780305743217468,0,1
0.7159447073936462,0,1
0.7272577285766602,0,1
0.7425771951675415,0,1
0.6973358988761902,0,1
0.7039650082588196,0,1
0.7416629195213318,0,1
0.7143111824989319,0,1
0.7087363600730896,0,1
0.697651743888855,0,1
0.697485625743866,0,1
0.7180773615837097,0,1
0.7228506803512573,0,1
0.7328639626502991,0,1
0.7062552571296692,0,1
0.7078945636749268,0,1
0.7902323007583618,0,1
0.7052827477455139,0,1
0.7620404362678528,0,1
0.739683210849762,0,1
0.7495715618133545,0,1
0.7095612287521362,0,1
0.8098741769790649,0,1
0.7647247314453125,0,1
0.7451995015144348,0,1
0.7213522791862488,0,1
0.6973358988761902,0,1
0.7026669979095459,0,1
0.7044321298599243,0,1
0.730344831943512,0,1
0.7018290162086487,0,1
0.6973358988761902,0,1
0.7377068400382996,0,1
0.7389309406280518,0,1
0.7050739526748657,0,1
0.7467865943908691,0,1
0.7348287105560303,0,1
0.8139024376869202,0,1
0.7743326425552368,0,1
0.7564272284507751,0,1
0.727582573890686,0,1
0.7661339640617371,0,1
0.750120997428894,0,1
0.7440231442451477,0,1
0.7129069566726685,0,1
0.7403310537338257,0,1
0.7212908864021301,0,1
0.6973358988761902,0,1
0.728559672832489,0,1
0.6973358988761902,0,1
0.7977421283721924,0,1
0.6854968667030334,0,1
0.6973358988761902,0,1
0.7054712176322937,0,1
0.7341588139533997,0,1
0.7877845168113708,0,1
0.7484703063964844,0,1
0.66890949010849,0,1
0.7598335146903992,0,1
0.696978747844696,0,1
0.7238283753395081,0,1
0.6973358988761902,0,1
0.7457841634750366,0,1
0.6973358988761902,0,1
0.7215954661369324,0,1
0.7031412124633789,0,1
0.7655465602874756,0,1
0.7220875024795532,0,1
0.7439262270927429,0,1
0.716330885887146,0,1
0.7623515129089355,0,1
0.7563820481300354,0,1
0.6957288980484009,0,1
0.728428304195404,0,1
0.740807294845581,0,1
0.7614328265190125,0,1
0.7246294021606445,0,1
0.6973358988761902,0,1
0.7561506032943726,0,1
0.7356231808662415,0,1
0.7187612056732178,0,1
0.73405921459198,0,1
0.7873329520225525,0,1
0.713153064250946,0,1
0.7165289521217346,0,1
0.7104580402374268,0,1
0.6594624519348145,0,1
0.7244799137115479,0,1
0.7391477823257446,0,1
0.7264909744262695,0,1
0.7626639604568481,0,1
0.7456938028335571,0,1
0.7794880270957947,0,1
0.6973358988761902,0,1
0.7185028195381165,0,1
0.6969022154808044,0,1
0.7294667959213257,0,1
0.749446451663971,0,1
0.6973358988761902,0,1
0.7986574172973633,0,1
0.7581329941749573,0,1
0.7205735445022583,0,1
0.7478245496749878,0,1
0.7510668635368347,0,1
0.6973358988761902,0,1
0.731281042098999,0,1
0.6709014177322388,0,1
0.6973358988761902,0,1
0.6803880929946899,0,1
0.6978264451026917,0,1
0.6968855857849121,0,1
0.6938120722770691,0,1
0.8219507336616516,0,1
0.7327076196670532,0,1
0.7473701238632202,0,1
0.7497591376304626,0,1
0.6793897151947021,0,1
0.8023959398269653,0,1
0.7390987277030945,0,1
0.7265709638595581,0,1
0.6766314506530762,0,1
0.7069876790046692,0,1
0.5886204838752747,0,1
0.7966805696487427,0,1
0.7383258938789368,0,1
0.7377466559410095,0,1
0.6983590722084045,0,1
0.7438256740570068,0,1
0.7410683631896973,0,1
0.6973358988761902,0,1
0.6973358988761902,0,1
0.7135927081108093,0,1
0.7833696603775024,0,1
0.7439884543418884,0,1
0.747055172920227,0,1
0.7185394167900085,0,1
0.7192639112472534,0,1
0.6973358988761902,0,1
0.7262434959411621,0,1
0.7003065347671509,0,1
0.7470109462738037,0,1
0.7411093711853027,0,1
0.7463391423225403,0,1
0.7342379689216614,0,1
0.7367634177207947,0,1
0.7310048341751099,0,1
0.7736895084381104,0,1
0.7648783326148987,0,1
0.6889461874961853,0,1
0.7138126492500305,0,1
0.6996740102767944,0,1
0.6923207640647888,0,1
0.6973358988761902,0,1
0.700369119644165,0,1
0.6973904967308044,0,1
0.711246132850647,0,1
0.7284006476402283,0,1
0.7756972908973694,0,1
0.7712673544883728,0,1
0.7440239191055298,0,1
0.7329984903335571,0,1
0.7253209352493286,0,1
0.7759974598884583,0,1
0.6973358988761902,0,1
0.7648590803146362,0,1
0.7763800621032715,0,1
0.7100814580917358,0,1
0.6973358988761902,0,1
0.7657959461212158,0,1
0.7163518667221069,0,1
0.6858891248703003,0,1
0.7443437576293945,0,1
0.6777569055557251,0,1
0.6578767895698547,0,1
0.7686492204666138,0,1
0.7168319225311279,0,1
0.7041664123535156,0,1
0.6950218677520752,0,1
0.6884474754333496,0,1
0.7763564586639404,0,1
0.7633857727050781,0,1
0.7335744500160217,0,1
0.7226793766021729,0,1
0.7814939618110657,0,1
0.7732496857643127,0,1
0.7147074937820435,0,1
0.732204258441925,0,1
0.6867478489875793,0,1
0.7570637464523315,0,1
0.7172468304634094,0,1
0.6952776908874512,0,1
0.6973358988761902,0,1
0.649657130241394,0,1
0.7052894830703735,0,1
0.697360634803772,0,1
0.7562609314918518,0,1
0.6955758929252625,0,1
0.7325755953788757,0,1
0.7385466694831848,0,1
0.7269546985626221,0,1
0.7484906911849976,0,1
0.7349503636360168,0,1
0.721401035785675,0,1
0.7517964243888855,0,1
0.763087272644043,0,1
0.7358571290969849,0,1
0.6973358988761902,0,1
0.7300843000411987,0,1
0.6694210767745972,0,1
0.6973358988761902,0,1
0.7098602056503296,0,1
0.7108543515205383,0,1
0.758782684803009,0,1
0.7278194427490234,0,1
0.6968932151794434,0,1
0.825389564037323,0,1
1.0697393417358398,0,1
0.7101780772209167,0,1
0.728344738483429,0,1
0.7327561974525452,0,1
0.7757195234298706,0,1
0.7658885717391968,0,1
0.7298694849014282,0,1
0.7352935671806335,0,1
0.6993294954299927,0,1
0.6908292770385742,0,1
0.7288814783096313,0,1
0.681976318359375,0,1
0.7347669005393982,0,1
0.7713174819946289,0,1
0.7053698897361755,0,1
0.7108113169670105,0,1
0.6973358988761902,0,1
0.7551407217979431,0,1
0.7581206560134888,0,1
0.7566369771957397,0,1
0.7184808254241943,0,1
0.7433549165725708,0,1
0.7392433285713196,0,1
0.6722052097320557,0,1
0.7271355390548706,0,1
0.6997133493423462,0,1
0.7323618531227112,0,1
0.7191012501716614,0,1
0.8171578049659729,0,1
0.7817844748497009,0,1
0.7305164337158203,0,1
0.7107657790184021,0,1
0.7697921991348267,0,1
0.7170873284339905,0,1
0.6953817009925842,0,1
0.7919023036956787,0,1
0.7659510970115662,0,1
0.6907742619514465,0,1
0.7252072691917419,0,1
0.7280634641647339,0,1
0.7476433515548706,0,1
0.7739315032958984,0,1
0.7972175478935242,0,1
0.6706441044807434,0,1
0.7163646817207336,0,1
0.7814241051673889,0,1
0.7336837649345398,0,1
0.7150639295578003,0,1
0.6669297218322754,0,1
0.6973358988761902,0,1
0.6989845037460327,0,1
0.6973358988761902,0,1
0.7842921018600464,0,1
0.6973713636398315,0,1
0.7154350876808167,0,1
0.6980652809143066,0,1
0.6973415017127991,0,1
0.6963845491409302,0,1
0.7412601709365845,0,1
0.6799041032791138,0,1
0.6973358988761902,0,1
0.6973358988761902,0,1
0.7088415026664734,0,1
0.7444921135902405,0,1
0.7484550476074219,0,1
0.7312273979187012,0,1
0.6959666609764099,0,1
0.7431207895278931,0,1
0.682952344417572,0,1
0.7489261031150818,0,1
0.7219716906547546,0,1
0.7455149292945862,0,1
1.5748050212860107,0,1
0.7439299821853638,0,1
0.7737773656845093,0,1
0.7649550437927246,0,1
0.7237842082977295,0,1
0.7403588891029358,0,1
0.7596660256385803,0,1
0.7263211011886597,0,1
0.7411924004554749,0,1
0.7509157657623291,0,1
0.728002667427063,0,1
0.6973358988761902,0,1
0.6973358988761902,0,1
0.7018886208534241,0,1
0.6973358988761902,0,1
0.7262168526649475,0,1
0.7316420078277588,0,1
0.758708655834198,0,1
0.7117721438407898,0,1
0.7131143808364868,0,1
0.7514339089393616,0,1
0.6973358988761902,0,1
0.7402691841125488,0,1
0.7130537033081055,0,1
0.6973358988761902,0,1
0.6699150204658508,0,1
0.7930964827537537,0,1
0.7204959988594055,0,1
0.7784808874130249,0,1
0.6794675588607788,0,1
0.6994748115539551,0,1
0.6909626722335815,0,1
0.7991982102394104,0,1
0.7496914267539978,0,1
0.7039918899536133,0,1
0.6973358988761902,0,1
0.7264336347579956,0,1
0.7524147033691406,0,1
0.7357757091522217,0,1
0.7063044905662537,0,1
0.7443175911903381,0,1
0.6998996138572693,0,1
0.7390674352645874,0,1
0.6991109251976013,0,1
0.7194935083389282,0,1
0.7615600228309631,0,1
0.6973358988761902,0,1
0.6973358988761902,0,1
0.7322448492050171,0,1
0.6875152587890625,0,1
0.8068562746047974,0,1
0.6973358988761902,0,1
0.6782134175300598,0,1
0.7466383576393127,0,1
0.7908050417900085,0,1
0.7540456056594849,0,1
0.7358534932136536,0,1
0.6973358988761902,0,1
0.7609213590621948,0,1
0.6757856011390686,0,1
0.6973358988761902,0,1
0.7606769800186157,0,1
0.7598741054534912,0,1
0.6919125914573669,0,1
0.730431318283081,0,1
0.7176614999771118,0,1
0.712992787361145,0,1
0.7584819793701172,0,1
0.6937090158462524,0,1
0.8023731112480164,0,1
0.7572520971298218,0,1
0.7197503447532654,0,1
0.7313099503517151,0,1
0.6987128257751465,0,1
0.7226083874702454,0,1
0.6860263347625732,0,1
0.6986262202262878,0,1
0.7221159934997559,0,1
0.7538841962814331,0,1
0.7713218331336975,0,1
0.6973358988761902,0,1
0.7596597671508789,0,1
0.7316556572914124,0,1
0.7417844533920288,0,1
0.7191023230552673,0,1
0.7018315196037292,0,1
0.7280257940292358,0,1
0.7428696751594543,0,1
0.6903195381164551,0,1
0.7210838794708252,0,1
0.7299161553382874,0,1
0.7877801656723022,0,1
0.7472931742668152,0,1
0.6973358988761902,0,1
0.695327877998352,0,1
0.768395185470581,0,1
0.7980774641036987,0,1
0.7302714586257935,0,1
0.7615707516670227,0,1
0.7722190618515015,0,1
0.7814931869506836,0,1
0.7460977435112,0,1
0.7858401536941528,0,1
0.740147054195404,0,1
0.7506047487258911,0,1
0.7149690985679626,0,1
0.781301736831665,0,1
0.7701032161712646,0,1
0.7398152351379395,0,1
0.6973358988761902,0,1
1.497667908668518,0,1
0.7635624408721924,0,1
0.7623456120491028,0,1
0.7374247312545776,0,1
0.6973358988761902,0,1
0.819708526134491,0,1
0.7557463645935059,0,1
0.7262173891067505,0,1
0.6973358988761902,0,1
0.7284371852874756,0,1
0.658300518989563,0,1
0.7509018778800964,0,1
0.6973358988761902,0,1
0.8198750615119934,0,1
0.6719376444816589,0,1
0.7861290574073792,0,1
0.691139817237854,0,1
0.7671511173248291,0,1
0.688280463218689,0,1
0.6973358988761902,0,1
0.7347785830497742,0,1
0.6973358988761902,0,1
0.7481130957603455,0,1
0.6680330038070679,0,1
0.7508635520935059,0,1
0.7415047883987427,0,1
0.7646403908729553,0,1
0.7614883184432983,0,1
0.747737467288971,0,1
0.7028369307518005,0,1
0.6833100914955139,0,1
0.7942579984664917,0,1
0.7315488457679749,0,1
0.7090047597885132,0,1
0.7076354026794434,0,1
0.6788216233253479,0,1
0.6837825775146484,0,1
0.6973358988761902,0,1
0.7501190900802612,0,1
0.7185588479042053,0,1
0.7743682265281677,0,1
0.6904736757278442,0,1
0.738926112651825,0,1
0.7455630898475647,0,1
0.7764071822166443,0,1
0.6880961656570435,0,1
0.7377420663833618,0,1
0.7185884714126587,0,1
0.7189458012580872,0,1
0.8438546657562256,0,1
0.739090085029602,0,1
0.7354307174682617,0,1
0.6973358988761902,0,1
0.6883213520050049,0,1
0.7451010346412659,0,1
0.7650179266929626,0,1
0.7086700201034546,0,1
0.6973358988761902,0,1
0.729551374912262,0,1
0.7977563142776489,0,1
0.6695415377616882,0,1
0.7000395059585571,0,1
0.7833751440048218,0,1
0.720175564289093,0,1
0.708473265171051,0,1
0.7272816300392151,0,1
0.7254551649093628,0,1
0.7389943599700928,0,1
0.7665272355079651,0,1
0.7104731202125549,0,1
0.7284294366836548,0,1
0.6973439455032349,0,1
0.704303503036499,0,1
0.7272177338600159,0,1
0.7071279287338257,0,1
0.731802761554718,0,1
0.6973358988761902,0,1
0.7480114102363586,0,1
0.7611013054847717,0,1
0.7907673716545105,0,1
0.6421383619308472,0,1
0.7250653505325317,0,1
0.6973358988761902,0,1
0.7673504948616028,0,1
0.7512243390083313,0,1
0.696368396282196,0,1
0.6927076578140259,0,1
0.7359077334403992,0,1
0.7094817757606506,0,1
0.7119799852371216,0,1
0.6975222826004028,0,1
0.6858963966369629,0,1
0.7375223636627197,0,1
0.7367987632751465,0,1
0.7438759207725525,0,1
0.6684514880180359,0,1
0.6861030459403992,0,1
0.7986730337142944,0,1
0.7248439788818359,0,1
0.6973358988761902,0,1
0.7745217680931091,0,1
0.698065459728241,0,1
0.7886694073677063,0,1
0.75581294298172,0,1
0.6699569225311279,0,1
0.791923463344574,0,1
0.7616856098175049,0,1
0.6968106031417847,0,1
0.7213279008865356,0,1
0.6955492496490479,0,1
0.6973358988761902,0,1
0.7552610039710999,0,1
0.7249715328216553,0,1
0.6973358988761902,0,1
0.696031928062439,0,1
0.7509629726409912,0,1
0.7293978333473206,0,1
0.695541262626648,0,1
0.7564080953598022,0,1
0.7119420170783997,0,1
0.7474927306175232,0,1
0.7535240054130554,0,1
0.6926662921905518,0,1
0.6546008586883545,0,1
0.6698915362358093,0,1
0.7132182121276855,0,1
0.6973358988761902,0,1
0.6554371118545532,0,1
0.7513822317123413,0,1
0.7610117197036743,0,1
0.7275017499923706,0,1
0.7338488698005676,0,1
0.7072599530220032,0,1
0.7662891745567322,0,1
0.7879190444946289,0,1
0.718685507774353,0,1
0.7157022953033447,0,1
0.696533203125,0,1
0.7071987390518188,0,1
0.7606508731842041,0,1
0.7094690799713135,0,1
0.729423999786377,0,1
0.7376217842102051,0,1
0.7586738467216492,0,1
0.7224091291427612,0,1
0.7293360829353333,0,1
0.707996129989624,0,1
0.7326094508171082,0,1
0.6788881421089172,0,1
0.7194358110427856,0,1
0.75263512134552,0,1
0.7204792499542236,0,1
0.6989801526069641,0,1
0.7044724225997925,0,1
0.7167112231254578,0,1
0.6963927745819092,0,1
0.7514578700065613,0,1
0.7157986164093018,0,1
0.7452828288078308,0,1
0.7840756177902222,0,1
0.7330048084259033,0,1
0.6973358988761902,0,1
0.8183441758155823,0,1
0.7176448702812195,0,1
0.7278199195861816,0,1
0.734953761100769,0,1
0.7418123483657837,0,1
0.6973358988761902,0,1
0.7143400311470032,0,1
0.7309454679489136,0,1
0.7644535303115845,0,1
0.7252666354179382,0,1
0.7738193273544312,0,1
0.6930655241012573,0,1
0.7401511669158936,0,1
0.7643221616744995,0,1
0.7299858331680298,0,1
0.737117350101471,0,1
0.6973358988761902,0,1
0.6973358988761902,0,1
0.6973358988761902,0,1
0.6996344327926636,0,1
0.7564162611961365,0,1
0.7003691792488098,0,1
0.6879957914352417,0,1
0.7145070433616638,0,1
0.7627143263816833,0,1
0.7049984931945801,0,1
0.7167119383811951,0,1
0.7320306301116943,0,1
0.7609012126922607,0,1
0.675189197063446,0,1
0.7781876921653748,0,1
0.7253288626670837,0,1
0.6858389377593994,0,1
0.6983717679977417,0,1
0.6973358988761902,0,1
0.695171594619751,0,1
0.7179898619651794,0,1
0.883959174156189,0,1
0.7041869163513184,0,1
0.7830045223236084,0,1
0.78525710105896,0,1
0.7418612241744995,0,1
0.714146077632904,0,1
0.7505383491516113,0,1
0.7755568623542786,0,1
0.7980701923370361,0,1
0.7192392349243164,0,1
0.714082658290863,0,1
0.6647677421569824,0,1
0.7068204879760742,0,1
0.725401759147644,0,1
0.6973358988761902,0,1
0.6943238377571106,0,1
0.6952975988388062,0,1
0.6973358988761902,0,1
0.7880128026008606,0,1
0.7362604737281799,0,1
0.6851314306259155,0,1
0.7641829252243042,0,1
0.7406604290008545,0,1
0.6903824806213379,0,1
0.6973358988761902,0,1
0.6973358988761902,0,1
0.7628660798072815,0,1
0.6973358988761902,0,1
0.7329232692718506,0,1
0.7041059732437134,0,1
0.672773003578186,0,1
0.7476518154144287,0,1
0.7257014513015747,0,1
0.7439538240432739,0,1
0.7580279111862183,0,1
0.7364373207092285,0,1
0.7127556800842285,0,1
0.7246676087379456,0,1
0.6973358988761902,0,1
0.7437753677368164,0,1
0.7233448028564453,0,1
0.7056934833526611,0,1
0.8263919949531555,0,1
0.7013958692550659,0,1
0.801886796951294,0,1
0.7313696146011353,0,1
0.6783258318901062,0,1
0.7360280752182007,0,1
0.7415564656257629,0,1
0.7269236445426941,0,1
0.7450422644615173,0,1
0.6973358988761902,0,1
0.7359656095504761,0,1
0.6695190668106079,0,1
0.7867528200149536,0,1
0.772895336151123,0,1
0.6973358988761902,0,1
0.7171504497528076,0,1
0.7352144718170166,0,1
0.7250335216522217,0,1
0.7249997854232788,0,1
0.7260965704917908,0,1
0.6990870237350464,0,1
0.7225713729858398,0,1
0.7232472896575928,0,1
0.7446874380111694,0,1
0.7588021159172058,0,1
0.7582457661628723,0,1
0.7621275782585144,0,1
0.738720178604126,0,1
0.6973358988761902,0,1
0.6616752743721008,0,1
0.7258251309394836,0,1
0.6973358988761902,0,1
0.7235028743743896,0,1
0.7364287376403809,0,1
0.6866772174835205,0,1
0.7366088628768921,0,1
0.7308902144432068,0,1
0.718497097492218,0,1
0.7299802303314209,0,1
0.7942317128181458,0,1
0.6781512498855591,0,1
0.6973358988761902,0,1
0.7445130348205566,0,1
0.7224125862121582,0,1
0.7300194501876831,0,1
0.7491440773010254,0,1
0.7056160569190979,0,1
0.7646597027778625,0,1
0.7108976244926453,0,1
0.7489932775497437,0,1
0.7628898620605469,0,1
0.7537859678268433,0,1
0.7122732400894165,0,1
0.6942716836929321,0,1
0.6884347796440125,0,1
0.7363491058349609,0,1
0.7454245090484619,0,1
0.7046257853507996,0,1
0.6973358988761902,0,1
0.7280286550521851,0,1
0.6902896165847778,0,1
0.7434353828430176,0,1
0.7213943004608154,0,1
0.7194311618804932,0,1
0.7185438275337219,0,1
0.7261122465133667,0,1
0.7557629942893982,0,1
0.6997144818305969,0,1
0.7917301058769226,0,1
0.70975261926651,0,1
0.6843039989471436,0,1
0.6947365999221802,0,1
0.7506586909294128,0,1
0.7604684829711914,0,1
0.7424477338790894,0,1
0.6973358988761902,0,1
0.7378746271133423,0,1
0.7371362447738647,0,1
0.7661623954772949,0,1
0.7324094772338867,0,1
0.7589848041534424,0,1
0.8158239126205444,0,1
0.7156734466552734,0,1
0.6973358988761902,0,1
0.706369161605835,0,1
0.7985353469848633,0,1
0.7356500625610352,0,1
0.6973358988761902,0,1
0.725071907043457,0,1
0.7326087355613708,0,1
0.6973358988761902,0,1
0.7492250204086304,0,1
0.7545462846755981,0,1
0.7401829957962036,0,1
0.7256697416305542,0,1
0.7467623949050903,0,1
0.6724880337715149,0,1
0.7241898775100708,0,1
0.8082785606384277,0,1
0.6973358988761902,0,1
0.7545327544212341,0,1
0.7327849268913269,0,1
0.8076778650283813,0,1
0.7341704964637756,0,1
0.7299349308013916,0,1
0.7450155019760132,0,1
0.7410401701927185,0,1
0.756722629070282,0,1
0.6973358988761902,0,1
0.7347036004066467,0,1
0.6932578086853027,0,1
0.6973358988761902,0,1
0.775963544845581,0,1
0.7473881244659424,0,1
0.7506493926048279,0,1
0.80793696641922,0,1
0.7492245435714722,0,1
0.6973358988761902,0,1
0.7642136812210083,0,1
0.6820623278617859,0,1
0.699226975440979,0,1
0.7537064552307129,0,1
0.7754583358764648,0,1
0.6973358988761902,0,1
0.6969133019447327,0,1
0.7591692209243774,0,1
0.6973358988761902,0,1
0.6672794818878174,0,1
0.7048217058181763,0,1
0.7260108590126038,0,1
0.7008966207504272,0,1
0.7177867889404297,0,1
0.6973358988761902,0,1
0.6741259098052979,0,1
0.7368701100349426,0,1
0.7479067444801331,0,1
0.7020146250724792,0,1
0.7087497115135193,0,1
0.7647145390510559,0,1
0.6617381572723389,0,1
0.6973358988761902,0,1
0.7591591477394104,0,1
0.6973358988761902,0,1
0.7576261162757874,0,1
0.7525988817214966,0,1
0.7359908223152161,0,1
0.6973358988761902,0,1
0.7228677868843079,0,1
0.7039586305618286,0,1
0.6973358988761902,0,1
0.8305315375328064,0,1
0.7771703004837036,0,1
0.7121396660804749,0,1
0.7206135988235474,0,1
0.6973358988761902,0,1
0.7324936389923096,0,1
0.6973358988761902,0,1
0.6973358988761902,0,1
0.6973358988761902,0,1
0.7327571511268616,0,1
0.7512083053588867,0,1
0.7083507180213928,0,1
0.7046409845352173,0,1
0.7513470649719238,0,1
0.7135070562362671,0,1
0.6859275102615356,0,1
0.7168840169906616,0,1
0.7807441353797913,0,1
0.6894290447235107,0,1
0.7082102298736572,0,1
0.7654774785041809,0,1
0.7297667860984802,0,1
0.7504181861877441,0,1
0.7906711101531982,0,1
0.7235254645347595,0,1
0.721688985824585,0,1
0.7678852677345276,0,1
0.6968019008636475,0,1
0.6867384910583496,0,1
0.7344479560852051,0,1
0.7091494202613831,0,1
0.7205967903137207,0,1
0.7551921010017395,0,1
0.697744607925415,0,1
0.6573060154914856,0,1
0.7044984102249146,0,1
0.7159423232078552,0,1
0.749934196472168,0,1
0.6927018761634827,0,1
0.6780054569244385,0,1
0.7224512100219727,0,1
0.7329323887825012,0,1
0.707416296005249,0,1
0.7472098469734192,0,1
0.7205708026885986,0,1
0.7041499614715576,0,1
0.7152734398841858,0,1
0.7011900544166565,0,1
0.6911499500274658,0,1
0.7103491425514221,0,1
0.6939557194709778,0,1
0.7707294225692749,0,1
0.7501167058944702,0,1
0.7794268131256104,0,1
0.7225267887115479,0,1
0.6973358988761902,0,1
0.6974793076515198,0,1
0.7506488561630249,0,1
0.6973358988761902,0,1
0.7395694255828857,0,1
0.7360680103302002,0,1
0.7132522463798523,0,1
0.7326937913894653,0,1
0.7892688512802124,0,1
0.9103816747665405,0,1
0.674517035484314,0,1
0.6973358988761902,0,1
0.7195246815681458,0,1
0.7000821828842163,0,1
0.6859849095344543,0,1
0.6973358988761902,0,1
0.7747786045074463,0,1
0.711345911026001,0,1
0.7130228877067566,0,1
0.7801275849342346,0,1
0.7021191120147705,0,1
0.7387555837631226,0,1
0.6604294776916504,0,1
0.7576199769973755,0,1
0.7929865121841431,0,1
0.6875386238098145,0,1
0.6805251836776733,0,1
0.752573549747467,0,1
0.7295365333557129,0,1
0.6769831776618958,0,1
0.691828727722168,0,1
0.754466712474823,0,1
0.7718188166618347,0,1
0.763377845287323,0,1
0.7394341230392456,0,1
0.7044028043746948,0,1
0.7444052696228027,0,1
0.7341415286064148,0,1
0.754665732383728,0,1
0.7053169012069702,0,1
0.7698183655738831,0,1
0.6967254281044006,0,1
0.73777836561203,0,1
0.7089338302612305,0,1
0.6973358988761902,0,1
0.7168029546737671,0,1
0.7576029300689697,0,1
0.7840032577514648,0,1
0.7590689063072205,0,1
0.7550584673881531,0,1
0.709570050239563,0,1
0.7839761972427368,0,1
0.8075268864631653,0,1
0.7700753211975098,0,1
0.6969466209411621,0,1
0.7570167779922485,0,1
0.7037191987037659,0,1
0.7476385831832886,0,1
1.440980315208435,0,1
0.759911298751831,0,1
0.7171898484230042,0,1
0.765666127204895,0,1
0.6948036551475525,0,1
0.7024247646331787,0,1
0.6950615048408508,0,1
0.7817116379737854,0,1
0.774375855922699,0,1
0.7052334547042847,0,1
0.7812341451644897,0,1
0.6994966268539429,0,1
0.6973358988761902,0,1
0.6973358988761902,0,1
0.6981856226921082,0,1
0.8343552947044373,0,1
0.6973358988761902,0,1
0.8234888315200806,0,1
0.7591862678527832,0,1
0.7476212382316589,0,1
0.7787432074546814,0,1
0.7053644061088562,0,1
0.7085808515548706,0,1
0.7737347483634949,0,1
0.6973358988761902,0,1
0.7377523183822632,0,1
0.7772990465164185,0,1
0.7685661315917969,0,1
0.7894623279571533,0,1
0.6973358988761902,0,1
0.750255823135376,0,1
0.6973358988761902,0,1
0.6795358061790466,0,1
0.728749692440033,0,1
0.7168185114860535,0,1
0.7592940330505371,0,1
0.8455789089202881,0,1
0.6792709827423096,0,1
0.7928974628448486,0,1
0.7436272501945496,0,1
0.7531538605690002,0,1
0.700990617275238,0,1
0.7157489061355591,0,1
0.6766824126243591,0,1
0.7244947552680969,0,1
0.6812909245491028,0,1
0.7550504207611084,0,1
0.6706768870353699,0,1
0.7092040181159973,0,1
0.6973358988761902,0,1
0.7192380428314209,0,1
0.7002714276313782,0,1
0.76383376121521,0,1
0.703950047492981,0,1
0.7132078409194946,0,1
0.7257693409919739,0,1
0.7164912819862366,0,1
0.7300653457641602,0,1
0.7074249982833862,0,1
0.8595815300941467,0,1
0.7373303771018982,0,1
0.6973358988761902,0,1
0.6874707937240601,0,1
0.7689492702484131,0,1
0.7494549751281738,0,1
0.7133913040161133,0,1
0.6639540195465088,0,1
0.6973358988761902,0,1
0.7336390614509583,0,1
0.6890826225280762,0,1
0.7473019957542419,0,1
0.7048296928405762,0,1
0.6949132680892944,0,1
0.7167201638221741,0,1
0.756901204586029,0,1
0.7112411260604858,0,1
0.7859534025192261,0,1
0.6974228620529175,0,1
0.7790615558624268,0,1
0.7271574139595032,0,1
0.823191225528717,0,1
0.7194533348083496,0,1
0.7645615339279175,0,1
0.7772355079650879,0,1
0.7182588577270508,0,1
0.7584865093231201,0,1
0.7122365236282349,0,1
0.7404296398162842,0,1
0.8168118000030518,0,1
0.8095049858093262,0,1
0.6973358988761902,0,1
0.6973358988761902,0,1
0.7744047045707703,0,1
0.7380118370056152,0,1
0.733224630355835,0,1
0.7442522644996643,0,1
0.7465531229972839,0,1
0.6973358988761902,0,1
0.7333232164382935,0,1
0.8275079131126404,0,1
0.8013144731521606,0,1
0.8067091107368469,0,1
0.7449814081192017,0,1
0.7259279489517212,0,1
0.7070229053497314,0,1
0.6973358988761902,0,1
0.6973358988761902,0,1
0.7169684767723083,0,1
0.6973358988761902,0,1
0.7507855892181396,0,1
0.7256166934967041,0,1
0.7123980522155762,0,1
0.7972304821014404,0,1
0.7692868709564209,0,1
0.7127151489257812,0,1
0.7107182145118713,0,1
0.6973358988761902,0,1
0.7591392993927002,0,1
0.7297349572181702,0,1
0.7888847589492798,0,1
0.7010418772697449,0,1
0.7196601033210754,0,1
0.710002064704895,0,1
0.8113728761672974,0,1
0.7650975584983826,0,1
0.6973358988761902,0,1
0.7755892276763916,0,1
0.7109350562095642,0,1
0.7739928960800171,0,1
0.7411404252052307,0,1
0.7525389790534973,0,1
0.6973358988761902,0,1
0.6973358988761902,0,1
0.7579558491706848,0,1
0.7718798518180847,0,1
0.752123236656189,0,1
0.7938759326934814,0,1
0.7329592108726501,0,1
0.7456251382827759,0,1
0.7141995429992676,0,1
0.7680188417434692,0,1
0.7710995078086853,0,1
0.7475879788398743,0,1
0.7250310182571411,0,1
0.73127681016922,0,1
0.7179585099220276,0,1
0.7619961500167847,0,1
0.6854479312896729,0,1
0.7141956090927124,0,1
0.7299835681915283,0,1
0.712669849395752,0,1
0.7157277464866638,0,1
0.7638805508613586,0,1
0.7811816930770874,0,1
0.7384880185127258,0,1
0.7398240566253662,0,1
0.6697185635566711,0,1
0.7341381311416626,0,1
0.7306227087974548,0,1
0.6973358988761902,0,1
0.7126123309135437,0,1
0.7545331120491028,0,1
0.6973358988761902,0,1
0.6146060824394226,0,1
0.7362226247787476,0,1
0.7707558870315552,0,1
0.747143566608429,0,1
0.6973351240158081,0,1
0.745962381362915,0,1
0.699754536151886,0,1
0.7216880321502686,0,1
0.7335361838340759,0,1
0.7837013602256775,0,1
0.7272219657897949,0,1
0.7305059432983398,0,1
0.7253069281578064,0,1
0.7444190979003906,0,1
0.7109736800193787,0,1
0.7401466965675354,0,1
0.727483868598938,0,1
0.6973358988761902,0,1
0.7222908139228821,0,1
0.7143651247024536,0,1
0.6618552803993225,0,1
0.7365244030952454,0,1
0.7238051295280457,0,1
0.7412404417991638,0,1
0.7458137273788452,0,1
0.7459073662757874,0,1
0.7416435480117798,0,1
0.7631346583366394,0,1
0.7900371551513672,0,1
0.7496660351753235,0,1
0.7901270389556885,0,1
0.6973358988761902,0,1
0.6954305171966553,0,1
0.7983781099319458,0,1
0.6668118834495544,0,1
0.7217018604278564,0,1
0.737129271030426,0,1
0.6923279762268066,0,1
0.7682478427886963,0,1
0.7372496128082275,0,1
0.732216477394104,0,1
0.6755713224411011,0,1
0.7311442494392395,0,1
0.7332394123077393,0,1
0.6970884799957275,0,1
0.8458297848701477,0,1
0.7131675481796265,0,1
0.7372838258743286,0,1
0.8086454272270203,0,1
0.7101778984069824,0,1
0.6884724497795105,0,1
0.7057315707206726,0,1
0.6973358988761902,0,1
0.7330226898193359,0,1
0.6973358988761902,0,1
0.6973358988761902,0,1
0.7029255628585815,0,1
0.6973358988761902,0,1
0.6973358988761902,0,1
0.6890401244163513,0,1
0.6973358988761902,0,1
0.6973358988761902,0,1
0.7375763654708862,0,1
0.755703866481781,0,1
0.7770897150039673,0,1
0.7644926905632019,0,1
0.6986300349235535,0,1
0.7085259556770325,0,1
0.7292325496673584,0,1
0.7246738076210022,0,1
0.6976369619369507,0,1
0.7642794251441956,0,1
0.7296537160873413,0,1
0.768128514289856,0,1
0.6994861960411072,0,1
0.6838107109069824,0,1
0.6705668568611145,0,1
0.7353093028068542,0,1
0.7552348375320435,0,1
0.7727879285812378,0,1
0.78172367811203,0,1
0.6906783580780029,0,1
0.737617552280426,0,1
0.7554149627685547,0,1
0.7497895359992981,0,1
0.7853739261627197,0,1
0.7250738143920898,0,1
0.7221982479095459,0,1
0.6847659945487976,0,1
0.733884334564209,0,1
0.6941669583320618,0,1
0.738323450088501,0,1
0.7095032930374146,0,1
0.7155060172080994,0,1
0.7333532571792603,0,1
0.8014284372329712,0,1
0.7765920758247375,0,1
0.7783880233764648,0,1
0.7111466526985168,0,1
0.6973358988761902,0,1
0.7567023634910583,0,1
0.6973358988761902,0,1
0.7289676666259766,0,1
0.7636829614639282,0,1
0.6918437480926514,0,1
0.7243403196334839,0,1
0.6973358988761902,0,1
0.7298440337181091,0,1
0.7316297292709351,0,1
0.7000012397766113,0,1
0.704953670501709,0,1
0.7006292343139648,0,1
0.7684366703033447,0,1
0.7410003542900085,0,1
0.7137858271598816,0,1
0.7380195260047913,0,1
0.8184909820556641,0,1
0.6973462700843811,0,1
0.7718229293823242,0,1
0.7709685564041138,0,1
0.7259781360626221,0,1
0.7558702230453491,0,1
0.7609187364578247,0,1
0.6937927007675171,0,1
0.7405641674995422,0,1
0.7378207445144653,0,1
0.6973358988761902,0,1
0.7363345623016357,0,1
0.7449195981025696,0,1
0.7504722476005554,0,1
0.7049826979637146,0,1
0.6973358988761902,0,1
0.7137230038642883,0,1
0.7368395328521729,0,1
0.7861535549163818,0,1
0.7353491187095642,0,1
0.7003979086875916,0,1
0.6973358988761902,0,1
0.7390222549438477,0,1
0.6878938674926758,0,1
0.7071468234062195,0,1
0.6973358988761902,0,1
0.6973358988761902,0,1
0.7315835356712341,0,1
0.6843389868736267,0,1
0.7714731097221375,0,1
0.6799916625022888,0,1
0.7359618544578552,0,1
0.7247471213340759,0,1
0.7424283027648926,0,1
0.7373917102813721,0,1
0.7263251543045044,0,1
0.7306358218193054,0,1
0.7797406911849976,0,1
0.7127755880355835,0,1
0.7041676640510559,0,1
0.7101984024047852,0,1
0.7251999974250793,0,1
0.6846126317977905,0,1
0.7222869992256165,0,1
0.7644340395927429,0,1
0.7062638401985168,0,1
0.7118287682533264,0,1
0.7282419204711914,0,1
0.7927056550979614,0,1
0.6910899877548218,0,1
0.7163764238357544,0,1
0.7128084897994995,0,1
0.7270839214324951,0,1
0.7792785167694092,0,1
0.7707968950271606,0,1
0.6931043863296509,0,1
0.708756148815155,0,1
0.6973358988761902,0,1
0.7258144617080688,0,1
0.7239325046539307,0,1
0.7601801753044128,0,1
0.7250828742980957,0,1
0.6973283290863037,0,1
0.6973528265953064,0,1
0.7020944952964783,0,1
0.6902446150779724,0,1
0.7458864450454712,0,1
0.6973358988761902,0,1
0.70780348777771,0,1
0.7719016671180725,0,1
0.6948145627975464,0,1
0.6953954696655273,0,1
0.6973358988761902,0,1
0.689200758934021,0,1
0.7810387015342712,0,1
0.7982494831085205,0,1
0.6816554665565491,0,1
0.8495203256607056,0,1
0.7500035762786865,0,1
0.7380027770996094,0,1
0.6909875273704529,0,1
0.757348358631134,0,1
0.6940939426422119,0,1
0.7499810457229614,0,1
0.7510371804237366,0,1
0.7647146582603455,0,1
0.6880031824111938,0,1
0.6973358988761902,0,1
0.7565241456031799,0,1
0.7462732791900635,0,1
0.6976405382156372,0,1
0.6851415038108826,0,1
0.6973358988761902,0,1
0.6813645362854004,0,1
0.6973358988761902,0,1
0.7303075194358826,0,1
0.6956132054328918,0,1
0.6878155469894409,0,1
0.7065094709396362,0,1
0.6863568425178528,0,1
0.7463287711143494,0,1
0.7320328950881958,0,1
0.768481433391571,0,1
0.707923173904419,0,1
0.6856108903884888,0,1
0.6973358988761902,0,1
0.7909647226333618,0,1
0.704979658126831,0,1
0.7470486164093018,0,1
0.7160042524337769,0,1
0.7684099078178406,0,1
0.7079256176948547,0,1
0.6973358988761902,0,1
0.7330694198608398,0,1
0.6974336504936218,0,1
0.6845245361328125,0,1
0.7479377388954163,0,1
0.7829931974411011,0,1
0.6973358988761902,0,1
0.7169732451438904,0,1
0.6882578134536743,0,1
0.7448005676269531,0,1
0.6952793598175049,0,1
0.7719838619232178,0,1
0.6516045331954956,0,1
0.7621092796325684,0,1
0.742340624332428,0,1
0.7447071075439453,0,1
0.7261326313018799,0,1
0.7039901614189148,0,1
0.7206573486328125,0,1
0.7224485874176025,0,1
0.7039906978607178,0,1
0.7217429280281067,0,1
0.6947765350341797,0,1
0.7251067161560059,0,1
0.7360190153121948,0,1
0.781782329082489,0,1
0.6624295115470886,0,1
0.7272661924362183,0,1
0.795359194278717,0,1
0.7227857112884521,0,1
0.7716869711875916,0,1
0.7450903654098511,0,1
0.6935688853263855,0,1
0.7891044616699219,0,1
0.7434583902359009,0,1
0.6999656558036804,0,1
0.7076141834259033,0,1
0.7166019678115845,0,1
0.6889846324920654,0,1
0.6931708455085754,0,1
0.7015347480773926,0,1
0.6657649278640747,0,1
0.7027249932289124,0,1
0.7394561767578125,0,1
0.7330889701843262,0,1
0.7075627446174622,0,1
0.678124189376831,0,1
0.6973358988761902,0,1
0.7328063249588013,0,1
0.7776826620101929,0,1
0.7904642224311829,0,1
0.7291005849838257,0,1
0.6973358988761902,0,1
0.7099298238754272,0,1
0.7128288745880127,0,1
0.7058014869689941,0,1
0.7653291821479797,0,1
0.7937501072883606,0,1
0.70613694190979,0,1
0.6973358988761902,0,1
0.7185220122337341,0,1
0.6973358988761902,0,1
0.756992518901825,0,1
0.7791944742202759,0,1
0.7100454568862915,0,1
0.7358052134513855,0,1
0.7267237901687622,0,1
0.7161320447921753,0,1
0.7809957265853882,0,1
0.7203791737556458,0,1
0.684286892414093,0,1
0.9262295961380005,0,1
0.7033309936523438,0,1
0.6973358988761902,0,1
0.7662025094032288,0,1
0.737203061580658,0,1
0.7372226715087891,0,1
0.6973358988761902,0,1
0.7141463160514832,0,1
0.7595663070678711,0,1
0.6962119340896606,0,1
0.7202293276786804,0,1
0.7487701177597046,0,1
0.7268314361572266,0,1
0.6973358988761902,0,1
0.6971831321716309,0,1
0.7548669576644897,0,1
0.778907835483551,0,1
0.7803266048431396,0,1
0.7199252247810364,0,1
0.7063740491867065,0,1
0.7251284718513489,0,1
0.7448621392250061,0,1
0.7515034675598145,0,1
0.730964720249176,0,1
0.6973358988761902,0,1
0.7515116930007935,0,1
0.7829582691192627,0,1
0.6946106553077698,0,1
0.775318443775177,0,1
0.7905511856079102,0,1
0.7218676805496216,0,1
0.6973358988761902,0,1
0.6969367265701294,0,1
0.9766889810562134,0,1
0.6973358988761902,0,1
0.7433337569236755,0,1
0.7431246042251587,0,1
0.7137510180473328,0,1
0.6984609365463257,0,1
0.6947228312492371,0,1
0.6875798106193542,0,1
0.6988474130630493,0,1
0.683309018611908,0,1
0.7826264500617981,0,1
0.7498506307601929,0,1
0.6683453321456909,0,1
0.7612959146499634,0,1
0.765852689743042,0,1
0.7291584014892578,0,1
0.7479881048202515,0,1
0.6973358988761902,0,1
0.7811318635940552,0,1
0.6973358988761902,0,1
0.7111626863479614,0,1
0.7368220686912537,0,1
0.6973358988761902,0,1
0.6973358988761902,0,1
0.6981909871101379,0,1
0.6818972229957581,0,1
0.7308176159858704,0,1
0.5897303819656372,0,1
0.685052752494812,0,1
0.7217375040054321,0,1
0.69167560338974,0,1
0.7176887392997742,0,1
0.7706127762794495,0,1
0.7908051013946533,0,1
0.6973358988761902,0,1
0.6886820793151855,0,1
0.7970695495605469,0,1
0.7181942462921143,0,1
0.6934482455253601,0,1
0.7426647543907166,0,1
0.7206934690475464,0,1
0.7794234752655029,0,1
0.8278509974479675,0,1
0.6662578582763672,0,1
0.7472431659698486,0,1
0.6973358988761902,0,1
0.7062662839889526,0,1
0.7148537039756775,0,1
0.7341492176055908,0,1
0.6973358988761902,0,1
0.7330988645553589,0,1
0.7236757278442383,0,1
0.791013240814209,0,1
0.7132107615470886,0,1
0.6973289251327515,0,1
0.68287193775177,0,1
0.7488002181053162,0,1
0.763643741607666,0,1
0.6886423230171204,0,1
0.7110767364501953,0,1
0.7445542812347412,0,1
0.7819067239761353,0,1
0.6811262369155884,0,1
0.7131937742233276,0,1
0.7044528126716614,0,1
0.7055460214614868,0,1
0.7719336748123169,0,1
0.7377253770828247,0,1
0.9700063467025757,0,1
0.6973358988761902,0,1
0.7651049494743347,0,1
0.7500423192977905,0,1
0.7201455235481262,0,1
0.7183842658996582,0,1
0.7406409382820129,0,1
0.7723820209503174,0,1
0.751017689704895,0,1
0.6701321601867676,0,1
0.7169369459152222,0,1
0.7679542303085327,0,1
0.7511361241340637,0,1
0.6973358988761902,0,1
0.8082388043403625,0,1
0.7082631587982178,0,1
0.7648442387580872,0,1
0.7067851424217224,0,1
0.7247775793075562,0,1
0.8018590211868286,0,1
0.8253215551376343,0,1
0.7262341380119324,0,1
0.8060353398323059,0,1
0.8054389953613281,0,1
0.6444051861763,0,1
0.7780981659889221,0,1
0.768593966960907,0,1
0.7914380431175232,0,1
0.7356890439987183,0,1
0.7332460284233093,0,1
0.7333093881607056,0,1
0.7290893793106079,0,1
0.7102009654045105,0,1
0.8113894462585449,0,1
0.695451021194458,0,1
0.7555458545684814,0,1
0.7618091106414795,0,1
0.7478922605514526,0,1
0.6810895800590515,0,1
0.7605030536651611,0,1
0.6973358988761902,0,1
0.7213900685310364,0,1
0.7801234126091003,0,1
0.7140993475914001,0,1
0.7553089261054993,0,1
0.6764292120933533,0,1
0.7243942618370056,0,1
0.7446324825286865,0,1
0.8182799816131592,0,1
0.7177949547767639,0,1
0.6973358988761902,0,1
0.8038367629051208,0,1
0.7642828822135925,0,1
0.6839660406112671,0,1
0.7525671720504761,0,1
0.7285351753234863,0,1
0.6973358988761902,0,1
0.7586098909378052,0,1
0.7839990854263306,0,1
0.6905131340026855,0,1
0.6726922392845154,0,1
0.7828761339187622,0,1
0.7424842715263367,0,1
0.6973358988761902,0,1
0.7494177222251892,0,1
0.7799910306930542,0,1
0.6890377998352051,0,1
0.7469561696052551,0,1
0.7459036707878113,0,1
0.6590706706047058,0,1
0.6973358988761902,0,1
0.7021558880805969,0,1
0.7329107522964478,0,1
0.6975167989730835,0,1
0.6682612895965576,0,1
0.7583242058753967,0,1
0.7306188344955444,0,1
0.7654788494110107,0,1
0.7456521391868591,0,1
0.752504825592041,0,1
0.7384501099586487,0,1
0.7513492107391357,0,1
0.6953343152999878,0,1
0.7318447828292847,0,1
0.7470633387565613,0,1
0.7431676387786865,0,1
0.6904381513595581,0,1
0.6973358988761902,0,1
0.6973358988761902,0,1
0.7171103954315186,0,1
0.6973358988761902,0,1
0.6973358988761902,0,1
0.7164708971977234,0,1
0.6964998245239258,0,1
0.6859648823738098,0,1
0.7471709251403809,0,1
0.8234990835189819,0,1
0.7096076607704163,0,1
0.7281360030174255,0,1
0.6923754215240479,0,1
0.7500467896461487,0,1
0.7440248131752014,0,1
0.7590218186378479,0,1
0.7194344401359558,0,1
0.7275018692016602,0,1
0.7622701525688171,0,1
0.6973358988761902,0,1
0.7350759506225586,0,1
0.710992693901062,0,1
0.7803536653518677,0,1
0.797667384147644,0,1
0.6963038444519043,0,1
0.7270779609680176,0,1
0.7660741209983826,0,1
0.751301646232605,0,1
0.6973358988761902,0,1
0.7166451811790466,0,1
0.741778552532196,0,1
0.7699653506278992,0,1
0.7961499094963074,0,1
0.8201229572296143,0,1
0.7676275372505188,0,1
0.7357228398323059,0,1
0.7136909365653992,0,1
0.7112413644790649,0,1
0.7751671075820923,0,1
0.699248194694519,0,1
0.7015092968940735,0,1
0.6996346712112427,0,1
0.7526541948318481,0,1
0.6953624486923218,0,1
0.7517155408859253,0,1
0.772827684879303,0,1
0.7213719487190247,0,1
0.7762696743011475,0,1
0.6957916617393494,0,1
0.7105392813682556,0,1
0.6926612257957458,0,1
0.7654783129692078,0,1
0.7079039216041565,0,1
0.6973358988761902,0,1
0.6940396428108215,0,1
0.7309625744819641,0,1
0.6973358988761902,0,1
0.7196741700172424,0,1
0.7085753083229065,0,1
0.7204903960227966,0,1
0.6973358988761902,0,1
0.7011693716049194,0,1
0.734991729259491,0,1
0.8134397864341736,0,1
0.7211500406265259,0,1
0.7298623323440552,0,1
0.7761013507843018,0,1
0.7384063005447388,0,1
0.6973358988761902,0,1
0.7227962613105774,0,1
0.8008835911750793,0,1
0.71999591588974,0,1
0.7181164026260376,0,1
0.701490581035614,0,1
0.7832568287849426,0,1
0.7093318700790405,0,1
0.7521436810493469,0,1
0.7092449069023132,0,1
0.8259967565536499,0,1
0.7981041073799133,0,1
0.7308725118637085,0,1
0.7174046039581299,0,1
0.70172119140625,0,1
0.7627153396606445,0,1
0.741786539554596,0,1
0.6973358988761902,0,1
0.7700154185295105,0,1
0.7355109453201294,0,1
0.6723330020904541,0,1
0.7082054018974304,0,1
0.7430882453918457,0,1
0.7085311412811279,0,1
0.6972605586051941,0,1
0.7035669088363647,0,1
0.6973358988761902,0,1
0.7578157782554626,0,1
0.746936559677124,0,1
0.7670690417289734,0,1
0.7142943143844604,0,1
0.7117913961410522,0,1
0.7224160432815552,0,1
0.7171906232833862,0,1
0.6973358988761902,0,1
0.7467309236526489,0,1
0.6980348825454712,0,1
0.7354689240455627,0,1
0.8091033697128296,0,1
0.7324537634849548,0,1
0.7383476495742798,0,1
0.687555730342865,0,1
0.7057942748069763,0,1
0.7141119837760925,0,1
0.6622283458709717,0,1
0.6709153056144714,0,1
0.7645337581634521,0,1
0.9176960587501526,0,1
0.7116924524307251,0,1
0.737118661403656,0,1
0.7641326785087585,0,1
0.7552703619003296,0,1
0.7932285666465759,0,1
0.768322765827179,0,1
0.7317461371421814,0,1
0.8184537887573242,0,1
0.7341060638427734,0,1
0.7719565629959106,0,1
0.6534522771835327,0,1
0.6703401803970337,0,1
0.7135257124900818,0,1
0.6973358988761902,0,1
0.7071611285209656,0,1
0.7303876280784607,0,1
0.7240365147590637,0,1
0.6922752857208252,0,1
0.7630206346511841,0,1
0.6973358988761902,0,1
0.7263541221618652,0,1
0.7247323393821716,0,1
0.7388138771057129,0,1
0.7006160020828247,0,1
0.6938211917877197,0,1
1.607037901878357,0,1
0.7171496152877808,0,1
0.7246313095092773,0,1
0.7193182706832886,0,1
0.6946955919265747,0,1
0.771884560585022,0,1
0.7467294931411743,0,1
0.6981655955314636,0,1
0.7242677211761475,0,1
0.7560402154922485,0,1
0.7074699401855469,0,1
0.7154242396354675,0,1
0.6807551980018616,0,1
0.6973358988761902,0,1
0.7515711188316345,0,1
0.6973813772201538,0,1
0.697683572769165,0,1
0.7740585207939148,0,1
0.6973358988761902,0,1
0.6973358988761902,0,1
0.6839444637298584,0,1
0.7195231914520264,0,1
0.697973906993866,0,1
0.749025821685791,0,1
0.7192347645759583,0,1
0.7295534610748291,0,1
0.7090404629707336,0,1
0.7031266093254089,0,1
0.6973689794540405,0,1
0.7330343127250671,0,1
0.7310194373130798,0,1
0.714445948600769,0,1
0.7503833770751953,0,1
0.7587679624557495,0,1
0.7765687108039856,0,1
0.6909061670303345,0,1
0.6941655874252319,0,1
0.7165876626968384,0,1
0.7119560241699219,0,1
0.7471411824226379,0,1
0.8021568059921265,0,1
0.7412118315696716,0,1
0.6793097853660583,0,1
0.6811350584030151,0,1
0.716889500617981,0,1
0.7052302360534668,0,1
0.6986027956008911,0,1
0.7439942359924316,0,1
0.7804093360900879,0,1
0.7212551832199097,0,1
0.7608532905578613,0,1
0.6978203654289246,0,1
0.7558605074882507,0,1
0.7237232327461243,0,1
0.7524351477622986,0,1
0.679496705532074,0,1
0.7752374410629272,0,1
0.6973358988761902,0,1
0.716784656047821,0,1
0.7089478373527527,0,1
0.7687104344367981,0,1
0.7165558934211731,0,1
0.695733904838562,0,1
0.752577543258667,0,1
0.741038978099823,0,1
0.6973358988761902,0,1
0.7017911672592163,0,1
0.7926273345947266,0,1
0.6973358988761902,0,1
0.6973358988761902,0,1
0.6973358988761902,0,1
0.6825778484344482,0,1
0.7610185146331787,0,1
0.7098205089569092,0,1
0.704910159111023,0,1
0.7700811624526978,0,1
0.748187243938446,0,1
1.7694487571716309,0,1
0.7743921279907227,0,1
0.7048497200012207,0,1
0.7048769593238831,0,1
0.7213687300682068,0,1
0.8246564865112305,0,1
0.7415814995765686,0,1
0.7454936504364014,0,1
0.7612761855125427,0,1
0.6885473132133484,0,1
0.7035014629364014,0,1
0.696358323097229,0,1
0.7511275410652161,0,1
0.738568127155304,0,1
0.6967579126358032,0,1
0.7079781293869019,0,1
0.7832373976707458,0,1
0.7826406955718994,0,1
0.6973358988761902,0,1
0.6973358988761902,0,1
0.7008713483810425,0,1
0.7290961146354675,0,1
0.6853557825088501,0,1
0.7070407271385193,0,1
0.6973358988761902,0,1
0.7950618267059326,0,1
0.731993556022644,0,1
0.7669298648834229,0,1
0.7447819709777832,0,1
0.7434443235397339,0,1
0.7019043564796448,0,1
0.7566076517105103,0,1
0.7670814990997314,0,1
0.6973358988761902,0,1
0.73557049036026,0,1
0.794702410697937,0,1
0.785044252872467,0,1
0.6975910663604736,0,1
0.6946387887001038,0,1
0.7761149406433105,0,1
0.7472133636474609,0,1
0.6892588138580322,0,1
0.7150058746337891,0,1
0.6803313493728638,0,1
0.7546194791793823,0,1
0.7238838076591492,0,1
0.7569959163665771,0,1
0.7162532806396484,0,1
0.7496303915977478,0,1
0.6973253488540649,0,1
0.7758487462997437,0,1
0.694326639175415,0,1
0.6841238737106323,0,1
0.7534599900245667,0,1
0.7283142805099487,0,1
0.7385337948799133,0,1
0.7232508659362793,0,1
0.6965465545654297,0,1
0.7123855948448181,0,1
0.6973358988761902,0,1
0.7446221709251404,0,1
0.6725912690162659,0,1
0.7190567255020142,0,1
0.7821305394172668,0,1
0.6931736469268799,0,1
0.7284669280052185,0,1
0.7076108455657959,0,1
0.7360998392105103,0,1
0.6847692131996155,0,1
0.704032838344574,0,1
0.817272961139679,0,1
0.7535858154296875,0,1
0.7336084842681885,0,1
0.6628752946853638,0,1
0.761925220489502,0,1
0.7590686678886414,0,1
0.728724479675293,0,1
0.7737133502960205,0,1
0.7128542065620422,0,1
0.7482563257217407,0,1
0.8023492097854614,0,1
0.6765791177749634,0,1
0.6973358988761902,0,1
0.7654470205307007,0,1
0.7682895064353943,0,1
0.7713019251823425,0,1
0.6973358988761902,0,1
0.7206968069076538,0,1
0.6931562423706055,0,1
0.6938645839691162,0,1
0.7894565463066101,0,1
0.7425225973129272,0,1
0.7165096402168274,0,1
0.7057362198829651,0,1
0.7755918502807617,0,1
0.7800658941268921,0,1
0.6614965200424194,0,1
0.7672604918479919,0,1
0.7011573910713196,0,1
0.7663637399673462,0,1
0.7435439825057983,0,1
0.7659289836883545,0,1
0.7469488978385925,0,1
0.6934904456138611,0,1
0.7830437421798706,0,1
0.6981766819953918,0,1
0.7162810564041138,0,1
0.7480489015579224,0,1
0.7009777426719666,0,1
0.6821763515472412,0,1
0.724362313747406,0,1
0.7592633366584778,0,1
0.6964983940124512,0,1
0.7754192352294922,0,1
0.7179120779037476,0,1
0.7761125564575195,0,1
0.7467076778411865,0,1
0.6973358988761902,0,1
0.746436595916748,0,1
0.7975174784660339,0,1
0.7944193482398987,0,1
0.743293821811676,0,1
0.7465759515762329,0,1
0.6973358988761902,0,1
1.4894551038742065,0,1
0.6960954666137695,0,1
0.6724343299865723,0,1
0.7228316068649292,0,1
0.7338838577270508,0,1
0.7736570835113525,0,1
0.7081828117370605,0,1
0.7682521343231201,0,1
0.6967812180519104,0,1
0.7687760591506958,0,1
0.810547947883606,0,1
0.7452828288078308,0,1
0.7732729911804199,0,1
0.8399811387062073,0,1
0.7097159624099731,0,1
0.7510809302330017,0,1
0.7197227478027344,0,1
0.7031653523445129,0,1
0.7695459127426147,0,1
0.7433449625968933,0,1
0.7016889452934265,0,1
0.710885763168335,0,1
0.7178192734718323,0,1
0.692374050617218,0,1
0.7433505654335022,0,1
0.6887091398239136,0,1
0.7446579933166504,0,1
0.7920426726341248,0,1
0.7278978228569031,0,1
0.7180778980255127,0,1
0.6973358988761902,0,1
0.7266979217529297,0,1
0.6973358988761902,0,1
0.6983147859573364,0,1
0.7293106317520142,0,1
0.7063807249069214,0,1
0.6973358988761902,0,1
0.7222240567207336,0,1
0.6973358988761902,0,1
0.7580059170722961,0,1
0.7192968726158142,0,1
0.6973358988761902,0,1
0.7899507880210876,0,1
0.6973358988761902,0,1
0.7715698480606079,0,1
0.7740741968154907,0,1
0.7210327386856079,0,1
0.7343853116035461,0,1
0.7765231132507324,0,1
0.7390421628952026,0,1
0.7162469029426575,0,1
0.7159824967384338,0,1
0.7628869414329529,0,1
0.7792723178863525,0,1
0.7031749486923218,0,1
0.7607426643371582,0,1
0.7498785257339478,0,1
0.719816267490387,0,1
0.754604697227478,0,1
0.7093315720558167,0,1
0.688858687877655,0,1
0.7701724767684937,0,1
0.7401571273803711,0,1
0.6973358988761902,0,1
0.7262008786201477,0,1
0.767453134059906,0,1
0.7668980956077576,0,1
0.946323812007904,0,1
0.7845852971076965,0,1
0.6973358988761902,0,1
0.7100085020065308,0,1
0.7197958827018738,0,1
0.6973358988761902,0,1
0.6973358988761902,0,1
0.6752641201019287,0,1
0.730610728263855,0,1
0.687222957611084,0,1
0.6760357022285461,0,1
0.6701823472976685,0,1
0.7403476238250732,0,1
0.6973358988761902,0,1
0.7407506704330444,0,1
0.7424802780151367,0,1
0.7128961086273193,0,1
0.7447411417961121,0,1
0.702451229095459,0,1
1.4056329727172852,0,1
0.7987385988235474,0,1
0.7103042006492615,0,1
0.73268061876297,0,1
0.7195561528205872,0,1
0.6973358988761902,0,1
0.7002977132797241,0,1
0.7134039998054504,0,1
0.6949458718299866,0,1
0.6876636743545532,0,1
0.6926288604736328,0,1
0.7528012990951538,0,1
0.7133209109306335,0,1
0.7502215504646301,0,1
0.746634840965271,0,1
0.7104568481445312,0,1
0.7633962631225586,0,1
0.6859281063079834,0,1
0.7428226470947266,0,1
0.7261943817138672,0,1
0.7157615423202515,0,1
0.7479192018508911,0,1
0.7453253865242004,0,1
0.6973358988761902,0,1
0.7277266383171082,0,1
0.6973358988761902,0,1
0.7606683373451233,0,1
0.742577314376831,0,1
0.7587772607803345,0,1
0.7106308341026306,0,1
0.7808913588523865,0,1
0.7138320207595825,0,1
0.7392034530639648,0,1
0.7384584546089172,0,1
0.7049005031585693,0,1
0.6973358988761902,0,1
0.7367302179336548,0,1
0.7435680031776428,0,1
0.6998367309570312,0,1
0.7436862587928772,0,1
0.6992229223251343,0,1
0.7353265881538391,0,1
0.7605932950973511,0,1
0.6884785294532776,0,1
0.7663094401359558,0,1
0.7112511992454529,0,1
0.6973358988761902,0,1
0.7087176442146301,0,1
0.7014128565788269,0,1
0.8159524202346802,0,1
0.7629852294921875,0,1
0.7233697772026062,0,1
0.714115560054779,0,1
0.7597456574440002,0,1
0.7238126993179321,0,1
0.78856360912323,0,1
0.7492082118988037,0,1
0.6973358988761902,0,1
0.7394654750823975,0,1
0.7594560980796814,0,1
0.6973358988761902,0,1
0.7637201547622681,0,1
0.7053736448287964,0,1
0.7475797533988953,0,1
0.7395743131637573,0,1
0.8043888807296753,0,1
0.6963930130004883,0,1
0.7352687120437622,0,1
0.7153202891349792,0,1
0.7112869024276733,0,1
0.6973358988761902,0,1
0.7331979870796204,0,1
0.6957879662513733,0,1
0.7363260388374329,0,1
0.6995530724525452,0,1
0.7431972622871399,0,1
0.7696113586425781,0,1
0.768645703792572,0,1
0.7261979579925537,0,1
0.7656986713409424,0,1
0.7056505084037781,0,1
0.7441670894622803,0,1
0.7166560888290405,0,1
0.7226076126098633,0,1
0.6751629114151001,0,1
0.6763595342636108,0,1
0.7048001289367676,0,1
0.7093227505683899,0,1
0.72652667760849,0,1
0.6973358988761902,0,1
0.7641409635543823,0,1
0.7360977530479431,0,1
0.8098777532577515,0,1
0.6608586311340332,0,1
0.7736027836799622,0,1
0.6981076002120972,0,1
0.7301582098007202,0,1
0.7676566243171692,0,1
0.6942317485809326,0,1
0.6535202264785767,0,1
0.7051987648010254,0,1
0.6973358988761902,0,1
0.7268960475921631,0,1
0.6973358988761902,0,1
0.8141146898269653,0,1
0.7495995163917542,0,1
0.7251346111297607,0,1
0.7408298254013062,0,1
0.6973358988761902,0,1
0.7026841044425964,0,1
0.7198124527931213,0,1
0.6941288709640503,0,1
0.7073206305503845,0,1
0.702805757522583,0,1
0.7112666368484497,0,1
0.7365784645080566,0,1
0.7055020332336426,0,1
0.7872624397277832,0,1
0.7562540769577026,0,1
0.7050141096115112,0,1
0.6950741410255432,0,1
0.7147669196128845,0,1
0.6973358988761902,0,1
0.7178654670715332,0,1
0.6952260732650757,0,1
0.6973358988761902,0,1
0.6972948312759399,0,1
0.7509433627128601,0,1
0.7743417024612427,0,1
0.6973358988761902,0,1
0.6973358988761902,0,1
0.753018856048584,0,1
0.6973358988761902,0,1
0.6722778081893921,0,1
0.7024331092834473,0,1
0.7556502819061279,0,1
0.6973358988761902,0,1
0.7304148077964783,0,1
0.6973358988761902,0,1
0.6973358988761902,0,1
0.7306384444236755,0,1
0.7433493733406067,0,1
0.773158073425293,0,1
0.7646467685699463,0,1
0.7221183180809021,0,1
0.754044234752655,0,1
0.7667896747589111,0,1
0.6714057326316833,0,1
0.7409424185752869,0,1
0.6973358988761902,0,1
0.7258430123329163,0,1
0.7761467099189758,0,1
0.6634299755096436,0,1
0.7715628147125244,0,1
0.7457138299942017,0,1
0.77972012758255,0,1
0.7362117171287537,0,1
0.713665783405304,0,1
0.6973358988761902,0,1
0.7356398105621338,0,1
0.7712893486022949,0,1
0.6973358988761902,0,1
0.6973358988761902,0,1
0.7386361956596375,0,1
0.741633415222168,0,1
0.6973358988761902,0,1
0.7789388298988342,0,1
0.7315001487731934,0,1
0.6972185373306274,0,1
0.7321109771728516,0,1
0.7626621127128601,0,1
0.8042303323745728,0,1
0.7343848943710327,0,1
0.7510027289390564,0,1
0.7878926992416382,0,1
0.7256989479064941,0,1
0.7501480579376221,0,1
0.761619508266449,0,1
0.7033889293670654,0,1
0.7038486003875732,0,1
0.7078306078910828,0,1
0.6730849146842957,0,1
0.7664254903793335,0,1
0.7073022127151489,0,1
0.7184420824050903,0,1
0.7021046280860901,0,1
0.7553575038909912,0,1
0.7514078617095947,0,1
0.6973358988761902,0,1
0.705242395401001,0,1
0.6994414925575256,0,1
0.6700009703636169,0,1
0.8314980864524841,0,1
0.6832114458084106,0,1
0.7294591069221497,0,1
0.7397169470787048,0,1
0.6953569650650024,0,1
0.7331008911132812,0,1
0.6973358988761902,0,1
0.7153782844543457,0,1
0.67820143699646,0,1
0.6973358988761902,0,1
0.7421980500221252,0,1
0.7421978116035461,0,1
0.7216106057167053,0,1
0.7792830467224121,0,1
0.7336306571960449,0,1
0.7211793661117554,0,1
0.6981240510940552,0,1
0.7552301287651062,0,1
0.7142914533615112,0,1
0.7615745663642883,0,1
0.764958381652832,0,1
0.7139104008674622,0,1
0.6973358988761902,0,1
0.7061766386032104,0,1
0.7494538426399231,0,1
0.7051373720169067,0,1
0.6960197687149048,0,1
0.7655221223831177,0,1
0.6973358988761902,0,1
0.7636414766311646,0,1
0.7173541188240051,0,1
0.6972577571868896,0,1
0.7551383972167969,0,1
0.7105768918991089,0,1
0.7262291312217712,0,1
0.7545772194862366,0,1
0.708159863948822,0,1
0.7427785992622375,0,1
0.723481297492981,0,1
0.7902349233627319,0,1
0.6975069642066956,0,1
0.8099744319915771,0,1
0.744083046913147,0,1
0.6973358988761902,0,1
0.6973358988761902,0,1
0.6801098585128784,0,1
0.6980839967727661,0,1
0.7469054460525513,0,1
0.7155956029891968,0,1
0.698155403137207,0,1
0.6769334673881531,0,1
0.7207867503166199,0,1
1.0450893640518188,0,1
0.7834997773170471,0,1
0.7572218179702759,0,1
0.6973358988761902,0,1
0.7296249270439148,0,1
0.7545444965362549,0,1
0.7656589150428772,0,1
0.6670480370521545,0,1
0.7429996728897095,0,1
0.7332855463027954,0,1
0.7265996932983398,0,1
0.7429753541946411,0,1
0.7869187593460083,0,1
0.7135117053985596,0,1
0.671983003616333,0,1
0.6913804411888123,0,1
0.6973358988761902,0,1
0.7028653025627136,0,1
0.6806054711341858,0,1
0.7608171701431274,0,1
0.761741042137146,0,1
0.7391151189804077,0,1
0.7608797550201416,0,1
0.7099107503890991,0,1
0.7651059031486511,0,1
0.7451732158660889,0,1
0.7273861169815063,0,1
0.7392334938049316,0,1
0.7042801380157471,0,1
0.6984887719154358,0,1
0.6973358988761902,0,1
0.7743821144104004,0,1
0.730316162109375,0,1
0.7131196856498718,0,1
0.7058694362640381,0,1
0.7474057674407959,0,1
0.7426819205284119,0,1
0.7601059675216675,0,1
0.7471466660499573,0,1
0.7156938910484314,0,1
0.6970888376235962,0,1
0.6973358988761902,0,1
0.7641030550003052,0,1
0.7055208683013916,0,1
0.7126076817512512,0,1
0.712658703327179,0,1
0.7274736762046814,0,1
0.7424209117889404,0,1
0.6973358988761902,0,1
0.6973316073417664,0,1
0.7784850001335144,0,1
0.7493194341659546,0,1
0.6952319145202637,0,1
0.7298008799552917,0,1
0.7193193435668945,0,1
0.6826996803283691,0,1
0.6973358988761902,0,1
0.7563956379890442,0,1
0.690222978591919,0,1
0.7720825672149658,0,1
0.6973358988761902,0,1
0.7538802623748779,0,1
0.6987428069114685,0,1
0.7488946318626404,0,1
0.6880596280097961,0,1
0.7764816284179688,0,1
0.7557105422019958,0,1
0.7566916942596436,0,1
0.7404469847679138,0,1
0.7585678696632385,0,1
0.7416757345199585,0,1
0.7149924635887146,0,1
0.7730976939201355,0,1
0.7371304035186768,0,1
0.714909017086029,0,1
0.7758698463439941,0,1
0.7359968423843384,0,1
0.6973358988761902,0,1
0.7283992767333984,0,1
0.7872880697250366,0,1
0.6869244575500488,0,1
0.6973358988761902,0,1
0.6973358988761902,0,1
0.7209171652793884,0,1
0.6958264112472534,0,1
0.727706789970398,0,1
0.7555215358734131,0,1
0.7439519166946411,0,1
0.7837397456169128,0,1
0.6801452040672302,0,1
0.6973358988761902,0,1
0.7307791113853455,0,1
0.6973358988761902,0,1
0.6938490271568298,0,1
0.7623966336250305,0,1
0.7590235471725464,0,1
0.7416864633560181,0,1
0.6973358988761902,0,1
0.7688965797424316,0,1
0.7250840067863464,0,1
0.6973358988761902,0,1
0.7161969542503357,0,1
0.7757881283760071,0,1
0.7658581137657166,0,1
0.7518693208694458,0,1
0.703736424446106,0,1
0.7169111371040344,0,1
0.7687914371490479,0,1
0.6688694953918457,0,1
0.7864799499511719,0,1
0.8269487619400024,0,1
0.7613134384155273,0,1
0.7555182576179504,0,1
0.6948785781860352,0,1
0.7306194305419922,0,1
0.732609748840332,0,1
0.7365977764129639,0,1
0.7398282885551453,0,1
0.741000235080719,0,1
0.7215143442153931,0,1
0.7555710077285767,0,1
0.6973358988761902,0,1
0.7230975031852722,0,1
0.7836927175521851,0,1
0.6973358988761902,0,1
0.7517250776290894,0,1
0.7235279679298401,0,1
0.7264772057533264,0,1
0.7835386395454407,0,1
0.6973358988761902,0,1
0.7495781183242798,0,1
0.7477205395698547,0,1
0.7216362357139587,0,1
0.7265959978103638,0,1
0.7086138725280762,0,1
0.82123202085495,0,1
0.7446385622024536,0,1
0.7071181535720825,0,1
0.6925528049468994,0,1
0.6981872320175171,0,1
0.751526415348053,0,1
0.6929172873497009,0,1
0.704587996006012,0,1
0.6983826160430908,0,1
0.7204465270042419,0,1
0.7030657529830933,0,1
0.733657956123352,0,1
0.7137489318847656,0,1
0.7571475505828857,0,1
0.7055978775024414,0,1
0.7133041620254517,0,1
0.7572999000549316,0,1
0.7028988599777222,0,1
0.7789594531059265,0,1
0.7573720216751099,0,1
0.7385229468345642,0,1
0.7001625299453735,0,1
0.6973358988761902,0,1
0.6906810402870178,0,1
0.7979989051818848,0,1
0.6516774892807007,0,1
0.7463205456733704,0,1
0.6973358988761902,0,1
0.7435013055801392,0,1
0.6799203753471375,0,1
0.6900152564048767,0,1
0.7230132818222046,0,1
0.6816633939743042,0,1
0.7318033576011658,0,1
0.7155998945236206,0,1
0.7404454946517944,0,1
0.6973358988761902,0,1
0.7102953791618347,0,1
0.7207404971122742,0,1
0.7491059899330139,0,1
0.738680362701416,0,1
0.7649056911468506,0,1
0.6918908953666687,0,1
0.7517097592353821,0,1
0.6566351056098938,0,1
0.7143405079841614,0,1
0.725392758846283,0,1
0.7264978289604187,0,1
0.7375704646110535,0,1
0.727679431438446,0,1
0.6702778935432434,0,1
0.8051687479019165,0,1
0.6973358988761902,0,1
0.7499370574951172,0,1
0.736703097820282,0,1
0.7155117988586426,0,1
0.6973358988761902,0,1
0.6973358988761902,0,1
0.7321580052375793,0,1
0.7110096216201782,0,1
0.7453548312187195,0,1
0.7732260227203369,0,1
0.7183429002761841,0,1
0.7185831665992737,0,1
0.7477229237556458,0,1
0.7355442047119141,0,1
0.7427069544792175,0,1
0.6973351836204529,0,1
0.7013810873031616,0,1
0.7070891857147217,0,1
0.7161982655525208,0,1
0.7573768496513367,0,1
0.7610558271408081,0,1
0.74708092212677,0,1
0.7565372586250305,0,1
0.6911317706108093,0,1
0.7144638895988464,0,1
0.7152249813079834,0,1
0.7019513845443726,0,1
0.71378493309021,0,1
0.7481866478919983,0,1
0.747014582157135,0,1
0.7666534185409546,0,1
0.7435804009437561,0,1
0.7421109080314636,0,1
0.765876293182373,0,1
0.7089322805404663,0,1
0.7124910950660706,0,1
0.7331776022911072,0,1
0.8041293025016785,0,1
0.795519232749939,0,1
0.6862590909004211,0,1
0.706423282623291,0,1
0.7438446283340454,0,1
0.7170796990394592,0,1
0.7539042234420776,0,1
0.7967376112937927,0,1
0.6973358988761902,0,1
0.7511470317840576,0,1
0.7304525971412659,0,1
0.7420306205749512,0,1
0.6696723103523254,0,1
0.6991720795631409,0,1
0.7239980697631836,0,1
0.7130458950996399,0,1
0.726552426815033,0,1
0.7485930323600769,0,1
0.7421194314956665,0,1
0.7633887529373169,0,1
0.7598448991775513,0,1
0.7654504776000977,0,1
0.713057816028595,0,1
0.695515513420105,0,1
0.7475472092628479,0,1
0.8108645677566528,0,1
0.7244925498962402,0,1
0.7646591663360596,0,1
0.7155574560165405,0,1
0.6973358988761902,0,1
0.732760488986969,0,1
0.671327531337738,0,1
0.7119357585906982,0,1
0.836702287197113,0,1
0.7783311605453491,0,1
0.8063210248947144,0,1
0.7268797159194946,0,1
0.7406757473945618,0,1
0.7645962834358215,0,1
0.7497286200523376,0,1
0.7398467659950256,0,1
0.712764322757721,0,1
0.7349050641059875,0,1
0.6851191520690918,0,1
0.6973358988761902,0,1
0.691528856754303,0,1
0.7256230115890503,0,1
0.7282350659370422,0,1
0.6715766787528992,0,1
0.7787920236587524,0,1
0.6998690366744995,0,1
0.70047926902771,0,1
0.697182297706604,0,1
0.9046744704246521,0,1
0.7427697777748108,0,1
0.6973358988761902,0,1
0.7632189393043518,0,1
0.7596214413642883,0,1
0.6985900402069092,0,1
0.8434879183769226,0,1
0.7428440451622009,0,1
0.7116156816482544,0,1
0.7274022698402405,0,1
0.7012965679168701,0,1
0.6973358988761902,0,1
0.6645774841308594,0,1
0.7141377329826355,0,1
0.724889874458313,0,1
0.7694146037101746,0,1
0.7774918079376221,0,1
0.6973358988761902,0,1
0.7827942967414856,0,1
0.670958936214447,0,1
0.7098439931869507,0,1
0.7433164119720459,0,1
0.720657229423523,0,1
0.7293722629547119,0,1
0.7430228590965271,0,1
0.747734785079956,0,1
0.6900498867034912,0,1
0.6973358988761902,0,1
0.7002630829811096,0,1
0.7463847398757935,0,1
0.7313656210899353,0,1
0.778659462928772,0,1
0.7583714127540588,0,1
0.7760517001152039,0,1
0.7219164371490479,0,1
0.7816609144210815,0,1
0.7226734161376953,0,1
0.6973358988761902,0,1
0.7506946325302124,0,1
0.7673642635345459,0,1
0.7765317559242249,0,1
0.742778480052948,0,1
0.7487003803253174,0,1
0.7514570951461792,0,1
0.6973358988761902,0,1
0.7528865337371826,0,1
0.7480434775352478,0,1
0.7598450183868408,0,1
0.7379646301269531,0,1
0.7225559949874878,0,1
0.713697612285614,0,1
0.71489417552948,0,1
0.7752271294593811,0,1
0.7667966485023499,0,1
0.7088271975517273,0,1
0.7272384166717529,0,1
0.6974020004272461,0,1
0.7271052598953247,0,1
0.784407377243042,0,1
0.7157293558120728,0,1
0.8042078614234924,0,1
0.7055182456970215,0,1
0.6973358988761902,0,1
0.735028088092804,0,1
0.7243890166282654,0,1
0.7709264159202576,0,1
0.770126461982727,0,1
0.6955491304397583,0,1
0.6956307888031006,0,1
0.7226462960243225,0,1
0.7407142519950867,0,1
0.7417455315589905,0,1
0.7666432857513428,0,1
0.6787445545196533,0,1
0.667887270450592,0,1
0.6973358988761902,0,1
0.6944737434387207,0,1
0.7484010457992554,0,1
0.7208659648895264,0,1
0.7800672054290771,0,1
0.6976950168609619,0,1
0.7290615439414978,0,1
0.7398364543914795,0,1
0.7200685143470764,0,1
0.727030336856842,0,1
0.707711398601532,0,1
0.7482191324234009,0,1
0.7324469089508057,0,1
0.6793648600578308,0,1
0.6827093958854675,0,1
0.8086718320846558,0,1
0.7276026010513306,0,1
0.7014458179473877,0,1
0.7611215114593506,0,1
0.6968593001365662,0,1
0.752845048904419,0,1
0.7676008939743042,0,1
0.7289449572563171,0,1
0.7917447686195374,0,1
0.7268927693367004,0,1
0.7323279976844788,0,1
0.6772050857543945,0,1
0.7378729581832886,0,1
0.7010462284088135,0,1
0.7567280530929565,0,1
0.684942364692688,0,1
0.7055281400680542,0,1
0.6973358988761902,0,1
0.6880000233650208,0,1
0.701159656047821,0,1
0.6950494050979614,0,1
0.7583228349685669,0,1
0.7237961888313293,0,1
0.7691560983657837,0,1
0.7674883604049683,0,1
0.6973358988761902,0,1
0.7480623722076416,0,1
0.7270252704620361,0,1
0.6973733305931091,0,1
0.7056238651275635,0,1
0.6661302447319031,0,1
0.7244842052459717,0,1
0.6908577680587769,0,1
0.7212458848953247,0,1
0.7269312739372253,0,1
0.7197927236557007,0,1
0.7788256406784058,0,1
0.7545834183692932,0,1
0.7720768451690674,0,1
0.7249407768249512,0,1
0.7277334928512573,0,1
0.6954036355018616,0,1
0.7446168661117554,0,1
0.6973358988761902,0,1
0.7021548748016357,0,1
0.6578575372695923,0,1
0.7744783163070679,0,1
0.7610733509063721,0,1
0.6973358988761902,0,1
0.7076745629310608,0,1
0.7041463851928711,0,1
0.737845778465271,0,1
0.7502903938293457,0,1
0.7082957029342651,0,1
0.6973358988761902,0,1
0.7453435063362122,0,1
0.7453266382217407,0,1
0.7358835339546204,0,1
0.7130826711654663,0,1
0.747666597366333,0,1
0.7060073018074036,0,1
0.7605213522911072,0,1
0.6852858662605286,0,1
0.750288188457489,0,1
0.7147847414016724,0,1
0.7423893213272095,0,1
0.7035297751426697,0,1
0.7145538330078125,0,1
0.6973358988761902,0,1
0.7400644421577454,0,1
0.7157347202301025,0,1
0.6973358988761902,0,1
0.7728197574615479,0,1
0.7327497005462646,0,1
0.7301883697509766,0,1
0.7516151666641235,0,1
0.7791467905044556,0,1
0.6944045424461365,0,1
0.71837317943573,0,1
0.6973358988761902,0,1
0.8425095677375793,0,1
0.6887775659561157,0,1
0.801149845123291,0,1
0.708990752696991,0,1
0.7397116422653198,0,1
0.681269645690918,0,1
0.728421688079834,0,1
0.6973358988761902,0,1
0.7038901448249817,0,1
0.7233568429946899,0,1
0.7564001679420471,0,1
0.7482799887657166,0,1
0.7603642344474792,0,1
0.6973358988761902,0,1
0.7981072068214417,0,1
0.7190365195274353,0,1
0.6717123985290527,0,1
0.7381158471107483,0,1
0.7062640190124512,0,1
0.7689836621284485,0,1
0.7768382430076599,0,1
0.7872897982597351,0,1
0.7733954191207886,0,1
0.6926946640014648,0,1
0.6973358988761902,0,1
0.8007568120956421,0,1
0.7782986164093018,0,1
0.6512680649757385,0,1
0.7654305696487427,0,1
0.7566757202148438,0,1
0.762032151222229,0,1
0.7525273561477661,0,1
0.7037069201469421,0,1
0.7400525808334351,0,1
0.7945537567138672,0,1
0.6973358988761902,0,1
0.7382838726043701,0,1
0.6973358988761902,0,1
0.705890417098999,0,1
0.6930086612701416,0,1
0.7497769594192505,0,1
0.842087984085083,0,1
0.7860455513000488,0,1
0.6840673089027405,0,1
0.6939679980278015,0,1
0.7233280539512634,0,1
0.7724133729934692,0,1
0.7742432951927185,0,1
0.7000099420547485,0,1
0.7321485280990601,0,1
0.7591286897659302,0,1
0.753502368927002,0,1
0.7220370769500732,0,1
0.6973358988761902,0,1
0.7168688178062439,0,1
0.6973358988761902,0,1
0.7312108278274536,0,1
0.7553370594978333,0,1
0.9276123642921448,0,1
0.6973358988761902,0,1
0.7039079070091248,0,1
0.6973358988761902,0,1
0.7147980332374573,0,1
0.7320557832717896,0,1
0.6973358988761902,0,1
0.735619068145752,0,1
0.7413016557693481,0,1
0.760310709476471,0,1
0.6973358988761902,0,1
0.721084475517273,0,1
0.7138193845748901,0,1
0.7150089740753174,0,1
0.7394691705703735,0,1
0.7580384016036987,0,1
0.8049722909927368,0,1
0.7230481505393982,0,1
0.738997220993042,0,1
0.7278748154640198,0,1
0.7505338191986084,0,1
0.7303996682167053,0,1
0.8008913993835449,0,1
0.7468588948249817,0,1
0.6973358988761902,0,1
0.727571964263916,0,1
0.7146205902099609,0,1
0.6938186883926392,0,1
0.7085562348365784,0,1
0.6480827331542969,0,1
0.7038134932518005,0,1
0.6973358988761902,0,1
0.700245201587677,0,1
0.7790714502334595,0,1
0.788388729095459,0,1
0.7118893265724182,0,1
0.6973358988761902,0,1
0.7568920254707336,0,1
0.7112480401992798,0,1
0.7171900868415833,0,1
0.7392243146896362,0,1
0.7902169227600098,0,1
0.722147524356842,0,1
0.6973358988761902,0,1
0.7540568113327026,0,1
0.6938532590866089,0,1
0.7195345759391785,0,1
0.7660935521125793,0,1
0.7970603704452515,0,1
0.7568975687026978,0,1
0.7067744135856628,0,1
0.7963215708732605,0,1
0.7498517036437988,0,1
0.7199229598045349,0,1
0.6973358988761902,0,1
0.7375988364219666,0,1
0.697350263595581,0,1
0.6747474670410156,0,1
0.65463787317276,0,1
0.7536633610725403,0,1
0.6806418299674988,0,1
0.7394927144050598,0,1
0.7198022603988647,0,1
0.7123094201087952,0,1
0.739194393157959,0,1
0.714647114276886,0,1
0.6722618341445923,0,1
0.6973358988761902,0,1
0.7331035733222961,0,1
0.7569438815116882,0,1
0.6973358988761902,0,1
0.6973358988761902,0,1
0.7981117367744446,0,1
0.6973358988761902,0,1
0.6973358988761902,0,1
0.706609845161438,0,1
0.6973358988761902,0,1
0.6973358988761902,0,1
0.8083832859992981,0,1
0.7595338821411133,0,1
0.705982506275177,0,1
0.7468371391296387,0,1
0.6973358988761902,0,1
0.7358335256576538,0,1
0.7201898694038391,0,1
0.714719295501709,0,1
0.7793511748313904,0,1
0.7276812791824341,0,1
0.7276570796966553,0,1
0.7560287117958069,0,1
0.8088253140449524,0,1
0.7578275203704834,0,1
0.8074938654899597,0,1
0.7092084884643555,0,1
0.7054178714752197,0,1
0.7906152606010437,0,1
0.6708781719207764,0,1
0.7162431478500366,0,1
0.6973358988761902,0,1
0.6973358988761902,0,1
0.6973358988761902,0,1
0.7245349287986755,0,1
0.7268478274345398,0,1
0.7599692940711975,0,1
0.7173113822937012,0,1
0.6973358988761902,0,1
0.6817846298217773,0,1
0.722636878490448,0,1
0.7515928149223328,0,1
0.6990610957145691,0,1
0.7140706777572632,0,1
0.7002148628234863,0,1
0.7664919495582581,0,1
0.7332831621170044,0,1
0.6973358988761902,0,1
0.6973358988761902,0,1
0.654672384262085,0,1
0.698322594165802,0,1
0.6973358988761902,0,1
0.7621443867683411,0,1
0.6973121166229248,0,1
0.7276824116706848,0,1
0.7106995582580566,0,1
0.6839427947998047,0,1
0.6865272521972656,0,1
0.6569728851318359,0,1
0.6973358988761902,0,1
0.7094983458518982,0,1
0.6977476477622986,0,1
0.7695294618606567,0,1
0.7459090948104858,0,1
0.756736159324646,0,1
0.692575991153717,0,1
0.7373394966125488,0,1
0.677991509437561,0,1
0.7895141839981079,0,1
0.7549349069595337,0,1
0.7216940522193909,0,1
0.7366607785224915,0,1
0.7181206345558167,0,1
0.7797719240188599,0,1
0.7355875372886658,0,1
0.7123103141784668,0,1
0.6973358988761902,0,1
0.8009082674980164,0,1
0.6646462678909302,0,1
0.756535530090332,0,1
0.7270000576972961,0,1
0.6973358988761902,0,1
0.759567379951477,0,1
0.7199869751930237,0,1
0.7399941086769104,0,1
0.671579122543335,0,1
0.7642899751663208,0,1
0.7586031556129456,0,1
0.757331132888794,0,1
0.7487789392471313,0,1
0.7432675361633301,0,1
0.8223615288734436,0,1
0.6833547949790955,0,1
0.7140402793884277,0,1
0.6879498958587646,0,1
0.7079883217811584,0,1
0.6973358988761902,0,1
0.7062386274337769,0,1
0.7498016357421875,0,1
0.8017233610153198,0,1
0.6815744638442993,0,1
0.741847038269043,0,1
0.7249579429626465,0,1
0.7367812395095825,0,1
0.7705153226852417,0,1
0.7699187994003296,0,1
0.6927328109741211,0,1
0.7821487188339233,0,1
0.9694768786430359,0,1
0.7774238586425781,0,1
0.7331807613372803,0,1
0.7329235076904297,0,1
0.6698563098907471,0,1
0.7138594388961792,0,1
0.7288450598716736,0,1
0.7205500602722168,0,1
0.7411072254180908,0,1
0.6854851245880127,0,1
0.6648963689804077,0,1
0.8005191683769226,0,1
0.6974886655807495,0,1
0.7252732515335083,0,1
0.7445068359375,0,1
0.7613310813903809,0,1
0.7408257126808167,0,1
0.776534914970398,0,1
0.7248170375823975,0,1
0.7535696625709534,0,1
0.7593575119972229,0,1
0.6973358988761902,0,1
0.7247090339660645,0,1
0.6973358988761902,0,1
0.7327658534049988,0,1
0.6786539554595947,0,1
0.7896718382835388,0,1
0.777685284614563,0,1
0.7504806518554688,0,1
0.755258321762085,0,1
0.7210497856140137,0,1
0.7549437880516052,0,1
0.7336254715919495,0,1
0.7896162271499634,0,1
0.7157514691352844,0,1
0.7282817363739014,0,1
0.7382581233978271,0,1
0.6928310394287109,0,1
0.6973358988761902,0,1
0.7337998151779175,0,1
0.7359198927879333,0,1
0.6973358988761902,0,1
0.7191005945205688,0,1
0.6932379007339478,0,1
0.7967810034751892,0,1
0.7761069536209106,0,1
0.7520130276679993,0,1
0.6973358988761902,0,1
0.7212134003639221,0,1
0.7144043445587158,0,1
0.7400137186050415,0,1
0.6852161884307861,0,1
0.6973358988761902,0,1
0.6669036746025085,0,1
0.6824420094490051,0,1
0.7110291719436646,0,1
0.7849594354629517,0,1
0.7612285017967224,0,1
0.7468425035476685,0,1
0.7149049639701843,0,1
0.7017223834991455,0,1
0.747259259223938,0,1
0.7614359855651855,0,1
0.7288097739219666,0,1
0.734784722328186,0,1
0.7497749924659729,0,1
0.6806060671806335,0,1
0.7403812408447266,0,1
0.7600500583648682,0,1
0.7361281514167786,0,1
0.6819401383399963,0,1
0.7825884819030762,0,1
0.7607378363609314,0,1
0.6957492828369141,0,1
0.7291018962860107,0,1
0.6886734962463379,0,1
0.7152185440063477,0,1
0.744822084903717,0,1
0.7397284507751465,0,1
0.6973358988761902,0,1
0.7407212257385254,0,1
0.6973358988761902,0,1
0.8115954399108887,0,1
0.7042226195335388,0,1
0.7208294868469238,0,1
0.6917315125465393,0,1
0.6973358988761902,0,1
0.6973358988761902,0,1
0.8211710453033447,0,1
0.7917473912239075,0,1
0.6954044103622437,0,1
0.7320613861083984,0,1
0.6973358988761902,0,1
0.7079452276229858,0,1
0.7116372585296631,0,1
0.7470633387565613,0,1
0.7080663442611694,0,1
0.7139233946800232,0,1
0.738113522529602,0,1
0.6973358988761902,0,1
0.6733685731887817,0,1
0.6973358988761902,0,1
0.7384788393974304,0,1
0.7291783690452576,0,1
0.7334259748458862,0,1
0.7100772857666016,0,1
0.7356258034706116,0,1
0.7170321941375732,0,1
0.6985021829605103,0,1
0.7353281378746033,0,1
0.7620460987091064,0,1
0.7199727296829224,0,1
0.7135301232337952,0,1
0.746344268321991,0,1
0.6973358988761902,0,1
0.7154277563095093,0,1
0.7128400206565857,0,1
0.7302685379981995,0,1
0.759560227394104,0,1
0.7347067594528198,0,1
0.6883958578109741,0,1
0.6973358988761902,0,1
0.7395458221435547,0,1
0.8507278561592102,0,1
0.7281007170677185,0,1
0.7120001912117004,0,1
0.6851130723953247,0,1
0.7678918242454529,0,1
0.7574464082717896,0,1
0.7109859585762024,0,1
0.7941631078720093,0,1
0.7455551624298096,0,1
0.6973358988761902,0,1
0.7347685694694519,0,1
0.7226815819740295,0,1
0.7041370272636414,0,1
0.7073100209236145,0,1
0.7393480539321899,0,1
0.7157154083251953,0,1
0.6719642877578735,0,1
0.6973358988761902,0,1
0.7220192551612854,0,1
0.7224790453910828,0,1
0.753135621547699,0,1
0.6755258440971375,0,1
0.7012446522712708,0,1
0.710548996925354,0,1
0.7107061743736267,0,1
0.7148319482803345,0,1
0.714474618434906,0,1
0.7468754053115845,0,1
0.7602531313896179,0,1
0.6973358988761902,0,1
0.6973358988761902,0,1
0.6930682063102722,0,1
0.6973358988761902,0,1
0.6973358988761902,0,1
0.7315618991851807,0,1
0.7204905152320862,0,1
0.7807921171188354,0,1
0.7677996754646301,0,1
0.8208987712860107,0,1
0.6973358988761902,0,1
0.7115961313247681,0,1
0.6973358988761902,0,1
0.7307377457618713,0,1
0.7494477033615112,0,1
0.7443570494651794,0,1
0.8058633208274841,0,1
0.7285865545272827,0,1
0.7686864733695984,0,1
0.6825830936431885,0,1
0.7219462394714355,0,1
0.7655962705612183,0,1
0.7274633049964905,0,1
0.7281708121299744,0,1
0.6973358988761902,0,1
0.7123697996139526,0,1
0.7067238092422485,0,1
0.6941887140274048,0,1
0.7082470655441284,0,1
0.6973358988761902,0,1
0.7445785403251648,0,1
0.731353759765625,0,1
0.6610395908355713,0,1
0.7973172068595886,0,1
0.7626290917396545,0,1
0.71638423204422,0,1
0.6995956301689148,0,1
0.6973358988761902,0,1
0.6973358988761902,0,1
0.7824954986572266,0,1
0.7724946737289429,0,1
0.714651882648468,0,1
0.6973999738693237,0,1
0.7342486381530762,0,1
0.720879852771759,0,1
0.8143922090530396,0,1
0.6963132619857788,0,1
0.6973358988761902,0,1
0.7550838589668274,0,1
0.803028404712677,0,1
0.7520034909248352,0,1
0.6867308616638184,0,1
0.7276370525360107,0,1
0.6872845888137817,0,1
0.748740553855896,0,1
0.7047497630119324,0,1
0.7431578040122986,0,1
0.6973281502723694,0,1
0.6973358988761902,0,1
0.7460354566574097,0,1
0.7675489783287048,0,1
0.8013643622398376,0,1
0.7181442379951477,0,1
0.7267740964889526,0,1
0.8216120004653931,0,1
0.7582427859306335,0,1
0.7685465812683105,0,1
0.7456223964691162,0,1
0.7094506025314331,0,1
0.6973358988761902,0,1
0.7372841238975525,0,1
0.7502970099449158,0,1
0.7329463958740234,0,1
0.6973358988761902,0,1
0.71384197473526,0,1
0.7329784631729126,0,1
0.8143264651298523,0,1
0.7853468656539917,0,1
0.7006743550300598,0,1
0.6668722033500671,0,1
0.7739239931106567,0,1
0.8232088685035706,0,1
0.7641677260398865,0,1
0.6973358988761902,0,1
0.7243366837501526,0,1
0.787102222442627,0,1
0.706506073474884,0,1
0.7080181837081909,0,1
0.7210819721221924,0,1
0.7162724733352661,0,1
0.7823219895362854,0,1
0.6707137227058411,0,1
0.6777389049530029,0,1
0.796173095703125,0,1
0.6973358988761902,0,1
0.7086297273635864,0,1
0.7726756930351257,0,1
0.6973358988761902,0,1
0.7515679597854614,0,1
0.8197566270828247,0,1
0.7275835275650024,0,1
0.7057383060455322,0,1
0.727690577507019,0,1
0.7259976863861084,0,1
0.7151216864585876,0,1
0.6913087964057922,0,1
0.6921517848968506,0,1
0.7439927458763123,0,1
0.7838207483291626,0,1
0.7148184776306152,0,1
0.7012088298797607,0,1
0.6866236329078674,0,1
0.7379899024963379,0,1
0.7345909476280212,0,1
0.7320094704627991,0,1
0.7197748422622681,0,1
0.7627605199813843,0,1
0.6716508865356445,0,1
0.7461749315261841,0,1
0.7989397644996643,0,1
0.6973358988761902,0,1
0.697407603263855,0,1
0.7323189973831177,0,1
0.7198522686958313,0,1
0.6969583630561829,0,1
0.7479757070541382,0,1
0.7086176872253418,0,1
0.7184840440750122,0,1
0.7087507843971252,0,1
0.7452723979949951,0,1
0.7069555521011353,0,1
0.7520120143890381,0,1
0.7204841375350952,0,1
0.6914861798286438,0,1
0.7976362705230713,0,1
0.6919398903846741,0,1
0.7850411534309387,0,1
0.7191525101661682,0,1
0.6694128513336182,0,1
0.7820740938186646,0,1
0.6990889310836792,0,1
0.7388923168182373,0,1
0.6973358988761902,0,1
0.7359214425086975,0,1
0.775302529335022,0,1
0.6936426162719727,0,1
0.7178254723548889,0,1
0.699439525604248,0,1
0.6973358988761902,0,1
0.6973358988761902,0,1
0.737891674041748,0,1
0.7158480286598206,0,1
0.7320457696914673,0,1
0.7182947993278503,0,1
0.736223578453064,0,1
0.6956907510757446,0,1
0.7596963047981262,0,1
0.7453305721282959,0,1
0.6644960641860962,0,1
0.756995677947998,0,1
0.7552109956741333,0,1
0.7551385164260864,0,1
0.6686280369758606,0,1
0.6802809834480286,0,1
0.688549816608429,0,1
0.7896779775619507,0,1
0.759589433670044,0,1
0.7047779560089111,0,1
0.7025872468948364,0,1
0.733643114566803,0,1
0.7424150109291077,0,1
0.7593379020690918,0,1
0.7090645432472229,0,1
0.6973358988761902,0,1
0.7452055215835571,0,1
0.7108523845672607,0,1
0.7329158186912537,0,1
0.682652473449707,0,1
0.7184339165687561,0,1
0.6832343339920044,0,1
0.7173408269882202,0,1
0.6722837686538696,0,1
0.6973358988761902,0,1
0.6973358988761902,0,1
0.6985564231872559,0,1
0.6749260425567627,0,1
0.8013635277748108,0,1
0.7361396551132202,0,1
0.6973358988761902,0,1
0.7768383026123047,0,1
0.6973358988761902,0,1
0.7267533540725708,0,1
0.7100411653518677,0,1
0.6973358988761902,0,1
0.7444305419921875,0,1
0.6973358988761902,0,1
0.7339234948158264,0,1
0.7031736373901367,0,1
0.747494101524353,0,1
0.7765548229217529,0,1
0.7322399020195007,0,1
0.768153727054596,0,1
0.6967939138412476,0,1
0.7878055572509766,0,1
0.6684975624084473,0,1
0.764377236366272,0,1
0.8084847331047058,0,1
0.7258253693580627,0,1
0.7153254151344299,0,1
0.7408779859542847,0,1
0.6849096417427063,0,1
0.6954942941665649,0,1
0.7584173679351807,0,1
0.7082840204238892,0,1
0.7354518175125122,0,1
0.7174724340438843,0,1
0.6856740117073059,0,1
0.7280051708221436,0,1
0.7905049324035645,0,1
0.6973358988761902,0,1
0.7176370620727539,0,1
0.7590872049331665,0,1
0.7283336520195007,0,1
0.7518714070320129,0,1
0.6973358988761902,0,1
0.6973358988761902,0,1
0.7484422922134399,0,1
0.7261155843734741,0,1
0.6982588171958923,0,1
0.788545548915863,0,1
0.6973186135292053,0,1
0.728157639503479,0,1
0.694329023361206,0,1
0.7404378056526184,0,1
0.7042787075042725,0,1
0.7450504899024963,0,1
0.7445289492607117,0,1
0.7503594756126404,0,1
0.693748950958252,0,1
0.732651948928833,0,1
0.7263769507408142,0,1
0.7207010388374329,0,1
0.7515580654144287,0,1
0.6998764872550964,0,1
0.674494206905365,0,1
0.7444378137588501,0,1
0.7268421053886414,0,1
0.7060326933860779,0,1
0.6987250447273254,0,1
0.7510490417480469,0,1
0.7038605213165283,0,1
0.7249339818954468,0,1
0.6980338096618652,0,1
0.7684414386749268,0,1
0.6654642224311829,0,1
0.6965509653091431,0,1
0.6973358988761902,0,1
0.7017115354537964,0,1
0.7196506857872009,0,1
0.6973358988761902,0,1
0.7086526155471802,0,1
0.6880767345428467,0,1
0.7379458546638489,0,1
0.7105798721313477,0,1
0.7425180077552795,0,1
0.7464016079902649,0,1
0.7552586197853088,0,1
0.7676370143890381,0,1
0.6959927082061768,0,1
0.7831330299377441,0,1
0.7362551093101501,0,1
0.7100685834884644,0,1
0.7273019552230835,0,1
0.7516498565673828,0,1
0.8041710257530212,0,1
0.731608510017395,0,1
0.7535281181335449,0,1
0.664164125919342,0,1
0.6845267415046692,0,1
0.7505840063095093,0,1
0.8008594512939453,0,1
0.7473869323730469,0,1
0.7262368202209473,0,1
0.7462728023529053,0,1
0.7626517415046692,0,1
0.7221007943153381,0,1
0.7190254926681519,0,1
0.6954861879348755,0,1
0.6959331035614014,0,1
0.7255661487579346,0,1
0.6973358988761902,0,1
0.7615236639976501,0,1
0.735150158405304,0,1
0.6994985938072205,0,1
0.7137648463249207,0,1
0.7162699699401855,0,1
0.7400407791137695,0,1
0.7564283609390259,0,1
0.8518631458282471,0,1
0.7437170743942261,0,1
0.6973358988761902,0,1
0.7285568118095398,0,1
0.6973358988761902,0,1
0.7557682394981384,0,1
0.7046473622322083,0,1
0.7086265087127686,0,1
0.751203179359436,0,1
0.7380847930908203,0,1
0.7851272225379944,0,1
0.7155777812004089,0,1
0.7053645849227905,0,1
0.7464098930358887,0,1
0.6973358988761902,0,1
0.7594185471534729,0,1
0.6973358988761902,0,1
0.7030919194221497,0,1
0.747104823589325,0,1
0.6973358988761902,0,1
0.7277914881706238,0,1
0.6973358988761902,0,1
0.7518261075019836,0,1
0.6854614019393921,0,1
0.7060499787330627,0,1
0.6997621655464172,0,1
0.6722959280014038,0,1
0.677606463432312,0,1
0.7570223808288574,0,1
0.7826852798461914,0,1
0.8194136023521423,0,1
0.6959349513053894,0,1
0.7985573410987854,0,1
0.7699989080429077,0,1
0.6969892978668213,0,1
0.7454844117164612,0,1
0.7056108117103577,0,1
0.6916254162788391,0,1
0.7120274305343628,0,1
0.7067750096321106,0,1
0.6973358988761902,0,1
0.7537442445755005,0,1
0.747672975063324,0,1
0.7241482734680176,0,1
0.6973358988761902,0,1
0.7147395610809326,0,1
0.6821622848510742,0,1
0.6889804005622864,0,1
0.7285078167915344,0,1
0.7309569120407104,0,1
0.703010082244873,0,1
0.753400981426239,0,1
0.7548768520355225,0,1
0.6973358988761902,0,1
0.6973358988761902,0,1
0.7512385249137878,0,1
0.9506797790527344,0,1
0.6973358988761902,0,1
0.6867340803146362,0,1
0.757771372795105,0,1
0.6869540214538574,0,1
0.7349386215209961,0,1
0.750102698802948,0,1
0.6973300576210022,0,1
0.7236363291740417,0,1
0.7219989895820618,0,1
0.7044486999511719,0,1
0.7169286012649536,0,1
0.7425824403762817,0,1
0.6498818397521973,0,1
0.734812319278717,0,1
0.672394871711731,0,1
0.7039592862129211,0,1
0.6973358988761902,0,1
0.7742198705673218,0,1
0.7159987092018127,0,1
0.7120744585990906,0,1
0.6785253882408142,0,1
0.6978438496589661,0,1
0.7114785313606262,0,1
0.7412522435188293,0,1
0.6973358988761902,0,1
0.726809024810791,0,1
0.7252914905548096,0,1
0.6869310736656189,0,1
0.7425796389579773,0,1
0.7172967791557312,0,1
0.6370826363563538,0,1
0.7684091925621033,0,1
0.7112804651260376,0,1
0.7671772241592407,0,1
0.7682247757911682,0,1
0.7118197083473206,0,1
0.7303475737571716,0,1
0.7307295799255371,0,1
0.7034015655517578,0,1
0.756591796875,0,1
0.7209068536758423,0,1
0.7607561349868774,0,1
0.7346230149269104,0,1
0.746849536895752,0,1
0.7020825743675232,0,1
0.6973358988761902,0,1
0.771320641040802,0,1
0.7758058905601501,0,1
0.7220713496208191,0,1
0.6880679726600647,0,1
0.7042840123176575,0,1
0.6973358988761902,0,1
0.7062219381332397,0,1
0.7257000207901001,0,1
0.6879180669784546,0,1
0.8041377663612366,0,1
0.7728886604309082,0,1
0.7551245093345642,0,1
0.7895906567573547,0,1
0.7424232959747314,0,1
0.7076256275177002,0,1
0.7165632247924805,0,1
0.7244569063186646,0,1
0.7424280643463135,0,1
0.7070515751838684,0,1
0.7576369047164917,0,1
0.6973358988761902,0,1
0.6934906840324402,0,1
0.6528949737548828,0,1
0.7038738131523132,0,1
0.7209769487380981,0,1
0.7077264785766602,0,1
0.7380947470664978,0,1
0.6973358988761902,0,1
0.7035709023475647,0,1
0.7178441286087036,0,1
0.6973358988761902,0,1
0.6973358988761902,0,1
0.6973358988761902,0,1
0.6973358988761902,0,1
0.7656360268592834,0,1
0.7646472454071045,0,1
0.7262552976608276,0,1
0.6973358988761902,0,1
0.7302469611167908,0,1
0.6973358988761902,0,1
0.7173238396644592,0,1
0.7248744368553162,0,1
0.7022936940193176,0,1
0.7764269709587097,0,1
0.7296819686889648,0,1
0.7704306244850159,0,1
0.7700233459472656,0,1
0.7419192790985107,0,1
0.7512334585189819,0,1
0.7101843357086182,0,1
0.7084972858428955,0,1
0.7667565941810608,0,1
0.7683810591697693,0,1
0.7071659564971924,0,1
0.7263177037239075,0,1
0.7179796099662781,0,1
0.725856602191925,0,1
0.6973358988761902,0,1
0.680672824382782,0,1
0.7045912146568298,0,1
0.7320975065231323,0,1
0.7699365615844727,0,1
0.689822793006897,0,1
0.7322604656219482,0,1
0.7522339224815369,0,1
0.7000783085823059,0,1
0.7760775089263916,0,1
0.7949932813644409,0,1
0.6973358988761902,0,1
0.6785111427307129,0,1
0.7553722262382507,0,1
0.7207561135292053,0,1
0.7908036708831787,0,1
0.7289955615997314,0,1
0.7034056782722473,0,1
0.7264105677604675,0,1
0.7903820276260376,0,1
0.8024942874908447,0,1
0.7689884901046753,0,1
0.704367458820343,0,1
0.721240222454071,0,1
0.6975494027137756,0,1
0.699073076248169,0,1
0.737259566783905,0,1
0.7567763328552246,0,1
0.7701995372772217,0,1
0.7623388171195984,0,1
0.7254549264907837,0,1
0.7614753842353821,0,1
0.7208054661750793,0,1
0.7288476824760437,0,1
0.6977970004081726,0,1
0.7093952298164368,0,1
0.7736351490020752,0,1
0.7175008654594421,0,1
0.7230260968208313,0,1
0.6791659593582153,0,1
0.7300096154212952,0,1
0.7609472274780273,0,1
0.7287434935569763,0,1
0.6973358988761902,0,1
0.7443621754646301,0,1
0.693156361579895,0,1
0.6973358988761902,0,1
0.7032948136329651,0,1
0.7427972555160522,0,1
0.6972724199295044,0,1
0.7815340161323547,0,1
0.7718998193740845,0,1
0.6895167827606201,0,1
0.7734423875808716,0,1
0.7759637832641602,0,1
0.7157360315322876,0,1
0.7177584171295166,0,1
0.7594137787818909,0,1
0.7118352651596069,0,1
0.7563693523406982,0,1
0.7214121222496033,0,1
0.6973358988761902,0,1
0.7193676829338074,0,1
0.713505208492279,0,1
0.7733708024024963,0,1
0.7010729312896729,0,1
0.7326138019561768,0,1
0.7550004720687866,0,1
0.729904055595398,0,1
0.6810435652732849,0,1
0.713266134262085,0,1
0.7183138132095337,0,1
0.7370837926864624,0,1
0.7108867764472961,0,1
0.6964679956436157,0,1
0.7326778173446655,0,1
0.7681610584259033,0,1
0.8000543117523193,0,1
0.7106719017028809,0,1
0.7307359576225281,0,1
0.7357749342918396,0,1
0.7234485745429993,0,1
0.7585547566413879,0,1
0.7415852546691895,0,1
0.7150100469589233,0,1
0.717925488948822,0,1
0.7100427150726318,0,1
0.6499753594398499,0,1
0.7461146712303162,0,1
0.7598406672477722,0,1
0.7519443035125732,0,1
0.7666170597076416,0,1
0.8446106314659119,0,1
0.7264566421508789,0,1
0.7071492075920105,0,1
0.7684017419815063,0,1
0.7757707238197327,0,1
0.7430006265640259,0,1
0.7494375109672546,0,1
0.6976974010467529,0,1
0.6971328258514404,0,1
0.7365411520004272,0,1
0.7435327768325806,0,1
0.6992383599281311,0,1
0.6973358988761902,0,1
0.6989625692367554,0,1
0.6973358988761902,0,1
0.7388758659362793,0,1
0.7254750728607178,0,1
0.6955962181091309,0,1
0.7617723941802979,0,1
0.7167866826057434,0,1
0.8194016814231873,0,1
0.7282788157463074,0,1
0.713300347328186,0,1
0.7205983400344849,0,1
0.7021371126174927,0,1
0.7371566891670227,0,1
0.7091668248176575,0,1
0.7685062885284424,0,1
0.6982221603393555,0,1
0.7478140592575073,0,1
0.6943818926811218,0,1
0.7354966402053833,0,1
0.7507603764533997,0,1
0.7949579954147339,0,1
0.7059261798858643,0,1
0.726512610912323,0,1
0.7296581268310547,0,1
0.7688577771186829,0,1
0.6973358988761902,0,1
0.7791577577590942,0,1
0.6973358988761902,0,1
0.7269281148910522,0,1
0.6983602046966553,0,1
0.7063003778457642,0,1
0.745104968547821,0,1
0.7320138812065125,0,1
0.7780566215515137,0,1
0.7599616646766663,0,1
0.638666570186615,0,1
0.7321377992630005,0,1
0.7594374418258667,0,1
0.7033839225769043,0,1
0.6962631344795227,0,1
0.6613957285881042,0,1
0.7410562634468079,0,1
0.6973358988761902,0,1
0.6940009593963623,0,1
0.7389930486679077,0,1
0.7308830618858337,0,1
0.7019860148429871,0,1
0.8269473910331726,0,1
0.7635130882263184,0,1
0.6973358988761902,0,1
0.6973358988761902,0,1
0.7389541268348694,0,1
0.7152379155158997,0,1
0.7278310060501099,0,1
0.7497639656066895,0,1
0.788165271282196,0,1
0.6767331957817078,0,1
0.7112980484962463,0,1
0.7835953235626221,0,1
0.7544849514961243,0,1
0.6970999836921692,0,1
0.6973358988761902,0,1
0.7696017622947693,0,1
0.7565314173698425,0,1
0.6992074847221375,0,1
0.7080044746398926,0,1
0.7597782015800476,0,1
0.7158863544464111,0,1
0.6905753016471863,0,1
0.789114236831665,0,1
0.7695560455322266,0,1
0.7007787227630615,0,1
0.6881551742553711,0,1
0.7170802354812622,0,1
0.8250564932823181,0,1
0.7770488262176514,0,1
0.8002668619155884,0,1
0.7370737195014954,0,1
0.8096922039985657,0,1
0.755503237247467,0,1
0.7320860624313354,0,1
0.7595458030700684,0,1
0.6973347663879395,0,1
0.771922767162323,0,1
0.7312473654747009,0,1
0.721322238445282,0,1
0.7555601000785828,0,1
0.7038829922676086,0,1
0.7597533464431763,0,1
0.7238511443138123,0,1
0.6699957847595215,0,1
0.7575839757919312,0,1
0.7050732970237732,0,1
0.7559164762496948,0,1
0.721309244632721,0,1
0.7211270332336426,0,1
0.7455013990402222,0,1
0.6850297451019287,0,1
0.7845649719238281,0,1
0.7542017698287964,0,1
0.6973358988761902,0,1
0.7667767405509949,0,1
0.7026792764663696,0,1
0.7278517484664917,0,1
0.7482839822769165,0,1
0.7219374179840088,0,1
0.7754903435707092,0,1
0.7265903949737549,0,1
0.7124019861221313,0,1
0.7273292541503906,0,1
0.727302610874176,0,1
0.6914545297622681,0,1
0.7385848760604858,0,1
0.669466495513916,0,1
0.76226407289505,0,1
0.7273568511009216,0,1
0.7293089032173157,0,1
0.7938104271888733,0,1
0.7677727341651917,0,1
0.7511399984359741,0,1
0.6848294734954834,0,1
0.7214433550834656,0,1
0.6973358988761902,0,1
1.073891282081604,0,1
0.6861690878868103,0,1
0.7145950198173523,0,1
0.6973358988761902,0,1
0.7089986801147461,0,1
0.72113436460495,0,1
0.756218671798706,0,1
0.8297120928764343,0,1
0.7089523673057556,0,1
0.7240936756134033,0,1
0.7230920791625977,0,1
0.7388805150985718,0,1
0.7575783133506775,0,1
0.7460128664970398,0,1
0.7649604678153992,0,1
0.7323127388954163,0,1
0.7091014385223389,0,1
0.7241126894950867,0,1
0.6973358988761902,0,1
0.7236377000808716,0,1
0.7302624583244324,0,1
0.7274982929229736,0,1
0.7125641107559204,0,1
0.7203052043914795,0,1
0.7337468266487122,0,1
0.7451461553573608,0,1
0.7060234546661377,0,1
0.7240610122680664,0,1
0.738640308380127,0,1
0.6958134770393372,0,1
0.8087586760520935,0,1
0.730625331401825,0,1
0.7449727654457092,0,1
0.7208533883094788,0,1
0.6972696781158447,0,1
0.7458431124687195,0,1
0.6973358988761902,0,1
0.6973358988761902,0,1
0.7353174686431885,0,1
0.7098127007484436,0,1
0.6857841610908508,0,1
0.7234858274459839,0,1
0.7189009785652161,0,1
0.6869310736656189,0,1
0.7356398105621338,0,1
0.7309451103210449,0,1
0.7230291962623596,0,1
0.7813219428062439,0,1
0.7637320160865784,0,1
0.7069410085678101,0,1
0.764930009841919,0,1
0.7686479091644287,0,1
0.7569707036018372,0,1
0.7840645909309387,0,1
0.7194427847862244,0,1
0.6762239933013916,0,1
0.6973358988761902,0,1
0.7300400137901306,0,1
0.7095054984092712,0,1
0.7357270121574402,0,1
0.8060713410377502,0,1
0.6922067403793335,0,1
0.6973358988761902,0,1
0.6970505118370056,0,1
0.7348971962928772,0,1
0.7878786325454712,0,1
0.7454963326454163,0,1
0.7356986403465271,0,1
0.7597000598907471,0,1
0.6973358988761902,0,1
0.7067263126373291,0,1
0.7022478580474854,0,1
0.7210819721221924,0,1
0.7015895247459412,0,1
0.7787278294563293,0,1
0.6974332332611084,0,1
0.7114015221595764,0,1
0.8260260224342346,0,1
0.7168211340904236,0,1
0.7889038324356079,0,1
0.6973358988761902,0,1
0.6973358988761902,0,1
0.748948335647583,0,1
0.7444411516189575,0,1
0.7230741381645203,0,1
0.6761481761932373,0,1
0.7174826860427856,0,1
0.6957119107246399,0,1
0.7336838245391846,0,1
0.719749927520752,0,1
0.7356404662132263,0,1
0.746498703956604,0,1
0.7697625756263733,0,1
0.6970359086990356,0,1
0.7640892267227173,0,1
0.751013994216919,0,1
0.7373970746994019,0,1
0.7263144254684448,0,1
0.7014492750167847,0,1
0.7381306886672974,0,1
0.6973358988761902,0,1
0.7191783785820007,0,1
0.742449164390564,0,1
0.7069951891899109,0,1
0.827115535736084,0,1
0.6973358988761902,0,1
0.7735491394996643,0,1
0.6973358988761902,0,1
0.8053146004676819,0,1
0.7428250312805176,0,1
0.7619666457176208,0,1
0.7225443720817566,0,1
0.7394449710845947,0,1
0.7384263873100281,0,1
0.74866783618927,0,1
0.7671959400177002,0,1
0.7346351146697998,0,1
0.6651450395584106,0,1
0.8130003213882446,0,1
0.6973358988761902,0,1
0.708403468132019,0,1
0.7224143743515015,0,1
0.6953271627426147,0,1
0.6973358988761902,0,1
0.7313711047172546,0,1
0.732669472694397,0,1
0.7872034907341003,0,1
0.7148721814155579,0,1
0.7533472776412964,0,1
0.733600914478302,0,1
0.7421094179153442,0,1
0.7191546559333801,0,1
0.7170892357826233,0,1
0.7582143545150757,0,1
0.7063600420951843,0,1
0.7695192098617554,0,1
0.7800180912017822,0,1
0.7128041386604309,0,1
0.7453895807266235,0,1
0.7286167740821838,0,1
0.7752903699874878,0,1
0.7213265895843506,0,1
0.7428674101829529,0,1
0.8261054158210754,0,1
0.7759578824043274,0,1
0.7361741065979004,0,1
0.7401344776153564,0,1
0.7352081537246704,0,1
0.7511268854141235,0,1
0.7508691549301147,0,1
0.7259407043457031,0,1
0.7505712509155273,0,1
0.7049946784973145,0,1
0.6752813458442688,0,1
0.6963174343109131,0,1
0.7047832608222961,0,1
0.780872642993927,0,1
0.697806179523468,0,1
0.7057279348373413,0,1
0.741678774356842,0,1
0.73409104347229,0,1
0.7499515414237976,0,1
0.6991244554519653,0,1
0.7249771356582642,0,1
0.7087870836257935,0,1
0.711595356464386,0,1
0.7359436750411987,0,1
0.7313234806060791,0,1
0.6973358988761902,0,1
0.6895310878753662,0,1
0.6601636409759521,0,1
0.7381322979927063,0,1
0.7581807374954224,0,1
0.7310435771942139,0,1
0.771386981010437,0,1
0.709589958190918,0,1
0.7272902727127075,0,1
0.7420594692230225,0,1
0.6586421132087708,0,1
0.7071437835693359,0,1
0.7374023199081421,0,1
0.7333364486694336,0,1
0.7843989133834839,0,1
0.7042216658592224,0,1
0.7041937708854675,0,1
0.7092322707176208,0,1
0.7718822360038757,0,1
0.7446550130844116,0,1
0.7189069390296936,0,1
0.7260854840278625,0,1
0.8085202574729919,0,1
0.749423623085022,0,1
0.7331961393356323,0,1
0.7536170482635498,0,1
0.7217925190925598,0,1
0.7485784292221069,0,1
0.7418896555900574,0,1
0.7425410151481628,0,1
0.7770986557006836,0,1
0.6973358988761902,0,1
0.7208482027053833,0,1
0.6973358988761902,0,1
0.8135124444961548,0,1
0.7391766309738159,0,1
0.8119335770606995,0,1
0.7248193621635437,0,1
0.7659868001937866,0,1
0.7856118083000183,0,1
0.7036719918251038,0,1
0.7187718152999878,0,1
0.738593339920044,0,1
0.669999361038208,0,1
0.7590544819831848,0,1
0.7367460131645203,0,1
0.7304611206054688,0,1
0.6800858378410339,0,1
0.7743080854415894,0,1
0.6936333775520325,0,1
0.6973358988761902,0,1
0.7302162051200867,0,1
0.7178165912628174,0,1
0.7738717794418335,0,1
0.741682767868042,0,1
0.7002578973770142,0,1
0.6798004508018494,0,1
0.6979904174804688,0,1
0.6974489092826843,0,1
0.7060073614120483,0,1
0.7356315851211548,0,1
0.6820228099822998,0,1
0.7451076507568359,0,1
0.6973358988761902,0,1
0.7722928524017334,0,1
0.725821852684021,0,1
0.6973354816436768,0,1
0.7370577454566956,0,1
0.7013057470321655,0,1
0.7208662033081055,0,1
0.6995273232460022,0,1
0.7187618017196655,0,1
0.6860290765762329,0,1
0.7299845814704895,0,1
0.6608284115791321,0,1
0.8621147274971008,0,1
0.804632842540741,0,1
0.6465022563934326,0,1
0.7364253997802734,0,1
0.6977512836456299,0,1
0.7167007923126221,0,1
0.6973358988761902,0,1
0.7575751543045044,0,1
0.7476168274879456,0,1
0.7356224060058594,0,1
0.6920624375343323,0,1
0.7188233733177185,0,1
0.67666095495224,0,1
0.6973358988761902,0,1
0.6890761256217957,0,1
0.7201403379440308,0,1
0.8123353719711304,0,1
0.8069635629653931,0,1
0.7206903696060181,0,1
0.754856288433075,0,1
0.7130257487297058,0,1
0.6303706765174866,0,1
0.7271304130554199,0,1
0.7135689854621887,0,1
0.7040632367134094,0,1
0.7737207412719727,0,1
0.687388002872467,0,1
0.6915456652641296,0,1
0.7607597708702087,0,1
0.7808949947357178,0,1
0.7205899953842163,0,1
0.749354362487793,0,1
0.6973358988761902,0,1
0.7340916991233826,0,1
0.6942519545555115,0,1
0.7259737849235535,0,1
0.7223313450813293,0,1
0.7215355634689331,0,1
0.742767333984375,0,1
0.7351301908493042,0,1
0.6938018798828125,0,1
0.6973358988761902,0,1
0.7771909236907959,0,1
0.703179657459259,0,1
0.735196053981781,0,1
0.7479782700538635,0,1
0.7174822092056274,0,1
0.7356808185577393,0,1
0.7135292887687683,0,1
0.7064251899719238,0,1
0.712451696395874,0,1
0.7293985486030579,0,1
0.6973358988761902,0,1
0.7882246375083923,0,1
0.7458259463310242,0,1
0.725375771522522,0,1
0.6606718897819519,0,1
0.7157158255577087,0,1
0.7744858860969543,0,1
0.7156964540481567,0,1
0.7908303737640381,0,1
0.6867311596870422,0,1
0.8056122064590454,0,1
0.7365826368331909,0,1
0.7829974889755249,0,1
0.7685590386390686,0,1
0.7369281649589539,0,1
0.7350972890853882,0,1
0.703691303730011,0,1
0.7261858582496643,0,1
0.6905918121337891,0,1
0.747737467288971,0,1
0.7027803659439087,0,1
0.7262663245201111,0,1
0.7369848489761353,0,1
0.7822883129119873,0,1
0.6973358988761902,0,1
0.6973358988761902,0,1
0.7037001252174377,0,1
0.7103192210197449,0,1
0.7754438519477844,0,1
0.7045297026634216,0,1
0.7105275988578796,0,1
0.6973358988761902,0,1
0.7123284339904785,0,1
0.6800991296768188,0,1
0.738081157207489,0,1
0.7088454365730286,0,1
0.7465004324913025,0,1
0.7371955513954163,0,1
0.744591236114502,0,1
0.7143311500549316,0,1
0.6841763257980347,0,1
0.7194666862487793,0,1
0.7375049591064453,0,1
0.7544502019882202,0,1
0.6925222873687744,0,1
0.7875047922134399,0,1
0.7449058294296265,0,1
0.8036157488822937,0,1
0.7925955057144165,0,1
0.7584851384162903,0,1
0.7047395706176758,0,1
0.740677535533905,0,1
0.7151948809623718,0,1
0.7511140704154968,0,1
0.7126250863075256,0,1
0.7972933053970337,0,1
0.6973358988761902,0,1
0.7211461067199707,0,1
0.7562634348869324,0,1
0.6857279539108276,0,1
0.7316012382507324,0,1
0.7483457326889038,0,1
0.7174371480941772,0,1
0.713678777217865,0,1
0.7301677465438843,0,1
0.6661794185638428,0,1
0.782004177570343,0,1
0.7815256118774414,0,1
0.7652343511581421,0,1
0.6943398118019104,0,1
0.7225515246391296,0,1
0.6734532713890076,0,1
0.7113314270973206,0,1
0.7875863313674927,0,1
0.75126051902771,0,1
0.7662197947502136,0,1
0.6727324724197388,0,1
0.6973358988761902,0,1
0.6973358988761902,0,1
0.7893437743186951,0,1
0.7343144416809082,0,1
0.7188576459884644,0,1
0.8409149646759033,0,1
0.6973358988761902,0,1
0.74771648645401,0,1
0.7123578190803528,0,1
0.7436124086380005,0,1
0.7041089534759521,0,1
0.7591709494590759,0,1
0.6880688667297363,0,1
0.7094438672065735,0,1
0.704366147518158,0,1
0.6973358988761902,0,1
0.7852892279624939,0,1
0.7308779358863831,0,1
0.708342432975769,0,1
0.6973358988761902,0,1
0.6782640218734741,0,1
0.7438393235206604,0,1
0.8014549016952515,0,1
0.7250845432281494,0,1
0.709505021572113,0,1
0.7240716814994812,0,1
0.7596323490142822,0,1
0.7512778639793396,0,1
0.6973358988761902,0,1
0.673985481262207,0,1
0.6973358988761902,0,1
0.7390819191932678,0,1
0.706977903842926,0,1
0.7322320342063904,0,1
0.770280122756958,0,1
0.7109076380729675,0,1
0.7560234665870667,0,1
0.7091501951217651,0,1
0.8128499984741211,0,1
0.772906482219696,0,1
0.6903461813926697,0,1
0.6999109387397766,0,1
0.6973358988761902,0,1
0.7470934987068176,0,1
0.7301037907600403,0,1
0.7600919008255005,0,1
0.7402327060699463,0,1
0.7223232984542847,0,1
0.6778353452682495,0,1
0.6973358988761902,0,1
0.7730437517166138,0,1
0.7279162406921387,0,1
0.7155402302742004,0,1
0.722015380859375,0,1
0.7508740425109863,0,1
0.819206714630127,0,1
0.7324477434158325,0,1
0.7805181741714478,0,1
0.6973358988761902,0,1
0.7452476620674133,0,1
0.7498874068260193,0,1
0.7122833132743835,0,1
0.7719101905822754,0,1
0.6930029392242432,0,1
0.7701900601387024,0,1
0.7530534267425537,0,1
0.7367033958435059,0,1
0.7082381248474121,0,1
0.6939540505409241,0,1
0.713884174823761,0,1
0.6943985819816589,0,1
0.6865611672401428,0,1
0.7162123322486877,0,1
0.7340404391288757,0,1
0.7645423412322998,0,1
0.7159423232078552,0,1
0.6903338432312012,0,1
0.7204525470733643,0,1
0.7249314785003662,0,1
0.7735875844955444,0,1
0.6973358988761902,0,1
0.7023525834083557,0,1
0.6973358988761902,0,1
0.7236820459365845,0,1
0.7512666583061218,0,1
0.6961466073989868,0,1
0.7415285706520081,0,1
0.7221128940582275,0,1
0.7175090312957764,0,1
0.6973358988761902,0,1
0.7334749698638916,0,1
0.6973358988761902,0,1
0.6928836107254028,0,1
0.7750750184059143,0,1
0.736672580242157,0,1
0.7409539818763733,0,1
0.8426737785339355,0,1
0.7475916743278503,0,1
0.6973358988761902,0,1
0.7135513424873352,0,1
0.749421238899231,0,1
0.6973318457603455,0,1
0.7349289655685425,0,1
0.7340601086616516,0,1
0.6854163408279419,0,1
0.7412338852882385,0,1
0.7665243744850159,0,1
0.6959370374679565,0,1
0.6876656413078308,0,1
0.6856187582015991,0,1
0.7027468085289001,0,1
0.805511474609375,0,1
0.6973457336425781,0,1
0.7690456509590149,0,1
0.719871461391449,0,1
0.7869524955749512,0,1
0.7858373522758484,0,1
0.7239309549331665,0,1
0.670650064945221,0,1
0.705997109413147,0,1
0.717100203037262,0,1
0.7391738891601562,0,1
0.6684654355049133,0,1
0.7468768358230591,0,1
0.7508115768432617,0,1
0.6973358988761902,0,1
0.7214111685752869,0,1
0.7498522996902466,0,1
0.6973358988761902,0,1
0.6875433921813965,0,1
0.6973358988761902,0,1
0.7496129274368286,0,1
0.7734994292259216,0,1
0.7525697946548462,0,1
0.7616121768951416,0,1
0.6977449655532837,0,1
0.7732880115509033,0,1
0.7039505839347839,0,1
0.7183747887611389,0,1
0.7265558242797852,0,1
0.7403954863548279,0,1
0.7263429760932922,0,1
0.6973358988761902,0,1
0.7263810038566589,0,1
0.6973358988761902,0,1
0.6986910104751587,0,1
0.7494938969612122,0,1
0.6868298649787903,0,1
0.6973358988761902,0,1
0.7998605966567993,0,1
0.6973358988761902,0,1
0.7734763026237488,0,1
0.6804074645042419,0,1
0.7285231351852417,0,1
0.7315962910652161,0,1
0.8369413018226624,0,1
0.7236805558204651,0,1
0.6371837854385376,0,1
0.739297091960907,0,1
0.7249130010604858,0,1
0.6831459999084473,0,1
0.7889065146446228,0,1
0.7566093802452087,0,1
0.8220922946929932,0,1
0.7635787725448608,0,1
0.6447106599807739,0,1
0.7478318214416504,0,1
0.7621986269950867,0,1
0.670963704586029,0,1
0.7491586208343506,0,1
0.7134605050086975,0,1
0.6934903264045715,0,1
0.7264050841331482,0,1
0.7650412321090698,0,1
0.749521017074585,0,1
0.7767894864082336,0,1
0.7443810105323792,0,1
0.809463620185852,0,1
0.721809446811676,0,1
0.7728742361068726,0,1
0.7130401730537415,0,1
0.7288451790809631,0,1
0.7525482177734375,0,1
0.7564343810081482,0,1
0.7150039672851562,0,1
0.6829512715339661,0,1
0.748153567314148,0,1
0.7846981883049011,0,1
0.6946004033088684,0,1
0.7763732671737671,0,1
0.7285928130149841,0,1
0.749046266078949,0,1
0.7653894424438477,0,1
0.7293937802314758,0,1
0.715262770652771,0,1
0.7102321982383728,0,1
0.7110835313796997,0,1
0.6949728727340698,0,1
0.7251719236373901,0,1
0.7330660820007324,0,1
0.7360960245132446,0,1
0.7493430376052856,0,1
0.6944783329963684,0,1
0.7642315030097961,0,1
0.6973358988761902,0,1
0.6885324716567993,0,1
0.732585072517395,0,1
0.6735230684280396,0,1
0.7065507173538208,0,1
0.7140684723854065,0,1
0.77784264087677,0,1
0.7053813934326172,0,1
0.6986504793167114,0,1
0.7463693022727966,0,1
0.7262364625930786,0,1
0.7387023568153381,0,1
0.73842853307724,0,1
0.6687250137329102,0,1
0.7315520644187927,0,1
0.7112099528312683,0,1
0.7993653416633606,0,1
0.7362454533576965,0,1
0.7064511775970459,0,1
0.7160975337028503,0,1
0.6973358988761902,0,1
0.7557805776596069,0,1
0.7991609573364258,0,1
0.6758728623390198,0,1
0.6973358988761902,0,1
0.7427389621734619,0,1
0.7851261496543884,0,1
0.6972953081130981,0,1
0.6872115731239319,0,1
0.7323080897331238,0,1
0.710431694984436,0,1
0.8025450706481934,0,1
0.6969213485717773,0,1
0.7670044302940369,0,1
0.7149571180343628,0,1
0.7228432893753052,0,1
0.7327811121940613,0,1
0.7076369524002075,0,1
0.7413914203643799,0,1
0.7184863090515137,0,1
0.7159301042556763,0,1
0.6973358988761902,0,1
0.7322059273719788,0,1
0.787940502166748,0,1
0.7159663438796997,0,1
0.7134363651275635,0,1
0.6860950589179993,0,1
0.7232412695884705,0,1
0.7536849975585938,0,1
0.8122721314430237,0,1
0.7484188079833984,0,1
0.6980577707290649,0,1
0.7458799481391907,0,1
0.6838927268981934,0,1
0.6684367656707764,0,1
0.7757781744003296,0,1
0.7297101020812988,0,1
0.7456851601600647,0,1
0.6973358988761902,0,1
0.7209116816520691,0,1
0.7011687159538269,0,1
0.684043288230896,0,1
0.7370641231536865,0,1
0.7477759122848511,0,1
0.6830000877380371,0,1
0.688551664352417,0,1
0.7161998748779297,0,1
0.7193036079406738,0,1
0.7402015328407288,0,1
0.7478482723236084,0,1
0.7710049748420715,0,1
0.6879791617393494,0,1
0.7859293222427368,0,1
0.792072594165802,0,1
0.7741075158119202,0,1
0.7423691749572754,0,1
0.6998680830001831,0,1
0.7009514570236206,0,1
0.7477322816848755,0,1
0.6973358988761902,0,1
0.7876057624816895,0,1
0.7372188568115234,0,1
0.7118167877197266,0,1
0.6973358988761902,0,1
0.7491964101791382,0,1
0.7189301252365112,0,1
0.6973358988761902,0,1
0.7245636582374573,0,1
0.6995409727096558,0,1
0.6866255402565002,0,1
0.7575380802154541,0,1
0.6973358988761902,0,1
0.7022366523742676,0,1
0.7873765826225281,0,1
0.6973358988761902,0,1
0.7540217638015747,0,1
0.7674152851104736,0,1
0.6973358988761902,0,1
0.7342033386230469,0,1
0.7414249181747437,0,1
0.8174805045127869,0,1
0.6973358988761902,0,1
0.6521660089492798,0,1
0.7480818033218384,0,1
0.711760401725769,0,1
0.6973358988761902,0,1
0.7427764534950256,0,1
0.7310682535171509,0,1
0.7393487691879272,0,1
0.7494037747383118,0,1
0.7671481966972351,0,1
0.7487438917160034,0,1
0.7510494589805603,0,1
0.7258859872817993,0,1
0.8423049449920654,0,1
0.7230963706970215,0,1
0.7384362816810608,0,1
0.6870458722114563,0,1
0.6973358988761902,0,1
0.6973358988761902,0,1
0.737281084060669,0,1
0.7007842063903809,0,1
0.7606719732284546,0,1
0.675933301448822,0,1
0.6973358988761902,0,1
0.6910926699638367,0,1
0.6973358988761902,0,1
0.740666389465332,0,1
0.7104166150093079,0,1
0.6973358988761902,0,1
0.796751856803894,0,1
0.7561098337173462,0,1
0.7060006856918335,0,1
0.7368122935295105,0,1
0.6973358988761902,0,1
0.7555404305458069,0,1
0.6980747580528259,0,1
0.6979944109916687,0,1
0.7045691013336182,0,1
0.6841538548469543,0,1
0.7250346541404724,0,1
0.7547388076782227,0,1
0.7911009192466736,0,1
0.7789887189865112,0,1
0.7377268075942993,0,1
0.7410111427307129,0,1
0.6969444751739502,0,1
0.7330479025840759,0,1
0.7685063481330872,0,1
0.7830178737640381,0,1
0.7299177050590515,0,1
0.6973358988761902,0,1
0.711959719657898,0,1
0.6973358988761902,0,1
0.7464540600776672,0,1
0.7715178728103638,0,1
0.7446703910827637,0,1
0.7729578614234924,0,1
0.7009084224700928,0,1
0.6973358988761902,0,1
0.6960306763648987,0,1
0.6973358988761902,0,1
0.7580138444900513,0,1
0.6973358988761902,0,1
0.7466474175453186,0,1
0.7326227426528931,0,1
0.8021358847618103,0,1
0.7248744368553162,0,1
0.70304936170578,0,1
0.664134681224823,0,1
0.795192301273346,0,1
0.768363356590271,0,1
0.7609216570854187,0,1
0.7316824793815613,0,1
0.8027287125587463,0,1
0.730366587638855,0,1
0.7108231782913208,0,1
0.7701319456100464,0,1
0.6973358988761902,0,1
0.7067985534667969,0,1
0.734042227268219,0,1
0.7229617834091187,0,1
0.754729151725769,0,1
0.7088978290557861,0,1
0.7521085739135742,0,1
0.7246605753898621,0,1
0.6873675584793091,0,1
0.709040105342865,0,1
0.7709366679191589,0,1
0.7047072649002075,0,1
0.7187235355377197,0,1
0.8232793807983398,0,1
0.700606644153595,0,1
0.8010463714599609,0,1
0.7366398572921753,0,1
0.6872833371162415,0,1
0.7069406509399414,0,1
0.7383014559745789,0,1
0.6973358988761902,0,1
0.7203081846237183,0,1
0.6962940692901611,0,1
0.770200252532959,0,1
0.7057228684425354,0,1
0.741641104221344,0,1
0.7681046724319458,0,1
0.7346731424331665,0,1
0.7913564443588257,0,1
0.7525035738945007,0,1
0.7066529989242554,0,1
0.6468428373336792,0,1
0.7215359807014465,0,1
0.7220868468284607,0,1
0.7300476431846619,0,1
0.7242714166641235,0,1
0.696861982345581,0,1
0.7232568860054016,0,1
0.7367339134216309,0,1
0.7477877140045166,0,1
0.7118018269538879,0,1
0.6658334136009216,0,1
0.7300366163253784,0,1
0.7032766342163086,0,1
0.735447883605957,0,1
0.6973358988761902,0,1
0.6973358988761902,0,1
0.706165075302124,0,1
0.7429301142692566,0,1
0.7907291054725647,0,1
0.676799476146698,0,1
0.7297919392585754,0,1
0.7463636994361877,0,1
0.7977250218391418,0,1
0.7106925249099731,0,1
0.7111166715621948,0,1
0.7046257853507996,0,1
0.7256582379341125,0,1
0.6890666484832764,0,1
0.692209780216217,0,1
0.7107022404670715,0,1
0.7652820944786072,0,1
0.7811790108680725,0,1
0.7416123151779175,0,1
0.6973358988761902,0,1
0.7535828948020935,0,1
0.6950352787971497,0,1
0.7078076601028442,0,1
0.7039921283721924,0,1
0.71555495262146,0,1
0.7549556493759155,0,1
0.7768591642379761,0,1
0.6973358988761902,0,1
0.7774825096130371,0,1
0.7127795815467834,0,1
0.6912620663642883,0,1
0.7631198167800903,0,1
0.6987905502319336,0,1
0.7353706359863281,0,1
0.7631123065948486,0,1
0.7877065539360046,0,1
0.7257522344589233,0,1
0.7087933421134949,0,1
0.7778080701828003,0,1
0.7761265635490417,0,1
0.7692021131515503,0,1
0.6897684931755066,0,1
0.6973358988761902,0,1
0.729424238204956,0,1
0.7336683869361877,0,1
0.7135648727416992,0,1
0.7339465618133545,0,1
0.7518186569213867,0,1
0.7406154870986938,0,1
0.6982288360595703,0,1
0.7215490341186523,0,1
0.7506539821624756,0,1
0.7350767850875854,0,1
0.7468217015266418,0,1
0.7329528331756592,0,1
0.7042896151542664,0,1
0.7333720922470093,0,1
0.7609055638313293,0,1
0.748573899269104,0,1
0.711422860622406,0,1
0.7141373753547668,0,1
0.6999635696411133,0,1
0.7489499449729919,0,1
0.6979051828384399,0,1
0.7733380198478699,0,1
0.8448114395141602,0,1
0.760532557964325,0,1
0.694697380065918,0,1
0.7998775243759155,0,1
0.7606042623519897,0,1
0.7465755939483643,0,1
0.6848288774490356,0,1
0.6973358988761902,0,1
0.727496862411499,0,1
0.7741605639457703,0,1
0.7837889194488525,0,1
0.6780229806900024,0,1
0.7443007230758667,0,1
0.7206223011016846,0,1
0.7463580369949341,0,1
0.6972118020057678,0,1
0.7853143215179443,0,1
0.6973358988761902,0,1
0.7562137246131897,0,1
0.7722374796867371,0,1
0.744804859161377,0,1
0.6973358988761902,0,1
0.6973358988761902,0,1
0.7347034811973572,0,1
0.7019042372703552,0,1
0.6877797842025757,0,1
0.6681569814682007,0,1
0.7011878490447998,0,1
0.753922164440155,0,1
0.7484310865402222,0,1
0.7646234035491943,0,1
0.6973358988761902,0,1
0.697394609451294,0,1
0.7325427532196045,0,1
0.7504163980484009,0,1
0.6745452880859375,0,1
0.8045348525047302,0,1
0.8145462274551392,0,1
0.7712013721466064,0,1
0.7009966969490051,0,1
0.7131598591804504,0,1
0.718368649482727,0,1
0.7132282257080078,0,1
0.7649344205856323,0,1
0.6899891495704651,0,1
0.7205509543418884,0,1
0.7760587334632874,0,1
0.7135108113288879,0,1
0.768013060092926,0,1
0.6944446563720703,0,1
0.7346020340919495,0,1
0.6945165991783142,0,1
0.7052022814750671,0,1
0.7130765318870544,0,1
0.7060009837150574,0,1
0.6973358988761902,0,1
0.7695157527923584,0,1
0.6973358988761902,0,1
0.7134068608283997,0,1
0.6973358988761902,0,1
0.6929828524589539,0,1
0.7651491761207581,0,1
